{"type":"FeatureCollection","name":"mudeungsan-osm-trails","features":[{"type":"Feature","properties":{"slot":"mudeungsan_osm_hiking_path","source":"openStreetMap","sourceType":"hiking_paths","name":"의재로109번길","sourceIndex":"44"},"geometry":{"type":"LineString","coordinates":[[126.9418716,35.139375],[126.9419038,35.1393443],[126.941877,35.1391338],[126.9418153,35.1389736],[126.941767,35.138842],[126.9410777,35.1383057],[126.9408484,35.1381522],[126.9407505,35.1380338],[126.9407076,35.1378363],[126.9406539,35.1377585],[126.940482,35.1376129],[126.9404257,35.1375474],[126.9402886,35.1374605],[126.9401552,35.1371838],[126.9399889,35.1369802]]}},{"type":"Feature","properties":{"slot":"mudeungsan_osm_hiking_path","source":"openStreetMap","sourceType":"hiking_paths","name":"","sourceIndex":"45"},"geometry":{"type":"LineString","coordinates":[[126.9331558,35.1424293],[126.9333907,35.1421311],[126.9334353,35.1420172],[126.9336283,35.1415046],[126.9334403,35.1414851],[126.9328735,35.1414361],[126.9328589,35.14144],[126.932848,35.1414516],[126.9328186,35.1416773]]}},{"type":"Feature","properties":{"slot":"mudeungsan_osm_hiking_path","source":"openStreetMap","sourceType":"hiking_paths","name":"","sourceIndex":"99"},"geometry":{"type":"LineString","coordinates":[[126.9343927,35.1502902],[126.9346753,35.1501467],[126.9346965,35.1500946],[126.935061,35.1500656]]}},{"type":"Feature","properties":{"slot":"mudeungsan_osm_hiking_path","source":"openStreetMap","sourceType":"hiking_paths","name":"","sourceIndex":"100"},"geometry":{"type":"LineString","coordinates":[[126.9346965,35.1500946],[126.9345945,35.1500263],[126.9345811,35.1499419]]}},{"type":"Feature","properties":{"slot":"mudeungsan_osm_hiking_path","source":"openStreetMap","sourceType":"hiking_paths","name":"","sourceIndex":"102"},"geometry":{"type":"LineString","coordinates":[[126.933114,35.1424917],[126.9331829,35.1425016],[126.933245,35.1425105]]}},{"type":"Feature","properties":{"slot":"mudeungsan_osm_hiking_path","source":"openStreetMap","sourceType":"hiking_paths","name":"","sourceIndex":"162"},"geometry":{"type":"LineString","coordinates":[[126.934728,35.1510135],[126.9347198,35.1508614],[126.9347107,35.1506948],[126.9346979,35.1504606]]}},{"type":"Feature","properties":{"slot":"mudeungsan_osm_hiking_path","source":"openStreetMap","sourceType":"hiking_paths","name":"인도","sourceIndex":"163"},"geometry":{"type":"LineString","coordinates":[[126.9354226,35.1513558],[126.9353516,35.1513573],[126.9340426,35.1513841]]}},{"type":"Feature","properties":{"slot":"mudeungsan_osm_hiking_path","source":"openStreetMap","sourceType":"hiking_paths","name":"","sourceIndex":"164"},"geometry":{"type":"LineString","coordinates":[[126.9340426,35.1513841],[126.9340248,35.1504766]]}},{"type":"Feature","properties":{"slot":"mudeungsan_osm_hiking_path","source":"openStreetMap","sourceType":"hiking_paths","name":"학소로62번길","sourceIndex":"196"},"geometry":{"type":"LineString","coordinates":[[126.9363703,35.1253987],[126.9364583,35.1257919]]}},{"type":"Feature","properties":{"slot":"mudeungsan_osm_hiking_path","source":"openStreetMap","sourceType":"hiking_paths","name":"","sourceIndex":"197"},"geometry":{"type":"LineString","coordinates":[[126.9301019,35.1442889],[126.9300547,35.1441852],[126.9300377,35.1441094],[126.9300337,35.1440647],[126.9300287,35.1440191],[126.9300534,35.1439364],[126.9301148,35.1438553],[126.9301889,35.1437845],[126.9302549,35.1437242],[126.9303201,35.1436929],[126.9303856,35.1436838],[126.9303948,35.1435468]]}},{"type":"Feature","properties":{"slot":"mudeungsan_osm_hiking_path","source":"openStreetMap","sourceType":"hiking_paths","name":"학소로","sourceIndex":"203"},"geometry":{"type":"LineString","coordinates":[[126.9347262,35.12513],[126.9348474,35.1252303],[126.9348905,35.1252299],[126.9349999,35.1251572],[126.9353733,35.1249188],[126.9357579,35.1246776]]}},{"type":"Feature","properties":{"slot":"mudeungsan_osm_hiking_path","source":"openStreetMap","sourceType":"hiking_paths","name":"학소로","sourceIndex":"204"},"geometry":{"type":"LineString","coordinates":[[126.9344458,35.1258013],[126.9347855,35.125999]]}},{"type":"Feature","properties":{"slot":"mudeungsan_osm_hiking_path","source":"openStreetMap","sourceType":"hiking_paths","name":"학소로62번길","sourceIndex":"205"},"geometry":{"type":"LineString","coordinates":[[126.9351759,35.1260538],[126.9348477,35.1258523]]}},{"type":"Feature","properties":{"slot":"mudeungsan_osm_hiking_path","source":"openStreetMap","sourceType":"hiking_paths","name":"학소로62번길","sourceIndex":"206"},"geometry":{"type":"LineString","coordinates":[[126.9352366,35.1259178],[126.9349143,35.1257054]]}},{"type":"Feature","properties":{"slot":"mudeungsan_osm_hiking_path","source":"openStreetMap","sourceType":"hiking_paths","name":"남문로","sourceIndex":"207"},"geometry":{"type":"LineString","coordinates":[[126.9314926,35.1260445],[126.9318969,35.1261324]]}},{"type":"Feature","properties":{"slot":"mudeungsan_osm_hiking_path","source":"openStreetMap","sourceType":"hiking_paths","name":"지원로5번길","sourceIndex":"208"},"geometry":{"type":"LineString","coordinates":[[126.9316761,35.1266586],[126.9317788,35.1265646],[126.9319264,35.1264922],[126.9320256,35.1263738],[126.9322333,35.1262343]]}},{"type":"Feature","properties":{"slot":"mudeungsan_osm_hiking_path","source":"openStreetMap","sourceType":"hiking_paths","name":"","sourceIndex":"312"},"geometry":{"type":"LineString","coordinates":[[126.934246,35.1404383],[126.9341982,35.1404806],[126.9341882,35.140735],[126.9342197,35.1408189]]}},{"type":"Feature","properties":{"slot":"mudeungsan_osm_hiking_path","source":"openStreetMap","sourceType":"hiking_paths","name":"","sourceIndex":"313"},"geometry":{"type":"LineString","coordinates":[[126.934195,35.1403638],[126.9341982,35.1404806],[126.9341219,35.1405382],[126.9339234,35.1406982],[126.9338773,35.1407284],[126.9336283,35.1415046]]}},{"type":"Feature","properties":{"slot":"mudeungsan_osm_hiking_path","source":"openStreetMap","sourceType":"hiking_paths","name":"","sourceIndex":"315"},"geometry":{"type":"LineString","coordinates":[[126.9347496,35.1699146],[126.9347504,35.1686714],[126.934232,35.1686301]]}},{"type":"Feature","properties":{"slot":"mudeungsan_osm_hiking_path","source":"openStreetMap","sourceType":"hiking_paths","name":"","sourceIndex":"442"},"geometry":{"type":"LineString","coordinates":[[126.9303771,35.1421128],[126.9311839,35.1421771],[126.9311974,35.1421782]]}},{"type":"Feature","properties":{"slot":"mudeungsan_osm_hiking_path","source":"openStreetMap","sourceType":"hiking_paths","name":"","sourceIndex":"450"},"geometry":{"type":"LineString","coordinates":[[126.9302409,35.1431178],[126.9301343,35.1430555],[126.9299626,35.1432046],[126.9298607,35.1433417],[126.9299499,35.1433642],[126.9300121,35.1433719],[126.930387,35.1434106],[126.9306462,35.1434361],[126.9309202,35.1434467],[126.9310751,35.1434201],[126.9313695,35.1434064],[126.9314801,35.1433839],[126.9315357,35.1432912],[126.931657,35.1423135],[126.931662,35.1422735],[126.9316699,35.1422099],[126.931749,35.1415508]]}},{"type":"Feature","properties":{"slot":"mudeungsan_osm_hiking_path","source":"openStreetMap","sourceType":"hiking_paths","name":"","sourceIndex":"466"},"geometry":{"type":"LineString","coordinates":[[126.9302297,35.1285803],[126.930057,35.128535],[126.9299584,35.128522],[126.9295099,35.1284638]]}},{"type":"Feature","properties":{"slot":"mudeungsan_osm_hiking_path","source":"openStreetMap","sourceType":"hiking_paths","name":"원효사 - 증심사 등산로","sourceIndex":"783"},"geometry":{"type":"LineString","coordinates":[[126.9838254,35.141647],[126.983701,35.1415628],[126.9833893,35.1416379],[126.9833662,35.1416435],[126.9830272,35.1417277],[126.9822032,35.141633],[126.9821689,35.1413347],[126.9822603,35.1411604],[126.9820123,35.1410688],[126.9820487,35.1408328],[126.9821947,35.1405556],[126.9822204,35.1398221],[126.982199,35.1393975],[126.9821389,35.1391202],[126.9820101,35.1388816],[126.9816239,35.1385693],[126.9814908,35.1385166],[126.9814136,35.1383762],[126.9813535,35.1383061],[126.9811861,35.1382534],[126.9809244,35.1381095],[126.9807699,35.137899],[126.9801819,35.1375375],[126.9804137,35.1373901],[126.9806454,35.1372427],[126.9810789,35.1370883],[126.9812891,35.1370883],[126.9815724,35.137004],[126.9818728,35.1368601],[126.9819243,35.136639],[126.9820402,35.1362144],[126.982156,35.1361126],[126.9821517,35.1359828],[126.9824264,35.1356915],[126.9827526,35.1354739],[126.9830315,35.1360038],[126.9832289,35.136274],[126.9833705,35.1363618],[126.9834306,35.1363372],[126.9836709,35.1360214],[126.9838469,35.1355125],[126.984113,35.1352633],[126.9842761,35.1351791],[126.9844906,35.1349544],[126.9849541,35.1345298],[126.9852403,35.1341272],[126.9854444,35.133366],[126.9855249,35.132982],[126.9856673,35.1327833],[126.9855721,35.1327574],[126.9853937,35.1327625],[126.9852706,35.1326441],[126.9852245,35.1326416],[126.9850447,35.1324853],[126.9849234,35.1324423],[126.9848781,35.1323489],[126.9847953,35.1322836],[126.9846874,35.1322283],[126.9845979,35.1322134],[126.9845573,35.1322217],[126.9844982,35.1322048],[126.9844856,35.132127],[126.9845455,35.132102],[126.9845562,35.1320442],[126.9845372,35.1318635],[126.9844718,35.1318265],[126.9843911,35.1312957],[126.9843433,35.1312107],[126.9842585,35.131141],[126.9839939,35.1311891],[126.983696,35.1309122],[126.9835399,35.1308727],[126.9834375,35.1308845],[126.9833595,35.1308597],[126.9833232,35.130637],[126.983228,35.1305272],[126.9830638,35.1304953],[126.9829915,35.130362],[126.9828135,35.1303169],[126.9825079,35.1301461],[126.9822702,35.130107],[126.9820578,35.1302105],[126.9818292,35.1302276],[126.9813672,35.1303888],[126.9813394,35.1304487],[126.9811812,35.130492],[126.9811124,35.1305352],[126.9806565,35.130621],[126.9805008,35.1306226],[126.9804264,35.1305909],[126.9803493,35.1305849],[126.9799751,35.1307195],[126.9797215,35.1307535],[126.9795811,35.1308165],[126.9790534,35.1309242],[126.9788726,35.1309045],[126.9784228,35.1309601],[126.9781464,35.1311083],[126.97806,35.131032],[126.9777718,35.131086],[126.9776585,35.1309113],[126.9770362,35.1310306],[126.9766929,35.1311499],[126.9765687,35.1312152],[126.9763024,35.131149],[126.9760427,35.1311921],[126.9755924,35.1309827],[126.9752939,35.1309183],[126.9747252,35.1308674],[126.9739335,35.1310376],[126.973629,35.1309783],[126.9732881,35.1309753],[126.9728729,35.1307305],[126.9726219,35.130616],[126.9723708,35.130566],[126.9718349,35.1305989],[126.9717112,35.1306207],[126.9715691,35.1306558],[126.9712502,35.1307968],[126.9705426,35.1308687],[126.9700561,35.1309003],[126.9697374,35.1308727],[126.969459,35.130763],[126.9692489,35.1307019],[126.9690558,35.1307041],[126.9688238,35.1307762],[126.968524,35.130885],[126.9683588,35.1309709],[126.9678233,35.1313154],[126.9675305,35.1314448],[126.9671032,35.1315508],[126.9666851,35.1315816],[126.9662816,35.1315746],[126.965977,35.1314483],[126.9656508,35.1314518],[126.9654448,35.131436],[126.9650071,35.1314026],[126.9648139,35.1313675],[126.9647026,35.1313929],[126.9646981,35.1314518],[126.9645865,35.1315009],[126.9644449,35.1315079],[126.9643419,35.1315606],[126.9642239,35.1316282],[126.964116,35.1315566],[126.9639518,35.1315049],[126.9636031,35.1314759],[126.9632912,35.1314492]]}},{"type":"Feature","properties":{"slot":"mudeungsan_osm_hiking_path","source":"openStreetMap","sourceType":"hiking_paths","name":"","sourceIndex":"786"},"geometry":{"type":"LineString","coordinates":[[126.9398531,35.1330187],[126.9398473,35.1329316],[126.9398466,35.1329021],[126.9402087,35.1329065],[126.940662,35.1329132],[126.9413191,35.1329229],[126.9414076,35.1329218],[126.9414078,35.1328275],[126.9414078,35.1328062]]}},{"type":"Feature","properties":{"slot":"mudeungsan_osm_hiking_path","source":"openStreetMap","sourceType":"hiking_paths","name":"","sourceIndex":"950"},"geometry":{"type":"LineString","coordinates":[[126.9968324,35.1228484],[126.9965597,35.1228569],[126.9964014,35.1228454],[126.9962984,35.1228301],[126.9961741,35.1228665],[126.9959002,35.1229777],[126.9957695,35.1230344],[126.9956198,35.1230445],[126.9954361,35.1230088],[126.9951577,35.1229321],[126.9950317,35.1228866],[126.994921,35.1228392],[126.9947781,35.1227922],[126.9946337,35.122761],[126.9944598,35.1227649],[126.9942247,35.1227741],[126.9940914,35.122738],[126.994004,35.1227205],[126.9937057,35.1226228],[126.993607,35.1225877],[126.9934819,35.1225674],[126.9933903,35.1225419],[126.9932722,35.122515],[126.9931405,35.1225121],[126.9930189,35.1225419],[126.9927661,35.1225807],[126.9925205,35.1226148],[126.9924817,35.1226205],[126.9921523,35.1224411],[126.9918931,35.1223773],[126.9915661,35.122142],[126.9914197,35.1220837],[126.9913968,35.1220321],[126.9912761,35.1218983],[126.9911259,35.1217206],[126.9909811,35.1216065],[126.9907289,35.1214902],[126.9904608,35.1212753],[126.9902945,35.1211502],[126.9902542,35.1207904],[126.9900852,35.1207487],[126.9898546,35.1206259],[126.9896363,35.1206169],[126.989559,35.1206136],[126.9893232,35.1207333],[126.9892398,35.1208161],[126.9890793,35.1207599],[126.9888354,35.12071],[126.9887384,35.1206185]]}},{"type":"Feature","properties":{"slot":"mudeungsan_osm_hiking_path","source":"openStreetMap","sourceType":"hiking_paths","name":"","sourceIndex":"1156"},"geometry":{"type":"LineString","coordinates":[[126.929671,35.1435563],[126.9300287,35.1440191]]}},{"type":"Feature","properties":{"slot":"mudeungsan_osm_hiking_path","source":"openStreetMap","sourceType":"hiking_paths","name":"","sourceIndex":"1409"},"geometry":{"type":"LineString","coordinates":[[126.9537941,35.1459267],[126.9538504,35.145837],[126.9539828,35.1457943],[126.9540369,35.1457362],[126.9539442,35.1455268],[126.9537419,35.1455635],[126.9536638,35.14545],[126.9536151,35.1453765],[126.9535866,35.145305],[126.9535689,35.1451535],[126.953516,35.1450968],[126.9534755,35.1450439],[126.9533368,35.1449876],[126.9532072,35.1449007],[126.953108,35.1448931],[126.9530163,35.1448727],[126.9529745,35.1448523],[126.9528795,35.1448397],[126.9527989,35.1448367],[126.9525912,35.1448099],[126.9525489,35.1447724],[126.9524851,35.1447684],[126.9523839,35.1447599],[126.9522561,35.1447014],[126.9522126,35.1446152],[126.9520891,35.1446089],[126.9519117,35.1444764],[126.9517752,35.1444046],[126.9516715,35.144364],[126.9515158,35.1444744],[126.9513995,35.1444479]]}},{"type":"Feature","properties":{"slot":"mudeungsan_osm_hiking_path","source":"openStreetMap","sourceType":"hiking_paths","name":"동명로","sourceIndex":"1441"},"geometry":{"type":"LineString","coordinates":[[126.9316536,35.1501402],[126.9317214,35.1507997]]}},{"type":"Feature","properties":{"slot":"mudeungsan_osm_hiking_path","source":"openStreetMap","sourceType":"hiking_paths","name":"동명로","sourceIndex":"1442"},"geometry":{"type":"LineString","coordinates":[[126.9319703,35.1501202],[126.9320297,35.1507834]]}},{"type":"Feature","properties":{"slot":"mudeungsan_osm_hiking_path","source":"openStreetMap","sourceType":"hiking_paths","name":"","sourceIndex":"1444"},"geometry":{"type":"LineString","coordinates":[[126.9425223,35.1010602],[126.942907,35.1008369],[126.9432878,35.1008983],[126.9436929,35.1008478],[126.9440268,35.1008412],[126.944401,35.1006921],[126.9445123,35.1007074],[126.9446558,35.1007118],[126.9448663,35.1006767],[126.9451278,35.1006525],[126.9452606,35.1005955],[126.9455704,35.100522],[126.94573,35.100489],[126.9459768,35.1004002],[126.9465373,35.1003091],[126.946819,35.1002081],[126.9469987,35.1001884],[126.9472575,35.1002246],[126.9476438,35.100319],[126.9478127,35.1003705],[126.9486268,35.1005143],[126.948887,35.1004923],[126.9491351,35.1005307],[126.9492544,35.1005582],[126.9493939,35.1006218],[126.9496661,35.1006591],[126.9499893,35.1007469],[126.9502066,35.1007238],[126.9503836,35.1006778]]}},{"type":"Feature","properties":{"slot":"mudeungsan_osm_hiking_path","source":"openStreetMap","sourceType":"hiking_paths","name":"","sourceIndex":"1561"},"geometry":{"type":"LineString","coordinates":[[126.9320719,35.0970876],[126.9321728,35.0970898],[126.9322304,35.0971183]]}},{"type":"Feature","properties":{"slot":"mudeungsan_osm_hiking_path","source":"openStreetMap","sourceType":"hiking_paths","name":"","sourceIndex":"1562"},"geometry":{"type":"LineString","coordinates":[[126.9320558,35.0970305],[126.9321325,35.0968989],[126.93215,35.0967672]]}},{"type":"Feature","properties":{"slot":"mudeungsan_osm_hiking_path","source":"openStreetMap","sourceType":"hiking_paths","name":"","sourceIndex":"1563"},"geometry":{"type":"LineString","coordinates":[[126.9302038,35.1255498],[126.9302825,35.1255493]]}},{"type":"Feature","properties":{"slot":"mudeungsan_osm_hiking_path","source":"openStreetMap","sourceType":"hiking_paths","name":"","sourceIndex":"1564"},"geometry":{"type":"LineString","coordinates":[[126.9298439,35.1255543],[126.9302038,35.1255498]]}},{"type":"Feature","properties":{"slot":"mudeungsan_osm_hiking_path","source":"openStreetMap","sourceType":"hiking_paths","name":"","sourceIndex":"1566"},"geometry":{"type":"LineString","coordinates":[[126.9409624,35.133264],[126.9409396,35.1332147],[126.940784,35.1331368],[126.9406633,35.1331083],[126.9405439,35.1330896],[126.9405091,35.1331006]]}},{"type":"Feature","properties":{"slot":"mudeungsan_osm_hiking_path","source":"openStreetMap","sourceType":"hiking_paths","name":"","sourceIndex":"1567"},"geometry":{"type":"LineString","coordinates":[[126.9413687,35.133332],[126.9411904,35.1333101],[126.9410576,35.1332827],[126.9409624,35.133264]]}},{"type":"Feature","properties":{"slot":"mudeungsan_osm_hiking_path","source":"openStreetMap","sourceType":"hiking_paths","name":"","sourceIndex":"1568"},"geometry":{"type":"LineString","coordinates":[[126.9398466,35.1329021],[126.9396235,35.1328945],[126.939576,35.1328911]]}},{"type":"Feature","properties":{"slot":"mudeungsan_osm_hiking_path","source":"openStreetMap","sourceType":"hiking_paths","name":"","sourceIndex":"1569"},"geometry":{"type":"LineString","coordinates":[[126.9409624,35.133264],[126.940949,35.1333353],[126.9413888,35.1333934],[126.9413996,35.1334845],[126.9413768,35.1336709],[126.9413446,35.1337301],[126.9413231,35.133774],[126.9412561,35.1337707]]}},{"type":"Feature","properties":{"slot":"mudeungsan_osm_hiking_path","source":"openStreetMap","sourceType":"hiking_paths","name":"","sourceIndex":"1570"},"geometry":{"type":"LineString","coordinates":[[126.940662,35.1329132],[126.940664,35.1329569],[126.940666,35.1329997],[126.940839,35.1330512],[126.940957,35.1331149],[126.9411032,35.1332037],[126.9411863,35.1332344],[126.9412829,35.1332585],[126.941358,35.1332695],[126.9413687,35.133332]]}},{"type":"Feature","properties":{"slot":"mudeungsan_osm_hiking_path","source":"openStreetMap","sourceType":"hiking_paths","name":"","sourceIndex":"1630"},"geometry":{"type":"LineString","coordinates":[[126.9507844,35.1401198],[126.9507759,35.1401632],[126.9507642,35.1402358]]}},{"type":"Feature","properties":{"slot":"mudeungsan_osm_hiking_path","source":"openStreetMap","sourceType":"hiking_paths","name":"","sourceIndex":"1631"},"geometry":{"type":"LineString","coordinates":[[126.9522064,35.1370789],[126.9521445,35.1370884],[126.9521083,35.137118],[126.9520627,35.1371498],[126.9520292,35.137197],[126.9520104,35.1372288],[126.9519916,35.137265],[126.9519326,35.1373319],[126.951832,35.1374262],[126.9517368,35.1375435],[126.9516992,35.1375754],[126.9516469,35.1376039],[126.9516107,35.1376401],[126.9515034,35.1378177],[126.9514605,35.1378748],[126.9513921,35.1379362],[126.9513492,35.1379943],[126.9513371,35.138036],[126.9513076,35.1381895],[126.9512862,35.1382542],[126.9512605,35.1382813],[126.9512245,35.1383058],[126.9511682,35.1383277],[126.951136,35.138354],[126.9511199,35.1383836],[126.9511252,35.1384341],[126.951187,35.1385503],[126.9511856,35.1386029],[126.9511601,35.1386578],[126.9511226,35.1387477],[126.9511105,35.1388278],[126.9511119,35.1388881],[126.9510877,35.1390022],[126.9510957,35.1390899],[126.9510931,35.1391689],[126.9510743,35.1392555],[126.9510676,35.1393378],[126.9510327,35.1394628],[126.9510046,35.1395845],[126.9509764,35.1396678],[126.9509509,35.1397523],[126.9509093,35.1398905],[126.9509013,35.1399793],[126.9508959,35.140067],[126.9508665,35.1401263],[126.9508169,35.1401307],[126.9507844,35.1401198],[126.9507578,35.1401109],[126.9507256,35.1400825],[126.9507048,35.1400523]]}},{"type":"Feature","properties":{"slot":"mudeungsan_osm_hiking_path","source":"openStreetMap","sourceType":"hiking_paths","name":"","sourceIndex":"1731"},"geometry":{"type":"LineString","coordinates":[[126.9261435,35.1442074],[126.926159,35.1441665],[126.9261676,35.1441454],[126.9262004,35.1440989],[126.926252,35.1440665],[126.9263058,35.1440353],[126.9267235,35.1438398],[126.9268518,35.1437351],[126.9269164,35.1436807],[126.9269746,35.1436172],[126.9270105,35.1435809],[126.9270476,35.1434809],[126.9270626,35.1434119],[126.9271549,35.1430774],[126.9271792,35.1429632],[126.9272011,35.1426973],[126.9272242,35.1425767],[126.9272644,35.1424247],[126.9272804,35.1423831],[126.9273235,35.1423447],[126.9273496,35.1423215],[126.9274604,35.1422617],[126.9281906,35.1420335],[126.9282571,35.142015],[126.928347,35.1420211],[126.928378,35.1420362],[126.928424,35.1420587],[126.9284771,35.1421185],[126.928692,35.1426907],[126.9287848,35.1429185],[126.9288986,35.1431548],[126.9289962,35.143255],[126.929125,35.1433578],[126.9292456,35.1433962],[126.9293446,35.1434115],[126.929644,35.1434551],[126.9297299,35.1434676],[126.9303669,35.1435435],[126.9303948,35.1435468],[126.9307403,35.143583],[126.931373,35.1435607],[126.9319288,35.1435406],[126.9320607,35.1435405],[126.9321067,35.1435471],[126.9321396,35.1435603],[126.9321512,35.1435683],[126.932209,35.1436082],[126.9321902,35.1437485],[126.9321071,35.1440326],[126.9319666,35.1441799],[126.9318536,35.1442349],[126.9317275,35.1442656]]}},{"type":"Feature","properties":{"slot":"mudeungsan_osm_hiking_path","source":"openStreetMap","sourceType":"hiking_paths","name":"","sourceIndex":"1767"},"geometry":{"type":"LineString","coordinates":[[126.9414023,35.1454187],[126.9413003,35.1455514],[126.9412051,35.1455908],[126.941063,35.1456172],[126.9409825,35.1456468],[126.9409047,35.1457652],[126.9408618,35.1457904]]}},{"type":"Feature","properties":{"slot":"mudeungsan_osm_hiking_path","source":"openStreetMap","sourceType":"hiking_paths","name":"","sourceIndex":"1889"},"geometry":{"type":"LineString","coordinates":[[126.9591467,35.1333999],[126.9592013,35.1333442],[126.9597127,35.1330912],[126.9597687,35.132991],[126.9600289,35.132686],[126.9602633,35.1325703],[126.9605743,35.1325622]]}},{"type":"Feature","properties":{"slot":"mudeungsan_osm_hiking_path","source":"openStreetMap","sourceType":"hiking_paths","name":"무등산 등산로","sourceIndex":"1890"},"geometry":{"type":"LineString","coordinates":[[127.015045,35.1370094],[127.0149578,35.1370704],[127.0149172,35.1374627],[127.0146564,35.1381031],[127.0143799,35.1383558],[127.0141572,35.1384582],[127.0140499,35.1384275],[127.0135483,35.1384893],[127.0133148,35.1387193],[127.013028,35.1387367],[127.0129205,35.138819],[127.0128585,35.1391494],[127.0128066,35.1393503],[127.0126104,35.1397621],[127.0124225,35.1400273],[127.0123011,35.1401778],[127.0122049,35.1401808],[127.0118787,35.1403056],[127.0116376,35.1402738],[127.011448,35.1402595],[127.0109818,35.140129],[127.0105568,35.1399238],[127.0103219,35.1397716],[127.0100042,35.1395768],[127.0098996,35.1391903],[127.0095152,35.138866],[127.00938,35.1386462],[127.0090304,35.1384002],[127.0086238,35.1382532],[127.0079164,35.1379148],[127.0076725,35.137835],[127.0075018,35.1377752],[127.0072904,35.1378018],[127.0070143,35.1378646],[127.0067634,35.1379216],[127.0062618,35.1381867],[127.0056974,35.1385444],[127.0053421,35.1387359],[127.0049324,35.1389188],[127.0046315,35.139105],[127.0043063,35.139371],[127.0037534,35.1394109],[127.0033143,35.1394042],[127.0031655,35.1394211],[127.0029647,35.1395106],[127.0026964,35.1394689],[127.0025513,35.1395549],[127.0022873,35.139743],[127.0019773,35.1398356],[127.0017207,35.1400093],[127.001414,35.1400813],[127.0011759,35.1402021],[127.0007937,35.1402088],[127.0003709,35.1403218],[126.9996717,35.1406011],[126.9991838,35.1408537],[126.9989399,35.1410864],[126.9987808,35.141139],[126.9978747,35.1414388],[126.9975024,35.1413841],[126.9970372,35.1413989],[126.9967795,35.1412927],[126.9964762,35.1412194],[126.9959314,35.1411995],[126.9952566,35.1412859],[126.9948338,35.1414987],[126.9947028,35.1415353],[126.9945004,35.1415918],[126.9942077,35.1418444],[126.9938255,35.1419242],[126.9930856,35.1420638],[126.9923554,35.1424827],[126.9920276,35.1426761],[126.9918845,35.1428187]]}},{"type":"Feature","properties":{"slot":"mudeungsan_osm_hiking_path","source":"openStreetMap","sourceType":"hiking_paths","name":"무등산 등산로","sourceIndex":"1891"},"geometry":{"type":"LineString","coordinates":[[127.0027723,35.1209137],[127.0027081,35.1209764],[127.0026968,35.1209721],[127.0026632,35.1209178]]}},{"type":"Feature","properties":{"slot":"mudeungsan_osm_hiking_path","source":"openStreetMap","sourceType":"hiking_paths","name":"무등산 등산로","sourceIndex":"1892"},"geometry":{"type":"LineString","coordinates":[[126.9847189,35.1190797],[126.9849332,35.1190587],[126.985224,35.1190349],[126.9855778,35.1189141],[126.985675,35.1189759],[126.9857941,35.1189622],[126.9859199,35.1189641],[126.9859927,35.1189555],[126.9865608,35.1189689],[126.9869019,35.1189621],[126.9870947,35.1188235],[126.9876824,35.1188109],[126.9879745,35.1187539],[126.9884957,35.118709],[126.9891241,35.1185703],[126.989352,35.1185789],[126.9896381,35.118641],[126.9897844,35.1186522],[126.9900587,35.1187396],[126.9902375,35.1188112],[126.9905645,35.1188379],[126.9907639,35.1189287],[126.9913417,35.1188985],[126.9915747,35.1189172],[126.9917473,35.1189367],[126.9920289,35.1190072],[126.9922871,35.1190919],[126.9927269,35.1193143],[126.9929945,35.1192855],[126.9932452,35.1193683],[126.9934008,35.1193591],[126.9935655,35.1193761],[126.9937885,35.1193425],[126.9940318,35.1194023],[126.9943972,35.1192726],[126.994547,35.1192064],[126.9946332,35.1190894],[126.9947435,35.1186989],[126.9948254,35.1186228],[126.9949192,35.1183378],[126.9951559,35.1180585],[126.99525,35.1179523],[126.9954896,35.1178356],[126.9955513,35.1178056],[126.9956102,35.1177699],[126.9957346,35.1177122],[126.9958197,35.1176683],[126.9963608,35.1173783],[126.9967311,35.1171474],[126.9968386,35.1171635],[126.9968538,35.1171086],[126.9973333,35.1168606],[126.9976233,35.1167167],[126.9979057,35.1166243],[126.9980258,35.1166334],[126.9981826,35.1165505],[126.9983026,35.1165701],[126.9985098,35.1164603],[126.9985628,35.1162863],[126.9985948,35.1161721]]}},{"type":"Feature","properties":{"slot":"mudeungsan_osm_hiking_path","source":"openStreetMap","sourceType":"hiking_paths","name":"","sourceIndex":"1893"},"geometry":{"type":"LineString","coordinates":[[127.0014973,35.121371],[127.0014922,35.121262]]}},{"type":"Feature","properties":{"slot":"mudeungsan_osm_hiking_path","source":"openStreetMap","sourceType":"hiking_paths","name":"","sourceIndex":"1894"},"geometry":{"type":"LineString","coordinates":[[126.9986792,35.1224473],[126.9986129,35.1225102]]}},{"type":"Feature","properties":{"slot":"mudeungsan_osm_hiking_path","source":"openStreetMap","sourceType":"hiking_paths","name":"무등산 등산로","sourceIndex":"1895"},"geometry":{"type":"LineString","coordinates":[[126.9947136,35.1247451],[126.9947346,35.1248143]]}},{"type":"Feature","properties":{"slot":"mudeungsan_osm_hiking_path","source":"openStreetMap","sourceType":"hiking_paths","name":"무등산 등산로","sourceIndex":"1896"},"geometry":{"type":"LineString","coordinates":[[126.9947346,35.1248143],[126.9947555,35.1248764],[126.994856,35.1250202],[126.9949566,35.1251113],[126.9949148,35.1252549],[126.9949671,35.1258026],[126.9949917,35.1259513],[126.9950351,35.1263364],[126.995104,35.1266157],[126.9951503,35.1267998],[126.9953441,35.1268705],[126.9955661,35.126923],[126.9956579,35.1269762],[126.9957434,35.1270809],[126.9960156,35.1271428],[126.9960885,35.1272853],[126.9960389,35.1274169],[126.9959541,35.1274526],[126.9958066,35.1275793],[126.9956928,35.1276286],[126.9956158,35.1277333],[126.9955845,35.127831],[126.9956501,35.1279859],[126.995749,35.128038],[126.995864,35.128106],[126.9959092,35.128208],[126.9959824,35.1283203],[126.9959986,35.128449],[126.9959634,35.1286277],[126.9959133,35.1287673],[126.9959272,35.1289907],[126.9959523,35.1293142],[126.9959852,35.1294211],[126.996019,35.1295058],[126.9960385,35.1296072],[126.996066,35.1297508],[126.9961293,35.1299201],[126.9960796,35.1300139],[126.9958734,35.130259],[126.9957238,35.1303983],[126.9955338,35.1305313],[126.9952907,35.130839],[126.9951142,35.1310472],[126.9949335,35.1312995],[126.9948366,35.1313642],[126.9947798,35.1315259],[126.9945816,35.1317101],[126.9944647,35.1318146],[126.9942112,35.1320902],[126.994092,35.1322046],[126.9937103,35.1326489],[126.9935533,35.1327894],[126.9933109,35.1331409],[126.9928409,35.1336549],[126.992676,35.1339908],[126.9925675,35.1341897],[126.9924991,35.1344833],[126.9922753,35.1348886],[126.9922046,35.1352675],[126.9917656,35.1359188],[126.99187,35.1360604],[126.9919582,35.136224],[126.9919991,35.1362758],[126.9919705,35.1365236],[126.9919774,35.1366068],[126.991946,35.1368633],[126.9918379,35.1370529],[126.9916524,35.137234],[126.9915501,35.137369],[126.9914169,35.1375726],[126.9912906,35.1377991],[126.9913037,35.1378757],[126.9913781,35.1380068],[126.9914379,35.1380573],[126.9915989,35.1381785],[126.9916352,35.1383211],[126.9916823,35.1383711],[126.9917538,35.1384286],[126.992005,35.1382945],[126.99212,35.1382431],[126.992236,35.1382514],[126.9923503,35.1383144],[126.9924654,35.1384412],[126.9925242,35.1387397],[126.9925874,35.138916],[126.9928377,35.1391414],[126.9929536,35.1394071],[126.993093,35.1398268],[126.9931072,35.1398695],[126.9931035,35.1399968],[126.9930413,35.1401514],[126.9927424,35.1404697],[126.9924129,35.1406883],[126.9921706,35.1409704],[126.9917861,35.141383],[126.991577,35.141653],[126.9913105,35.1418007],[126.9909817,35.1419124],[126.9907727,35.1420317],[126.990612,35.1421333],[126.990398,35.1423129],[126.9902928,35.1424585],[126.9902006,35.1425214],[126.9901578,35.1426297],[126.9898464,35.1428782],[126.9896976,35.1429183],[126.9895523,35.142954],[126.989411,35.1430465],[126.9893279,35.1431616],[126.9891894,35.1432867],[126.9891286,35.1433513],[126.9889421,35.1436045],[126.9887594,35.1437353],[126.988637,35.1438634],[126.9886868,35.143988],[126.9886872,35.1440974]]}},{"type":"Feature","properties":{"slot":"mudeungsan_osm_hiking_path","source":"openStreetMap","sourceType":"hiking_paths","name":"","sourceIndex":"1925"},"geometry":{"type":"LineString","coordinates":[[126.9303856,35.1436838],[126.9305798,35.1437068],[126.930719,35.1437716],[126.9307977,35.143855],[126.9308286,35.1439044],[126.9308646,35.1439637],[126.9308764,35.1440368],[126.9308734,35.1441168]]}},{"type":"Feature","properties":{"slot":"mudeungsan_osm_hiking_path","source":"openStreetMap","sourceType":"hiking_paths","name":"","sourceIndex":"1926"},"geometry":{"type":"LineString","coordinates":[[126.9286543,35.1419317],[126.9291371,35.1418844],[126.9291815,35.14188],[126.9293133,35.1418671],[126.9293019,35.1419862],[126.9293426,35.1420178],[126.9294599,35.1420286],[126.930323,35.1421078],[126.9303771,35.1421128]]}},{"type":"Feature","properties":{"slot":"mudeungsan_osm_hiking_path","source":"openStreetMap","sourceType":"hiking_paths","name":"","sourceIndex":"2244"},"geometry":{"type":"LineString","coordinates":[[126.9973176,35.1227416],[126.9974577,35.1227035],[126.997845,35.1227381],[126.9979027,35.1228138]]}},{"type":"Feature","properties":{"slot":"mudeungsan_osm_hiking_path","source":"openStreetMap","sourceType":"hiking_paths","name":"","sourceIndex":"2245"},"geometry":{"type":"LineString","coordinates":[[126.9843138,35.1189598],[126.9840524,35.1188239],[126.9839341,35.1187688],[126.9837659,35.1186904],[126.9835718,35.1185795],[126.9834732,35.1184535],[126.9834023,35.118272],[126.9833161,35.1181561],[126.983162,35.1180603],[126.9829771,35.1179116],[126.9828878,35.1178587],[126.9826197,35.1176596],[126.9824626,35.1175538],[126.9822593,35.1174933],[126.9820528,35.1174555],[126.9817344,35.1174437],[126.981643,35.1174403],[126.9813873,35.1174504],[126.9810977,35.1174227],[126.9808266,35.1176016],[126.9807372,35.117705],[126.9806932,35.1177403],[126.9805739,35.117836],[126.9803737,35.1179444],[126.9801118,35.1181435],[126.979967,35.118272],[126.9797698,35.1183955],[126.9795787,35.1184434],[126.9793076,35.118645],[126.9790334,35.1187887],[126.9788701,35.1188718],[126.9786606,35.1188819],[126.9784665,35.1189827],[126.9782662,35.119018],[126.9778318,35.119076],[126.9775144,35.1191112],[126.9772661,35.1191144],[126.9771386,35.1192095],[126.9767932,35.1194255],[126.9764726,35.1196344],[126.9761878,35.1196541],[126.9758933,35.119652],[126.9756299,35.1195927],[126.9754105,35.1196213],[126.9750988,35.1195927],[126.9748735,35.1196585],[126.9745731,35.1195883],[126.9743913,35.1196125],[126.9740226,35.1195037],[126.9733639,35.1194592],[126.9729134,35.1195485],[126.9724148,35.1194348],[126.9720384,35.1194282],[126.9717836,35.1195312]]}},{"type":"Feature","properties":{"slot":"mudeungsan_osm_hiking_path","source":"openStreetMap","sourceType":"hiking_paths","name":"","sourceIndex":"2246"},"geometry":{"type":"LineString","coordinates":[[126.991683,35.1236829],[126.9917002,35.1236568],[126.9917214,35.1236358],[126.9917568,35.1236076],[126.9918179,35.1235356],[126.9918473,35.1235022],[126.9918824,35.1234853],[126.9918895,35.123465],[126.9918966,35.1234332],[126.9919054,35.1234006],[126.9919275,35.1232942],[126.9919559,35.1232277],[126.9920009,35.1231293],[126.9921016,35.1229306],[126.9922963,35.1227816],[126.9924157,35.122792],[126.9924891,35.1227047],[126.9924817,35.1226205]]}},{"type":"Feature","properties":{"slot":"mudeungsan_osm_hiking_path","source":"openStreetMap","sourceType":"hiking_paths","name":"","sourceIndex":"2247"},"geometry":{"type":"LineString","coordinates":[[126.9903823,35.1259593],[126.9904102,35.1260107],[126.9904699,35.1260529],[126.9905155,35.1261001],[126.9905202,35.1261698],[126.9905065,35.1262479],[126.9904423,35.1263901],[126.9903898,35.1264349],[126.990316,35.1265036],[126.990252,35.1265619],[126.9902235,35.1265758],[126.9900795,35.126542],[126.9900326,35.1265662],[126.989965,35.1265657],[126.9898899,35.1266074],[126.9898232,35.1266716],[126.9897742,35.1267015],[126.9896659,35.1268696],[126.989609,35.1268901],[126.9895495,35.1268705],[126.9894213,35.1269668],[126.9893153,35.1271292],[126.9892055,35.1272132],[126.9890495,35.1272788],[126.9887946,35.1274872],[126.9886153,35.1275517],[126.9884242,35.1277138],[126.9882786,35.1278833],[126.988198,35.1279709],[126.9881518,35.1280567],[126.988033,35.1281818],[126.9879975,35.1282903],[126.987973,35.1284516],[126.98791,35.1286345],[126.9878774,35.1288207],[126.9878578,35.1289615],[126.9877621,35.1291906],[126.9876757,35.1292804],[126.987636,35.1293778],[126.9875387,35.1297198],[126.9874287,35.1298207],[126.9873536,35.1299282],[126.9872812,35.1300335],[126.9871712,35.1302814],[126.9869915,35.1305095],[126.986974,35.1306126],[126.986918,35.1308086],[126.9868549,35.1308745],[126.9867356,35.1311443],[126.9865531,35.1313384],[126.9864445,35.1314229],[126.9863051,35.1318089],[126.9862327,35.1319647],[126.9862044,35.1320119],[126.9861287,35.1321027],[126.9860784,35.1322654],[126.9859853,35.1323638],[126.9859545,35.1324526],[126.9858391,35.1327153],[126.9858042,35.1327477],[126.9857344,35.1327753],[126.9856673,35.1327833]]}},{"type":"Feature","properties":{"slot":"mudeungsan_osm_hiking_path","source":"openStreetMap","sourceType":"hiking_paths","name":"","sourceIndex":"2248"},"geometry":{"type":"LineString","coordinates":[[126.9804264,35.1305909],[126.9804472,35.130794],[126.9804686,35.1311582],[126.9804203,35.1315311],[126.980533,35.1319567],[126.9804472,35.1321848],[126.9804633,35.1323954],[126.9803989,35.1325621],[126.9802165,35.1326805],[126.9801682,35.1328385],[126.9801468,35.1329701],[126.9799536,35.1333254],[126.9798464,35.1335843],[126.9798088,35.1338651],[126.9798571,35.1340932],[126.9799429,35.1344617],[126.9800234,35.1347819],[126.979951,35.1351241],[126.9800287,35.1356177],[126.9801736,35.1363327],[126.9802004,35.1365762],[126.9801629,35.1367736],[126.9801092,35.1368811],[126.9801065,35.1371136],[126.9801199,35.1372693],[126.9801575,35.1373681],[126.9801819,35.1375375],[126.9798469,35.1377056],[126.9796001,35.1378459],[126.9792568,35.1379425],[126.9790202,35.1380107],[126.9787954,35.1380565],[126.9783824,35.1383372],[126.978141,35.1384338],[126.9779747,35.1384162],[126.9778084,35.1383767],[126.9776313,35.1383373],[126.9775026,35.138368],[126.9772963,35.1382755],[126.9771275,35.138198],[126.9768722,35.1381226],[126.9765791,35.1380625],[126.9764609,35.1380383],[126.9763029,35.1380021],[126.9760993,35.1379689],[126.9757766,35.1379056],[126.9754087,35.1377615],[126.9750776,35.1377722],[126.9747542,35.1377711],[126.9743465,35.1376925],[126.9739628,35.1377252],[126.973862,35.1375253],[126.9736247,35.137499],[126.9734227,35.1376542],[126.9733136,35.137684],[126.9731444,35.1376853],[126.9729311,35.1376328],[126.9726872,35.1375471],[126.9724766,35.1374172],[126.9723408,35.1372919],[126.9721612,35.1371648],[126.9720419,35.137099],[126.9718491,35.1370654],[126.9717069,35.1370313],[126.9715175,35.1369007],[126.9714481,35.1368306],[126.9713764,35.1367962],[126.9712598,35.1367149],[126.9710202,35.1366513],[126.9709594,35.1366075],[126.9708202,35.1365366],[126.9707633,35.136516],[126.9706149,35.1364956],[126.9705317,35.1364715],[126.9704144,35.1364345],[126.9701856,35.136425],[126.9700758,35.1364555],[126.96984,35.1365268],[126.9696158,35.1365758],[126.9695107,35.1366025],[126.9692673,35.1365849],[126.9691472,35.1366],[126.9689192,35.1365547],[126.9688206,35.1364967],[126.9685864,35.136464],[126.9684724,35.136464],[126.9683553,35.1364866],[126.9682567,35.1364967],[126.9681397,35.1365194],[126.9680349,35.1365169],[126.9678993,35.1365446],[126.9677977,35.1365597],[126.9677022,35.1365547],[126.9675912,35.1365194],[126.9674957,35.1364614],[126.9674341,35.1363909],[126.9672154,35.1363581],[126.9671229,35.1363203],[126.9670592,35.1362434],[126.9669616,35.1362301],[126.9668864,35.1361703],[126.966858,35.1360855],[126.9667624,35.1360589],[126.966673,35.1359941],[126.9665876,35.1359392],[126.9664758,35.1359193],[126.9662156,35.1357281],[126.966191,35.1355265],[126.9661078,35.1352871],[126.965963,35.1350352],[126.9658428,35.1348286],[126.9657565,35.1347857],[126.9656672,35.1347076],[126.9654731,35.1345942],[126.9653961,35.1345338],[126.9653036,35.1345086],[126.9651866,35.1345035],[126.9649711,35.1344736],[126.9648654,35.1344836],[126.9646215,35.134457],[126.9645279,35.1344237],[126.9644182,35.1344104],[126.9643409,35.1343672],[126.9641051,35.1343173],[126.9636579,35.134314],[126.9633164,35.1342276],[126.963227,35.1342287],[126.9630562,35.1342309],[126.9627676,35.1340779],[126.9623895,35.1340214],[126.9621659,35.1339948],[126.9620277,35.1340015],[126.9618285,35.1340613],[126.9617141,35.1340766],[126.9616253,35.1340365],[126.9615413,35.1339658],[126.9614432,35.1339334],[126.9613218,35.1339372],[126.961212,35.1339162],[126.9610019,35.1338341],[126.9608945,35.1338436],[126.9607824,35.1338837],[126.9605451,35.133902],[126.9601874,35.1338854],[126.9598438,35.133764],[126.9598215,35.1336942],[126.9599902,35.1335745],[126.9599922,35.1333584],[126.9600227,35.1332437],[126.9600166,35.1331855],[126.9599615,35.1331169]]}},{"type":"Feature","properties":{"slot":"mudeungsan_osm_hiking_path","source":"openStreetMap","sourceType":"hiking_paths","name":"","sourceIndex":"2249"},"geometry":{"type":"LineString","coordinates":[[126.99832,35.1155286],[126.9982061,35.1152628],[126.9981685,35.1151531],[126.9981698,35.1150294],[126.9982307,35.1148883],[126.9983416,35.1146678],[126.998415,35.1144517],[126.9984528,35.1142503],[126.998415,35.1141614],[126.9983216,35.1140392],[126.998127,35.1139267],[126.9979974,35.1138634],[126.997911,35.1137851],[126.9979392,35.1137018],[126.9979806,35.1136408],[126.9980478,35.113558],[126.9982012,35.1134791],[126.9982672,35.1133818],[126.998519,35.1130626],[126.9988941,35.1124892],[126.9989606,35.1122841],[126.9990362,35.1122153],[126.9991529,35.1121461],[126.9992857,35.1120518],[126.9993961,35.1119656],[126.9994153,35.1118428],[126.9995544,35.1116325],[126.9997108,35.1115186],[126.9997645,35.1113909],[126.9998173,35.1113429],[127.0000568,35.1111665],[127.0002282,35.1110594],[127.0004149,35.110834],[127.0005074,35.1107726],[127.000557,35.1107243],[127.0005852,35.1106442],[127.0006244,35.1105879],[127.0007046,35.1105137],[127.0007461,35.110449],[127.000903,35.1103436],[127.001009,35.1102317],[127.0011637,35.1100747],[127.0012879,35.1099739],[127.0015276,35.1098882],[127.0016366,35.1098039],[127.0018521,35.1097529],[127.0019504,35.109647],[127.0021323,35.1095313],[127.0022336,35.1094905],[127.0023715,35.1094693],[127.0024709,35.1094834],[127.0025323,35.1095318],[127.0025875,35.1094989],[127.0026116,35.1094484],[127.0026632,35.1094018],[127.0027834,35.1094038],[127.0029581,35.109291],[127.0031561,35.1092114],[127.0034315,35.1091186],[127.0035638,35.1091215],[127.0036466,35.1091361],[127.0037985,35.1092235],[127.004019,35.1093319],[127.0044193,35.1094544],[127.0046676,35.1095482],[127.0051421,35.1096771],[127.0052615,35.1096716],[127.005562,35.1097578],[127.005812,35.1098166],[127.0060398,35.1097931]]}},{"type":"Feature","properties":{"slot":"mudeungsan_osm_hiking_path","source":"openStreetMap","sourceType":"hiking_paths","name":"","sourceIndex":"2250"},"geometry":{"type":"LineString","coordinates":[[126.97133,35.12258],[126.9713278,35.1223258],[126.9714097,35.1221042],[126.9715986,35.121893],[126.9717309,35.1217024],[126.9718506,35.1214705],[126.9719798,35.1211653],[126.9719703,35.1210429],[126.9720522,35.1208214],[126.9721618,35.1206896],[126.9722777,35.1206624],[126.9724301,35.1204659],[126.9726128,35.1201464],[126.9726821,35.1199352],[126.9728091,35.1197735],[126.9729403,35.1196209],[126.9729134,35.1195485]]}},{"type":"Feature","properties":{"slot":"mudeungsan_osm_hiking_path","source":"openStreetMap","sourceType":"hiking_paths","name":"","sourceIndex":"2938"},"geometry":{"type":"LineString","coordinates":[[126.9537941,35.1459267],[126.9538184,35.1460434],[126.9539833,35.1463708],[126.9540328,35.1464879],[126.953998,35.1465989],[126.9538288,35.1470028],[126.9537443,35.1471454],[126.9536884,35.1473931],[126.9537513,35.1476454],[126.953963,35.1478542],[126.9541776,35.14817],[126.9543198,35.1483389],[126.9544539,35.1484595],[126.9545536,35.1486261],[126.9546041,35.1487666],[126.9547194,35.1488455],[126.9546926,35.1489815],[126.9546953,35.149078],[126.9549394,35.1492403],[126.9550413,35.1494442],[126.9552445,35.1498842],[126.9554022,35.1503762],[126.9553927,35.1505364],[126.9554536,35.150618],[126.955626,35.1508895],[126.9556609,35.1509619],[126.9556775,35.1511036],[126.9555804,35.1514202],[126.9555473,35.1517199],[126.9555764,35.1518018],[126.9555898,35.1519268],[126.9555683,35.1519652],[126.9554839,35.1520431],[126.9552741,35.1521827],[126.9550896,35.1522404],[126.9548911,35.1522656],[126.9546229,35.1523303],[126.9544204,35.1524433],[126.9543104,35.1524685],[126.9541785,35.1525309],[126.954077,35.1526056],[126.9539695,35.1526182],[126.9538249,35.1526187],[126.9536117,35.1525803],[126.953491,35.1525474],[126.9533595,35.152576],[126.9532268,35.1526374],[126.9531374,35.1526383],[126.9530921,35.1526431],[126.9529664,35.1526221],[126.9529117,35.1526435],[126.9528378,35.1528907],[126.9527976,35.1529926],[126.9527121,35.1531163],[126.9526609,35.1531777],[126.9522276,35.1533961],[126.9519385,35.1536037],[126.9518951,35.1536659],[126.9517985,35.153701],[126.9516898,35.1537985],[126.9515369,35.1538874],[126.9515048,35.1539543],[126.9514158,35.1539854],[126.9513157,35.1540453],[126.9512063,35.1541172],[126.9510864,35.1541341],[126.9507896,35.1541732],[126.9501784,35.1541834],[126.9500111,35.1542519],[126.9499531,35.1542755],[126.9493538,35.1543466],[126.9489849,35.1543216],[126.9486407,35.154153],[126.9484672,35.1540365],[126.9483626,35.1540913],[126.9480568,35.1542554],[126.9475955,35.1545255],[126.9471285,35.1548779],[126.9470054,35.1550146],[126.9467907,35.1551296],[126.9461771,35.1553311],[126.9459192,35.155495],[126.9457806,35.1556574],[126.9457501,35.1561725],[126.9457877,35.1563589],[126.9457925,35.1564027],[126.9458252,35.1566966],[126.9455416,35.157276],[126.9452516,35.1577496],[126.9451032,35.1581558],[126.9450086,35.1582188],[126.9444809,35.1583695],[126.9443258,35.1584486],[126.9441237,35.1585539],[126.9432736,35.1588123],[126.9430089,35.15885],[126.942746,35.1588017],[126.9424027,35.1587447],[126.9421989,35.1587535],[126.9417214,35.1588149],[126.9414908,35.1587798],[126.9412172,35.1587272],[126.941008,35.1589333],[126.9407076,35.159043],[126.9404554,35.1591658],[126.9402194,35.1593587],[126.9401121,35.159464],[126.9399458,35.159714],[126.9397151,35.1598631],[126.9396079,35.1599683],[126.9394362,35.1602951],[126.9394041,35.1604165]]}},{"type":"Feature","properties":{"slot":"mudeungsan_osm_hiking_path","source":"openStreetMap","sourceType":"hiking_paths","name":"","sourceIndex":"2939"},"geometry":{"type":"LineString","coordinates":[[126.981972,35.1431694],[126.9819714,35.1430608],[126.9820801,35.1429156],[126.9821666,35.1426609],[126.982188,35.1422213],[126.9822269,35.1421094],[126.9821498,35.1417747],[126.9821343,35.1415058],[126.9821689,35.1413347]]}},{"type":"Feature","properties":{"slot":"mudeungsan_osm_hiking_path","source":"openStreetMap","sourceType":"hiking_paths","name":"","sourceIndex":"2940"},"geometry":{"type":"LineString","coordinates":[[126.9677977,35.1365597],[126.9674817,35.1368653],[126.967134,35.1373161],[126.9665502,35.1376899],[126.9659525,35.1382081],[126.9653556,35.1388786],[126.9650164,35.1390658],[126.9646382,35.1391667],[126.9644237,35.1391952],[126.9641089,35.1393276],[126.9636673,35.139454],[126.9635224,35.1396141],[126.9632721,35.1397274],[126.963104,35.1398883],[126.9630611,35.1399146],[126.9629967,35.1399563],[126.9627447,35.1401229],[126.9625706,35.14024],[126.9624426,35.1402646],[126.9622698,35.1403577],[126.9620754,35.1405178],[126.9617844,35.1406948],[126.9614866,35.1407283],[126.9611381,35.1407341],[126.9607712,35.1407037],[126.9606071,35.1406661],[126.9602872,35.1405387],[126.9601731,35.1404736],[126.959991,35.1404467],[126.959794,35.1404645],[126.9596218,35.1404851],[126.9593933,35.1405325],[126.9591012,35.1406031],[126.9589961,35.1405592],[126.9588414,35.1405964],[126.9585342,35.1405488],[126.9582856,35.1403907],[126.9581471,35.1402162],[126.9580299,35.1401169],[126.9580083,35.1400475],[126.9578913,35.140024],[126.9576912,35.1400698],[126.9575015,35.1401497],[126.9573164,35.140275],[126.9572193,35.1404085],[126.9569514,35.1406161],[126.9567773,35.1407194],[126.9564575,35.1407722],[126.9562693,35.1407388],[126.9558758,35.1405949],[126.9554608,35.1405968],[126.9552193,35.1406584],[126.9551283,35.1407068],[126.9550693,35.1407516],[126.9550382,35.1408324],[126.9550368,35.1409642],[126.9549891,35.1410923],[126.9549384,35.1411463],[126.9548194,35.1413171],[126.9548284,35.1414872],[126.9546778,35.1416737],[126.9545349,35.1418669],[126.9545062,35.1419259],[126.9543761,35.1420275],[126.9542717,35.1419178],[126.9541409,35.141949],[126.9538786,35.1418982],[126.9537492,35.1418937],[126.9536642,35.1419518],[126.9533616,35.142169],[126.9531881,35.1422507],[126.9529563,35.1423934],[126.9526066,35.1425592],[126.9524546,35.1427031],[126.9520418,35.1428298],[126.9518655,35.1429867],[126.9517331,35.1430747],[126.9516417,35.1432025],[126.9515873,35.1433444],[126.9515733,35.1434316],[126.9515683,35.1434492],[126.9514863,35.1438651],[126.9514342,35.1440081],[126.9514194,35.1441315],[126.9514549,35.1441627],[126.9515004,35.1442227],[126.9516715,35.144364]]}},{"type":"Feature","properties":{"slot":"mudeungsan_osm_hiking_path","source":"openStreetMap","sourceType":"hiking_paths","name":"","sourceIndex":"2941"},"geometry":{"type":"LineString","coordinates":[[126.9642239,35.1316282],[126.9643079,35.131721],[126.9647079,35.1319277],[126.9650446,35.1319119],[126.9652867,35.1320203],[126.9654995,35.1322173],[126.9656092,35.1322506],[126.965785,35.1323695],[126.9660144,35.1323733],[126.9664653,35.1322683],[126.9665748,35.1322418],[126.9668296,35.1323383],[126.9669779,35.1323405],[126.9672339,35.1323041],[126.967573,35.1321788],[126.9680106,35.1321817],[126.968118,35.13221],[126.9682191,35.1322914],[126.9684261,35.1323013],[126.9685904,35.1324184],[126.9688415,35.1324516],[126.9699552,35.1329378],[126.9701743,35.1330205],[126.9708422,35.1330534],[126.9711211,35.1332092],[126.9713035,35.1332816],[126.9716737,35.1333079],[126.971956,35.1333666],[126.9721502,35.1334961],[126.9724673,35.1336896],[126.9728377,35.134117],[126.9729234,35.1341686],[126.9731921,35.1342452],[126.973325,35.1344111],[126.9735209,35.1345574],[126.9737736,35.1346639],[126.9741681,35.1346957],[126.9745625,35.1348678],[126.9751712,35.1354126],[126.9758285,35.1357011],[126.9759763,35.1357704],[126.9761369,35.1358919],[126.976264,35.1361221],[126.9762281,35.1363678],[126.9763194,35.1365511],[126.9764847,35.1367671],[126.9768028,35.1370875],[126.9770186,35.1373873],[126.9771986,35.1378404],[126.9772963,35.1382755]]}},{"type":"Feature","properties":{"slot":"mudeungsan_osm_hiking_path","source":"openStreetMap","sourceType":"hiking_paths","name":"","sourceIndex":"2942"},"geometry":{"type":"LineString","coordinates":[[126.9694615,35.1279754],[126.9693883,35.1279694],[126.9692095,35.1279138],[126.9690355,35.1277492],[126.9689938,35.1276545],[126.9689848,35.12749],[126.9693265,35.1271915],[126.9695406,35.1270745],[126.9698526,35.126685],[126.9700766,35.1262889],[126.970369,35.1260408],[126.970457,35.1259944],[126.9706579,35.1260119],[126.9708285,35.1261074],[126.9710684,35.1261295],[126.9714073,35.1262574],[126.9716217,35.1262027],[126.9717342,35.1262253],[126.9722011,35.1262286],[126.9723659,35.1262351],[126.9726393,35.1262092],[126.9731478,35.1262213],[126.9734493,35.1261654],[126.9736022,35.126172],[126.9736888,35.1261911],[126.9738811,35.1262312],[126.9740966,35.1262173],[126.9742942,35.12624],[126.9746107,35.1262685],[126.9750418,35.1262046],[126.9752669,35.1261882],[126.9753563,35.1262202],[126.9754904,35.1262312],[126.9756883,35.1263328],[126.9759911,35.1263024],[126.9761932,35.1262422],[126.9763541,35.1262356],[126.9765741,35.1261281],[126.9767543,35.1261072],[126.9770746,35.1261066],[126.9772624,35.126151],[126.9774924,35.1261713],[126.9777489,35.1260447],[126.9780619,35.1259417],[126.9782686,35.1258093],[126.9784089,35.1258868]]}},{"type":"Feature","properties":{"slot":"mudeungsan_osm_hiking_path","source":"openStreetMap","sourceType":"hiking_paths","name":"","sourceIndex":"2943"},"geometry":{"type":"LineString","coordinates":[[126.9775274,35.1254566],[126.9778794,35.1254691],[126.9781286,35.1255485],[126.9781518,35.1255867],[126.9781945,35.1255852],[126.9784089,35.1258868]]}},{"type":"Feature","properties":{"slot":"mudeungsan_osm_hiking_path","source":"openStreetMap","sourceType":"hiking_paths","name":"","sourceIndex":"2944"},"geometry":{"type":"LineString","coordinates":[[126.9784276,35.1270578],[126.9784388,35.1269107],[126.9784558,35.1267871],[126.9784972,35.1266085],[126.9785508,35.1264484],[126.9785151,35.1263726],[126.9784221,35.1261654],[126.9784462,35.1259965],[126.9784089,35.1258868]]}},{"type":"Feature","properties":{"slot":"mudeungsan_osm_hiking_path","source":"openStreetMap","sourceType":"hiking_paths","name":"","sourceIndex":"2945"},"geometry":{"type":"LineString","coordinates":[[126.9777718,35.131086],[126.9781686,35.1309486],[126.978576,35.13069],[126.9786823,35.1305637],[126.9787466,35.130386],[126.9788451,35.1301001],[126.9788969,35.1298837],[126.9788538,35.1297599],[126.9788506,35.1297352],[126.9786045,35.1295678],[126.9785991,35.1294033],[126.9784803,35.1292047],[126.9783618,35.1287854],[126.9783363,35.1285894],[126.9783631,35.1284008],[126.97845,35.1280362],[126.9783766,35.1274003],[126.978379,35.127148],[126.9784276,35.1270578]]}},{"type":"Feature","properties":{"slot":"mudeungsan_osm_hiking_path","source":"openStreetMap","sourceType":"hiking_paths","name":"","sourceIndex":"2946"},"geometry":{"type":"LineString","coordinates":[[126.9784089,35.1258868],[126.9785406,35.1258089],[126.9786421,35.1257483],[126.9789065,35.125676],[126.9792002,35.1256558],[126.9795915,35.1254823],[126.9797394,35.1253511],[126.9798795,35.1250954],[126.9801513,35.1248623],[126.9805002,35.1247758],[126.980876,35.124578],[126.9813734,35.1244108],[126.9815759,35.124275],[126.9818191,35.1241984],[126.9820245,35.1240911],[126.9828656,35.1239333],[126.982922,35.1239227],[126.9832527,35.1237337],[126.9834266,35.1232616],[126.9834063,35.1229966],[126.983508,35.1228379],[126.9836924,35.1226556],[126.9838749,35.1223144],[126.9837752,35.121946],[126.9838231,35.1212693],[126.9839332,35.1206159],[126.983851,35.1200108],[126.9840462,35.1194571],[126.9842022,35.1192276],[126.9842316,35.1191636],[126.9842606,35.1190657]]}},{"type":"Feature","properties":{"slot":"mudeungsan_osm_hiking_path","source":"openStreetMap","sourceType":"hiking_paths","name":"","sourceIndex":"2947"},"geometry":{"type":"LineString","coordinates":[[126.9902945,35.1211502],[126.9905087,35.1209934],[126.9908383,35.1209668],[126.9909841,35.1209165],[126.9912774,35.1206961],[126.9916498,35.1206758],[126.9919097,35.1204755],[126.9923495,35.120362],[126.9925902,35.1201519],[126.9934269,35.1199029],[126.9938574,35.1196856],[126.9939934,35.1195765],[126.9940318,35.1194023]]}},{"type":"Feature","properties":{"slot":"mudeungsan_osm_hiking_path","source":"openStreetMap","sourceType":"hiking_paths","name":"","sourceIndex":"2948"},"geometry":{"type":"LineString","coordinates":[[126.988033,35.1281818],[126.9879277,35.1279019],[126.98794,35.1276991],[126.9883513,35.1269155],[126.9882685,35.1265602],[126.988373,35.1262714],[126.9886914,35.1257122],[126.988978,35.1254472],[126.9891779,35.1250051],[126.9893482,35.1248212],[126.9894255,35.1246746],[126.989784,35.1242243],[126.9898054,35.123829],[126.9902996,35.1230011],[126.9903473,35.122774],[126.9904999,35.1224515],[126.990535,35.1220759],[126.9904998,35.1219617],[126.9903197,35.1217882],[126.9902432,35.1216185],[126.9902269,35.1212133],[126.9902945,35.1211502]]}},{"type":"Feature","properties":{"slot":"mudeungsan_osm_hiking_path","source":"openStreetMap","sourceType":"hiking_paths","name":"","sourceIndex":"2949"},"geometry":{"type":"LineString","coordinates":[[127.0278849,35.1126233],[127.0276574,35.112803],[127.0274042,35.1129172],[127.0272543,35.1129489],[127.0272155,35.1131138],[127.0272689,35.1132052],[127.0274552,35.1132288],[127.0275509,35.1134155],[127.0277854,35.1136858],[127.0278504,35.1140063],[127.0282482,35.1140449],[127.0284233,35.1140958],[127.0290068,35.114537],[127.0293186,35.1145834],[127.0296472,35.1146511],[127.0301311,35.1145548],[127.0303188,35.1145596],[127.0304824,35.1145958],[127.0306296,35.1146187],[127.030787,35.1146022],[127.0310335,35.1145025],[127.0310745,35.1144971],[127.0311317,35.1145051],[127.0312797,35.1146267],[127.0313595,35.1146737],[127.0314461,35.1146933],[127.0316143,35.1146726],[127.0317777,35.114614],[127.0318919,35.1145531],[127.0319687,35.11448],[127.0319995,35.1145097],[127.0321389,35.1146359],[127.0322594,35.1146628],[127.032456,35.1146718],[127.0325548,35.1146975],[127.0327281,35.1148481],[127.0329355,35.1149912],[127.0331088,35.1150441],[127.0332733,35.1150445],[127.0333938,35.1149494],[127.0335576,35.1148866],[127.03367,35.114816],[127.033741,35.1146714],[127.0338981,35.1145038],[127.0341379,35.114275],[127.0342922,35.1141966],[127.0346667,35.1142657],[127.0349917,35.1142584],[127.0351253,35.1143323],[127.0351689,35.1145136],[127.0351399,35.1145827],[127.0349919,35.1146973],[127.0349484,35.1147855],[127.0349978,35.1149143],[127.0351169,35.1150383],[127.0353433,35.1151932],[127.0355784,35.1152289],[127.0357003,35.1152217],[127.0360602,35.1151],[127.0362604,35.1149425],[127.0364316,35.1148566],[127.0365244,35.1147874],[127.0366491,35.1144678],[127.03671,35.114432],[127.0368783,35.1143986],[127.037056,35.1144262]]}},{"type":"Feature","properties":{"slot":"mudeungsan_osm_hiking_path","source":"openStreetMap","sourceType":"hiking_paths","name":"","sourceIndex":"2950"},"geometry":{"type":"LineString","coordinates":[[127.0337427,35.1195663],[127.0334176,35.1196301],[127.0329958,35.1196169],[127.0328394,35.1196373],[127.0319615,35.1197797],[127.0314199,35.1198603],[127.0309263,35.1195268],[127.0307064,35.1193425],[127.0304576,35.1192977],[127.0297714,35.1189173],[127.0290112,35.118974],[127.0282371,35.1190969],[127.0277989,35.1192416],[127.0273792,35.1192846],[127.0268869,35.1191626],[127.0264789,35.1189962],[127.0261709,35.1186085],[127.0256259,35.1182778],[127.0255114,35.1182415],[127.0250468,35.1182697],[127.0247412,35.1184694],[127.0242959,35.1186493],[127.0233637,35.1189925],[127.0228338,35.1189463],[127.0224296,35.1187542],[127.0221566,35.1185062],[127.022085,35.1183632],[127.0220063,35.1179659],[127.0219261,35.1176683],[127.0218548,35.1173972],[127.0218111,35.1173238],[127.0216057,35.117232],[127.0214051,35.1172011],[127.0208037,35.1171626],[127.0204684,35.1169884],[127.0202967,35.1169226],[127.0201368,35.1168939],[127.0196047,35.1168568],[127.0193124,35.1167208],[127.0192265,35.1167186],[127.0191074,35.1167322],[127.0187223,35.1171249],[127.0180338,35.1171619],[127.0179522,35.1172067],[127.0179644,35.1173042],[127.0178562,35.1173554],[127.0177112,35.1174163],[127.0176642,35.1174724],[127.0176719,35.1177634],[127.0171935,35.1177404],[127.0169223,35.1178145],[127.0168181,35.1179003],[127.0167654,35.1181161],[127.0166185,35.1181367]]}},{"type":"Feature","properties":{"slot":"mudeungsan_osm_hiking_path","source":"openStreetMap","sourceType":"hiking_paths","name":"","sourceIndex":"2951"},"geometry":{"type":"LineString","coordinates":[[127.0293186,35.1145834],[127.029239,35.1147025],[127.0290111,35.1148053],[127.0287579,35.1148442],[127.0285118,35.1148747],[127.0283184,35.1149815],[127.0282354,35.1148902],[127.0282122,35.1147572],[127.0281165,35.1147121],[127.0280132,35.1147195],[127.0279084,35.1147757],[127.0278358,35.114963],[127.0277589,35.1150656],[127.0276726,35.1150156],[127.0276143,35.114916],[127.0274981,35.1147825],[127.027394,35.1147534],[127.0272742,35.1147457],[127.0268354,35.1148739],[127.0267401,35.1149343],[127.0266197,35.1151711],[127.0263639,35.1154823],[127.0261658,35.1156007],[127.0260361,35.1155663],[127.0259354,35.1154809],[127.0258603,35.1155388],[127.0257967,35.1156622],[127.0257299,35.1159095],[127.0256461,35.11601],[127.0254999,35.1160161],[127.0249519,35.115896],[127.0248615,35.1160269],[127.0246403,35.1159285],[127.0244252,35.1162063],[127.0238829,35.1161613],[127.0234333,35.116243],[127.0231468,35.1164119],[127.0228534,35.1165999],[127.0225847,35.1166571],[127.0224195,35.116751],[127.0222917,35.116929],[127.0220316,35.1171694],[127.0218111,35.1173238]]}},{"type":"Feature","properties":{"slot":"mudeungsan_osm_hiking_path","source":"openStreetMap","sourceType":"hiking_paths","name":"","sourceIndex":"2952"},"geometry":{"type":"LineString","coordinates":[[127.0003305,35.1150702],[127.0005295,35.1146823],[127.0010751,35.1143906],[127.001436,35.1143222],[127.0020687,35.1143675],[127.0023828,35.1141408],[127.0030689,35.1141208],[127.0034122,35.1139497],[127.0044614,35.1138771],[127.0046407,35.1137566],[127.0050859,35.1136074],[127.005374,35.1137076],[127.0058906,35.113897],[127.0066269,35.1137728],[127.0070949,35.1137179],[127.0074208,35.1137463],[127.0078104,35.1137845],[127.0083129,35.1139872],[127.008554,35.1140515],[127.0090127,35.1139629],[127.0095372,35.113852],[127.0102363,35.1140796],[127.0106682,35.1140306],[127.0109814,35.1141574],[127.0113471,35.1142159],[127.0119062,35.1137844],[127.0122553,35.1136377],[127.0126498,35.1134231],[127.0131218,35.1132564],[127.0142162,35.112879],[127.0144559,35.1126908],[127.0146538,35.1122841],[127.0156224,35.1120945],[127.0158769,35.1118745],[127.0159736,35.1118311],[127.0162171,35.1117249],[127.0165753,35.1116491],[127.0174422,35.1117669],[127.0177625,35.1117923],[127.0182876,35.1117913],[127.0185721,35.1116634],[127.0188368,35.1115194],[127.0190214,35.1114391],[127.0193619,35.1112682],[127.0195768,35.1112558],[127.0199066,35.1111388],[127.0201868,35.1109394],[127.0206374,35.1108692],[127.0209997,35.1109334],[127.0213,35.1110471],[127.0213691,35.1110871],[127.0214336,35.1112061],[127.0215079,35.1112474],[127.0218015,35.1113508],[127.0224436,35.111499],[127.022688,35.1115948],[127.0230466,35.1116452],[127.0238189,35.1116256],[127.0243206,35.1117685],[127.0248313,35.1120236],[127.0252338,35.1124771],[127.0258504,35.1126111],[127.0261857,35.112632],[127.0264649,35.1127926],[127.026774,35.1130644],[127.0270737,35.1131806],[127.0272689,35.1132052]]}},{"type":"Feature","properties":{"slot":"mudeungsan_osm_hiking_path","source":"openStreetMap","sourceType":"hiking_paths","name":"","sourceIndex":"2953"},"geometry":{"type":"LineString","coordinates":[[127.0258476,35.0917262],[127.0256534,35.0917464],[127.0254842,35.0917514],[127.0253393,35.0918502],[127.0253527,35.0920016],[127.0254251,35.0921245],[127.0255266,35.0921775],[127.0257568,35.0924172],[127.025841,35.0926121],[127.025921,35.0927944],[127.0262606,35.0931203],[127.0263361,35.0934203],[127.0262625,35.0936407],[127.0262754,35.0938801],[127.0263253,35.0943032],[127.0264694,35.0945802],[127.0265031,35.0946384]]}},{"type":"Feature","properties":{"slot":"mudeungsan_osm_hiking_path","source":"openStreetMap","sourceType":"hiking_paths","name":"","sourceIndex":"2954"},"geometry":{"type":"LineString","coordinates":[[126.9925159,35.1041314],[126.9924487,35.1040275],[126.9924261,35.1039339],[126.9923092,35.103516],[126.9922825,35.1034597],[126.9922382,35.1033769],[126.9922395,35.1033023],[126.992324,35.1031322],[126.9922784,35.1030993],[126.9920851,35.1031504],[126.9921201,35.102995],[126.9921765,35.1028414],[126.9922328,35.1026144],[126.9921577,35.1023422],[126.991964,35.1020364],[126.9917017,35.1020854],[126.9915666,35.1021757],[126.9914137,35.1021682],[126.9913157,35.1020404],[126.9911103,35.10199],[126.9910255,35.1018752],[126.9909321,35.1017642],[126.9906825,35.1015303],[126.9903499,35.1013068],[126.9900307,35.1010782],[126.9898748,35.1009514],[126.9897048,35.1008467],[126.9895957,35.1008261],[126.9892684,35.1008324],[126.9890504,35.1007337],[126.9889375,35.1006513],[126.9888006,35.1005327],[126.9885517,35.1004141],[126.9884182,35.1002996],[126.9882755,35.1001192],[126.9882532,35.1000203],[126.9882412,35.0999258],[126.9882096,35.099738],[126.9880845,35.099529],[126.9880471,35.0994401],[126.98801,35.0993629],[126.9879474,35.099106],[126.9879303,35.0990292],[126.9879312,35.098914],[126.9879718,35.0988048],[126.9879862,35.098742],[126.9879985,35.098613],[126.9880721,35.0984675],[126.9881404,35.098409],[126.9880804,35.0982944],[126.988172,35.0982172],[126.9882581,35.0980088],[126.988243,35.0978511],[126.9884455,35.0976242],[126.9884945,35.0973174],[126.9886976,35.0969877],[126.9885421,35.0965379],[126.9884993,35.0961954],[126.9884985,35.0959309],[126.9885136,35.0957547],[126.9885803,35.09559],[126.988703,35.0951399],[126.9889899,35.0949259],[126.9891412,35.0948527],[126.9892248,35.0948232],[126.9894083,35.0947794],[126.9896319,35.0946783],[126.9897862,35.0945455],[126.9898107,35.0944439],[126.9898657,35.0944892],[126.989847,35.0945243],[126.9898523,35.0945551],[126.9899301,35.0946407],[126.9900119,35.0947471],[126.9900079,35.0947976],[126.9900253,35.0948744],[126.9900629,35.0949325],[126.9901112,35.0949973],[126.9901353,35.0950236],[126.9901782,35.095073],[126.9902265,35.0951136],[126.9902386,35.09513],[126.9902305,35.0952354],[126.9902225,35.0952979],[126.9902225,35.0953243],[126.9902493,35.0953682],[126.990142,35.0954219],[126.9901071,35.0954439],[126.989961,35.0955701],[126.9899127,35.0956019],[126.9898577,35.0956008],[126.9898094,35.0956337],[126.9897665,35.0957182],[126.9897343,35.0957632],[126.9896941,35.0957939],[126.9896673,35.0958312],[126.9896404,35.0959289],[126.989674,35.0960232],[126.9896565,35.0960792],[126.9895747,35.0961714],[126.9895627,35.0962186],[126.9894487,35.0963118],[126.9893923,35.0964117],[126.9893682,35.0964819],[126.9893414,35.0965093],[126.9892703,35.0965499],[126.9892529,35.096573],[126.9892408,35.0966245],[126.9892193,35.0966695],[126.9892515,35.0967409],[126.9892354,35.0967891],[126.9891952,35.0968177],[126.9891952,35.0969175],[126.9891684,35.0969833],[126.9890919,35.097092],[126.9890557,35.0971852],[126.9889793,35.0972906],[126.9889538,35.0973323],[126.9889149,35.0974201],[126.9888251,35.0976055],[126.9888385,35.0976637],[126.9887567,35.0978239],[126.988754,35.0978765],[126.9886923,35.0979983],[126.9886212,35.0980806],[126.9885555,35.0981421],[126.9884469,35.0981936],[126.9883543,35.0982232],[126.9882511,35.098282],[126.9881874,35.0983807],[126.9881404,35.098409]]}},{"type":"Feature","properties":{"slot":"mudeungsan_osm_hiking_path","source":"openStreetMap","sourceType":"hiking_paths","name":"","sourceIndex":"2955"},"geometry":{"type":"LineString","coordinates":[[126.9931354,35.1040786],[126.993252,35.104135],[126.9933244,35.1041679],[126.9933674,35.1042228],[126.9933875,35.1042689],[126.9933888,35.1043457],[126.9933217,35.1045114],[126.9932083,35.1046103],[126.9930289,35.1046797],[126.9931467,35.1047809],[126.9933553,35.1049216],[126.9933798,35.1050347],[126.9933245,35.1051093],[126.993311,35.1052519],[126.9935619,35.1055273],[126.9935927,35.1055811],[126.9935766,35.1056535],[126.9934532,35.1058005],[126.9932815,35.1058576],[126.9932158,35.1058959],[126.993204,35.1059768],[126.9932774,35.1060809],[126.9933999,35.1061486],[126.993248,35.1062492],[126.9932293,35.1063443],[126.9931825,35.1066129],[126.9932065,35.1068988],[126.9933701,35.1069043],[126.9935768,35.1068158],[126.9937192,35.1067931],[126.9937239,35.106966],[126.9937152,35.107146],[126.9937617,35.1072356],[126.9939977,35.1074681],[126.9941494,35.1075181],[126.9944805,35.107433],[126.9947272,35.1075471],[126.9949907,35.1076681],[126.9950664,35.1077256],[126.9951389,35.107831],[126.9952778,35.1078487],[126.9953624,35.1079334],[126.9955426,35.1086574],[126.9955619,35.1088435],[126.9955319,35.1089514],[126.9954215,35.1090508],[126.9954035,35.1091906],[126.9954903,35.1093986],[126.9955221,35.1094725],[126.995622,35.1095636],[126.9957064,35.1096017],[126.9958098,35.1095917],[126.9958943,35.1095707],[126.9959606,35.1097194],[126.9958468,35.1100041],[126.9958377,35.1101275],[126.9958055,35.1102723],[126.9957305,35.1103601],[126.9957394,35.1105831],[126.9957237,35.1107506],[126.9957411,35.1109725],[126.995777,35.1111718],[126.9957304,35.1113753],[126.9957423,35.1115688],[126.9959356,35.1115158],[126.9959563,35.1116186],[126.9959399,35.1118481],[126.9961018,35.1118162],[126.9962637,35.1118063],[126.9963017,35.1118589],[126.9963701,35.1119845],[126.9964063,35.1121637],[126.9964277,35.1122277],[126.9964707,35.1123217],[126.99656,35.1123764],[126.9964399,35.1126261],[126.9964645,35.1127074],[126.9964584,35.1128265],[126.9965167,35.1129028],[126.9967618,35.1128566],[126.9968088,35.1130323],[126.9969173,35.1130099],[126.9970127,35.1129333],[126.9972109,35.1129297],[126.9971983,35.1130103],[126.9971878,35.1131631],[126.9973258,35.1132636],[126.9974658,35.1133523],[126.9976115,35.1134753],[126.9979806,35.1136408]]}},{"type":"Feature","properties":{"slot":"mudeungsan_osm_hiking_path","source":"openStreetMap","sourceType":"hiking_paths","name":"","sourceIndex":"2956"},"geometry":{"type":"LineString","coordinates":[[127.0087679,35.1026289],[127.0086726,35.1025465],[127.0084977,35.1026012],[127.0083743,35.1026736],[127.0083019,35.1026187],[127.00834,35.1024932],[127.0082098,35.1023863],[127.0081338,35.1022724],[127.0079049,35.102272],[127.0078533,35.1022029],[127.0078272,35.1020218],[127.0076984,35.1019406],[127.0074969,35.1018807],[127.0074329,35.101766],[127.0073596,35.1016594],[127.0072572,35.1014623],[127.0071749,35.101382],[127.0070365,35.1010999],[127.0069602,35.1008672],[127.006828,35.1007314],[127.0064666,35.1001208],[127.0063406,35.0999939],[127.0062155,35.0997631],[127.0060764,35.0996567],[127.0059988,35.0995236],[127.0056832,35.0992851],[127.0055364,35.0990722],[127.005381,35.0989321],[127.0052708,35.0989344],[127.005142,35.0988967],[127.0051154,35.0987916],[127.0050779,35.0986797],[127.0048821,35.0985612],[127.0047185,35.0984844],[127.0045263,35.0984691]]}},{"type":"Feature","properties":{"slot":"mudeungsan_osm_hiking_path","source":"openStreetMap","sourceType":"hiking_paths","name":"","sourceIndex":"2957"},"geometry":{"type":"LineString","coordinates":[[127.0289458,35.1108659],[127.0289093,35.110777],[127.0287591,35.1107551],[127.0286465,35.1106761],[127.0286143,35.110404],[127.0285714,35.1102987],[127.0283997,35.1101407],[127.0284963,35.1098774],[127.0284319,35.1096492],[127.0283139,35.1094912],[127.0282173,35.109105],[127.0280135,35.1087891],[127.0278096,35.1084468],[127.0277023,35.1080079],[127.0275092,35.1076744],[127.0274663,35.1074111],[127.0272195,35.1068494],[127.0269835,35.1065422],[127.02649,35.1061735],[127.0262861,35.1057259],[127.0258355,35.1055416],[127.0255995,35.1051905],[127.0252669,35.1051203],[127.0249236,35.1046463],[127.0245159,35.104383],[127.0241511,35.1044093],[127.0240331,35.1043128],[127.023164,35.1041284],[127.0227992,35.1038563],[127.0225739,35.1037861],[127.0223272,35.1039178],[127.0221341,35.1039617],[127.0218336,35.1035755],[127.0214903,35.1030751],[127.0208573,35.1028469],[127.0205462,35.1025748],[127.020514,35.1020921],[127.0202243,35.101741],[127.0199035,35.1013993],[127.0197514,35.1011978],[127.0196167,35.1010963],[127.0195396,35.1010934],[127.0192364,35.1007774],[127.0191482,35.1006215]]}},{"type":"Feature","properties":{"slot":"mudeungsan_osm_hiking_path","source":"openStreetMap","sourceType":"hiking_paths","name":"","sourceIndex":"2958"},"geometry":{"type":"LineString","coordinates":[[126.9993433,35.1228318],[126.99929,35.122916],[126.9992416,35.1229444]]}},{"type":"Feature","properties":{"slot":"mudeungsan_osm_hiking_path","source":"openStreetMap","sourceType":"hiking_paths","name":"","sourceIndex":"2962"},"geometry":{"type":"LineString","coordinates":[[127.0283813,35.0881409],[127.0286334,35.0881038],[127.0289807,35.0881099],[127.0290853,35.0880484],[127.0293012,35.0877542],[127.0292899,35.0877066]]}},{"type":"Feature","properties":{"slot":"mudeungsan_osm_hiking_path","source":"openStreetMap","sourceType":"hiking_paths","name":"","sourceIndex":"2963"},"geometry":{"type":"LineString","coordinates":[[127.0286334,35.0881038],[127.0288174,35.0883004],[127.0289395,35.0883855],[127.029009,35.0883853],[127.0291139,35.0885038],[127.0289844,35.0891468],[127.0289965,35.0892325],[127.0290605,35.0892988],[127.0291123,35.0893584]]}},{"type":"Feature","properties":{"slot":"mudeungsan_osm_hiking_path","source":"openStreetMap","sourceType":"hiking_paths","name":"","sourceIndex":"2964"},"geometry":{"type":"LineString","coordinates":[[127.0287655,35.0892988],[127.0286493,35.0893555],[127.0285561,35.0894646],[127.0287212,35.0899507]]}},{"type":"Feature","properties":{"slot":"mudeungsan_osm_hiking_path","source":"openStreetMap","sourceType":"hiking_paths","name":"","sourceIndex":"2965"},"geometry":{"type":"LineString","coordinates":[[127.0287655,35.0892988],[127.0289149,35.0894945],[127.0289548,35.0895994]]}},{"type":"Feature","properties":{"slot":"mudeungsan_osm_hiking_path","source":"openStreetMap","sourceType":"hiking_paths","name":"","sourceIndex":"2966"},"geometry":{"type":"LineString","coordinates":[[126.9950029,35.0848207],[126.9950268,35.0847213],[126.9950639,35.0846371],[126.9951456,35.0845103],[126.9951847,35.0843279],[126.995192,35.0842073],[126.9952058,35.0840877],[126.9952941,35.0838398],[126.995324,35.083724],[126.9951582,35.0835137],[126.995108,35.0834687],[126.9951556,35.0832435],[126.995215,35.0830994],[126.9952876,35.0830349],[126.9953931,35.0829332],[126.9955275,35.0828341],[126.9955963,35.0827978],[126.9956176,35.0826702],[126.9956464,35.0825673],[126.9956441,35.0825217],[126.9956851,35.0824685],[126.995658,35.0823859],[126.9957174,35.0823536],[126.9957,35.0823075],[126.9957865,35.0822315],[126.9958057,35.0820335],[126.9958222,35.0819526],[126.9958272,35.0818159],[126.9958945,35.0816431],[126.9959551,35.0815994],[126.9960447,35.0815245],[126.9960754,35.0815552],[126.9962114,35.0814948],[126.9962622,35.0815],[126.9962698,35.0813826],[126.9963711,35.0813052],[126.996382,35.081227],[126.9965144,35.0812284],[126.9964651,35.0812675],[126.996594,35.081328],[126.9968008,35.0813088],[126.9970037,35.0813512],[126.9970754,35.0814338],[126.9971575,35.0814435],[126.9973098,35.0815917],[126.9974984,35.0815121],[126.9975022,35.0814692],[126.9975656,35.0814836],[126.9977766,35.0814482],[126.9978011,35.0813886],[126.9979256,35.0814182],[126.9979606,35.0814773],[126.9980198,35.0815],[126.9982106,35.0815266],[126.9985127,35.0815224],[126.998551,35.0815013],[126.9985968,35.0815378],[126.998754,35.0815704],[126.9989488,35.0814996],[126.9990538,35.0815518],[126.9992064,35.0815418],[126.9993268,35.0815891],[126.9994959,35.0815472],[126.9995894,35.0815802],[126.9995787,35.0815304],[126.9996655,35.0815741],[126.9996843,35.0816169],[126.999828,35.0816203],[127.0000075,35.0816689],[127.0002035,35.0816625],[127.0004129,35.0817207],[127.0006195,35.0816511],[127.0006808,35.0817032],[127.0008398,35.0817129],[127.0010352,35.0817034],[127.0012061,35.0817311],[127.0012705,35.0816982],[127.0015659,35.0817672],[127.0017828,35.081701],[127.0019264,35.0817442],[127.0021734,35.0816876],[127.0022755,35.0816912],[127.0023433,35.0817785],[127.0024119,35.0817726],[127.0025148,35.0817614]]}},{"type":"Feature","properties":{"slot":"mudeungsan_osm_hiking_path","source":"openStreetMap","sourceType":"hiking_paths","name":"","sourceIndex":"2967"},"geometry":{"type":"LineString","coordinates":[[127.0024119,35.0817726],[127.002271,35.0818502],[127.002158,35.081821],[127.0021437,35.0818457],[127.001904,35.0818515],[127.0017284,35.081802],[127.0017205,35.0818495],[127.0012702,35.0819345],[127.0010535,35.0818489],[127.0008398,35.0817129]]}},{"type":"Feature","properties":{"slot":"mudeungsan_osm_hiking_path","source":"openStreetMap","sourceType":"hiking_paths","name":"","sourceIndex":"2968"},"geometry":{"type":"LineString","coordinates":[[127.0024119,35.0819383],[127.002301,35.0819278],[127.001832,35.0821189],[127.001814,35.0821741],[127.0015662,35.0824119],[127.0013224,35.0829258],[127.0013254,35.0830585],[127.0012561,35.0833067],[127.0011568,35.0834426],[127.001164,35.0835561],[127.0010161,35.0837854],[127.0009868,35.0839378],[127.0008534,35.0840325],[127.000803,35.0841941],[127.0008047,35.0842967],[127.0007115,35.0844397],[127.0007024,35.0846118],[127.000592,35.0847992],[127.0005715,35.0849605],[127.0003216,35.0851978],[127.000004,35.0854013],[126.9995603,35.0857591],[126.9994852,35.0859649],[126.9994213,35.0860224],[126.9994141,35.0861754],[126.9994579,35.0863554],[126.9993764,35.0864605],[126.9993393,35.0867205],[126.9992598,35.0869024],[126.9991495,35.0870016],[126.9988161,35.0871522],[126.998769,35.087225],[126.9988129,35.0873074],[126.9989368,35.087327],[126.999073,35.0873448]]}},{"type":"Feature","properties":{"slot":"mudeungsan_osm_hiking_path","source":"openStreetMap","sourceType":"hiking_paths","name":"","sourceIndex":"2969"},"geometry":{"type":"LineString","coordinates":[[127.0021734,35.0816876],[127.0020557,35.081613],[127.0020291,35.0815308],[127.0020534,35.0815008],[127.0019436,35.0813805],[127.0019627,35.0813249],[127.0019014,35.0812325],[127.0019056,35.0811882],[127.0021456,35.0809431],[127.0021183,35.0808399],[127.0020241,35.0807533],[127.0019666,35.0806196],[127.0020393,35.0805203],[127.0022448,35.0803633],[127.0025236,35.0802845],[127.0026665,35.0802073],[127.0027832,35.0800951],[127.0027855,35.0800153],[127.0028763,35.0799173],[127.0028847,35.0798265],[127.0029516,35.0797214],[127.0029635,35.0795786],[127.0029343,35.0795062],[127.002983,35.0793745],[127.0029626,35.0792471],[127.0030623,35.0790832],[127.0029709,35.0788785],[127.0029693,35.0787504],[127.0029078,35.0786479],[127.0029239,35.0785211],[127.0028839,35.0783788],[127.0029303,35.0781707],[127.0028883,35.0781492],[127.002859,35.0780017],[127.002922,35.0778939],[127.0028948,35.077815],[127.0029886,35.0775981],[127.0029272,35.0773317],[127.0029993,35.0772855],[127.0029649,35.0771801],[127.0029824,35.0769487],[127.002951,35.0768404],[127.0028337,35.0767554],[127.0027787,35.0766633],[127.0028043,35.0765943],[127.0027842,35.0765171],[127.0026695,35.0764546],[127.0025362,35.076243],[127.0025159,35.0761491],[127.0024374,35.0760693],[127.0024059,35.0757717],[127.0023053,35.0757386],[127.0023204,35.0756763],[127.0022637,35.0755279],[127.0022539,35.0753362],[127.0022954,35.075153],[127.0021945,35.0750657],[127.0022144,35.0747595],[127.0021699,35.0747257],[127.0019486,35.074852],[127.0017446,35.0748826],[127.0016685,35.074816],[127.0016218,35.0747142],[127.0015203,35.0746464],[127.0015711,35.0745505],[127.0015516,35.0744928],[127.0012301,35.0742788],[127.0012979,35.0739022],[127.0012631,35.0738164],[127.0012867,35.0737125],[127.0012043,35.0736197],[127.0011424,35.0733347],[127.0010961,35.07327],[127.0011555,35.0731259],[127.0010175,35.0730032]]}},{"type":"Feature","properties":{"slot":"mudeungsan_osm_hiking_path","source":"openStreetMap","sourceType":"hiking_paths","name":"","sourceIndex":"2971"},"geometry":{"type":"LineString","coordinates":[[127.0012705,35.0816982],[127.0012211,35.0816032],[127.0009349,35.0814114],[127.0008195,35.0812831],[127.0008131,35.0812052],[127.0006865,35.081172],[127.000761,35.0810954],[127.0007497,35.0809752],[127.0008055,35.0807702],[127.0009463,35.0805851],[127.0010161,35.0805542],[127.0011574,35.0803457],[127.0013188,35.0802732],[127.0015768,35.0799095],[127.001807,35.0797931],[127.0020208,35.0796397],[127.0020422,35.0795507],[127.0019868,35.0794235],[127.0018954,35.0793569],[127.0016834,35.0793758],[127.0015586,35.0792564],[127.001543,35.0791392],[127.0015871,35.0790085],[127.0015822,35.0789575],[127.0015394,35.0789597],[127.0015266,35.0789272],[127.0015269,35.0787964],[127.0016863,35.0786857],[127.0018089,35.0784443],[127.0018018,35.0783331],[127.0018716,35.0783271],[127.0019297,35.0782761],[127.0019513,35.0783053],[127.0020696,35.0783075],[127.0019561,35.0780064],[127.0018647,35.0778789],[127.0019528,35.0776871],[127.0018832,35.0775576],[127.001818,35.077526],[127.001881,35.0774741],[127.001888,35.0774077],[127.0016552,35.0773979],[127.0016149,35.0773498],[127.0016381,35.0772398],[127.0015908,35.0772004],[127.0016479,35.0771488],[127.0016329,35.0769144],[127.0016752,35.0767817],[127.0016485,35.0766283],[127.0015168,35.0764239],[127.0015436,35.0763577],[127.0014972,35.0762507],[127.0015191,35.0761961],[127.0012429,35.0758341],[127.0012582,35.0756698],[127.0013518,35.0755684],[127.00136,35.0753235],[127.0014147,35.0752504],[127.0014247,35.0751585],[127.001379,35.0750906],[127.0014441,35.0750575],[127.0014125,35.0749473],[127.0013045,35.0748904],[127.0012929,35.0748112],[127.0010391,35.0747276],[127.0010147,35.0747593],[127.0009444,35.0745559],[127.0006672,35.0743877],[127.0005822,35.074211],[127.0005071,35.0742272],[127.0004869,35.0742087],[127.0004154,35.0741136],[127.0003414,35.073905],[127.0002723,35.0738375],[127.000283,35.0737314],[127.0002043,35.0736506],[127.0000601,35.0736088],[126.9998444,35.0734016],[126.9998349,35.0732834],[126.9998736,35.0732658],[126.9998398,35.0730978],[126.9998191,35.0730647],[126.9997673,35.0730707],[126.9997083,35.0729861],[126.9996503,35.0731377],[126.9995969,35.0735302],[126.999518,35.0736252],[126.9995415,35.0737397],[126.999492,35.0737832],[126.9995141,35.0738461],[126.9994453,35.0738754],[126.9994274,35.0739294],[126.9994581,35.0739698],[126.9993399,35.0741701],[126.9993416,35.0742941],[126.9992664,35.0743519],[126.9992255,35.0744414],[126.9992562,35.0746089],[126.9991265,35.0746569],[126.9991118,35.0747096],[126.9990063,35.0747387],[126.9989789,35.0748727],[126.9989043,35.0750314],[126.9988478,35.0750717],[126.998756,35.0752917],[126.9986787,35.0753111],[126.9986685,35.0752757],[126.9985973,35.0752442],[126.9985114,35.0752705],[126.9984305,35.0753651],[126.998224,35.075453],[126.9981739,35.0755168],[126.9978764,35.075559],[126.9978571,35.0756298],[126.9978221,35.0756199],[126.9977169,35.0756679],[126.9976955,35.0757293],[126.9973812,35.0757098],[126.9973055,35.0757381],[126.9971776,35.0757111],[126.9970636,35.0758339],[126.9968286,35.0759491],[126.9966341,35.0759708],[126.9964752,35.076058],[126.9958734,35.0760206],[126.9957797,35.0759822],[126.9955843,35.0759876],[126.9954514,35.0760414],[126.9953746,35.0760911],[126.9953613,35.0762077],[126.9952999,35.0762095],[126.9952258,35.0762797],[126.994997,35.0766964],[126.9948089,35.0767772],[126.9945852,35.0770223],[126.9944895,35.0771983],[126.9944116,35.07724],[126.9942725,35.0773993],[126.9941707,35.0774552],[126.99408,35.0775469],[126.9940124,35.077611],[126.993918,35.0777333],[126.9938283,35.0778522],[126.9936662,35.0779742],[126.9936202,35.0780379],[126.9935163,35.0781161],[126.993319,35.0782475],[126.9932291,35.078343],[126.9931497,35.0783936],[126.9930288,35.0784926],[126.9929551,35.0784388],[126.9928983,35.0783114],[126.9929201,35.078261],[126.9928595,35.0781235],[126.9929263,35.0780024],[126.9925818,35.0777324],[126.9925024,35.0775775],[126.9923219,35.0774047],[126.9921556,35.077124],[126.9920201,35.0770617],[126.9919445,35.0770667]]}},{"type":"Feature","properties":{"slot":"mudeungsan_osm_hiking_path","source":"openStreetMap","sourceType":"hiking_paths","name":"","sourceIndex":"2972"},"geometry":{"type":"LineString","coordinates":[[126.9906623,35.0819344],[126.9909341,35.0816919],[126.9909702,35.0815788],[126.9910921,35.081433],[126.9914489,35.0812754],[126.991594,35.0811536],[126.9915437,35.0809723],[126.9916188,35.0808301],[126.9915435,35.0807466],[126.9915282,35.0805996],[126.9914577,35.0805889],[126.9914425,35.0805299],[126.9914094,35.080531],[126.9913081,35.080409],[126.9912943,35.0800248],[126.9911619,35.0800113],[126.9911881,35.0799268],[126.9912633,35.0798463],[126.9912532,35.0798066],[126.9911931,35.0797402],[126.9910821,35.0797534],[126.990989,35.0797794],[126.990838,35.0798181],[126.9907541,35.07987],[126.9906329,35.0799443],[126.9905294,35.0800448],[126.9905068,35.0800958],[126.9904951,35.0801623],[126.9901704,35.0800652],[126.9901591,35.0800126],[126.9899206,35.0799895],[126.989682,35.0797971],[126.9896507,35.0797403],[126.9895919,35.0797302],[126.9892387,35.0798314],[126.9889113,35.0798304],[126.9887571,35.0798858],[126.9885134,35.079762],[126.9884869,35.0796817]]}},{"type":"Feature","properties":{"slot":"mudeungsan_osm_hiking_path","source":"openStreetMap","sourceType":"hiking_paths","name":"","sourceIndex":"2973"},"geometry":{"type":"LineString","coordinates":[[126.9884869,35.0796817],[126.9883654,35.0797836],[126.9883015,35.0799215],[126.9880903,35.0800448],[126.9880146,35.0801987],[126.9879656,35.080226],[126.9878628,35.0802021],[126.987812,35.0802301],[126.9877844,35.0802971],[126.9876515,35.0803848],[126.9876137,35.0804619],[126.9874847,35.0805675],[126.9874073,35.0805849],[126.987381,35.080653],[126.9875376,35.0807119],[126.9875445,35.0807396],[126.9877611,35.0807595],[126.9877784,35.0808564],[126.9878403,35.0808758],[126.9878434,35.0809813],[126.9880159,35.0810198],[126.9881009,35.0810079],[126.9882049,35.0810911],[126.9883129,35.0811276],[126.9884268,35.0811222],[126.9886156,35.0812276],[126.9887668,35.0812203],[126.9888556,35.081293],[126.9889672,35.081337],[126.9891379,35.0813799],[126.9892281,35.081355],[126.9894584,35.0814515],[126.9895253,35.0814383],[126.9896141,35.0814824],[126.9897164,35.0816451],[126.9897577,35.0816132],[126.9898005,35.0816434],[126.9898424,35.0815453],[126.9899236,35.0815029],[126.9900005,35.0815517],[126.9900694,35.0815381],[126.9901121,35.0816954],[126.9902093,35.081597],[126.9902125,35.0816421],[126.9902959,35.0816037],[126.9903062,35.0816824],[126.9903482,35.0816226],[126.9904689,35.0816325],[126.9905121,35.0817013],[126.990497,35.0818068],[126.9905442,35.0817575],[126.9905989,35.0817819],[126.9905947,35.0818256],[126.9906547,35.0818063],[126.9906187,35.0818714],[126.9906623,35.0819344]]}},{"type":"Feature","properties":{"slot":"mudeungsan_osm_hiking_path","source":"openStreetMap","sourceType":"hiking_paths","name":"","sourceIndex":"2974"},"geometry":{"type":"LineString","coordinates":[[126.9906623,35.0819344],[126.9907218,35.0819699],[126.9907166,35.082025],[126.9906827,35.0821291],[126.9906992,35.0821901],[126.9906448,35.0822386],[126.9905815,35.082477],[126.9905911,35.0826584],[126.9908474,35.0827879],[126.9909277,35.0829251],[126.9913002,35.0830827],[126.9914071,35.083234],[126.9915322,35.0833363],[126.9915335,35.0834289],[126.9916111,35.0835442],[126.9915839,35.0836219],[126.9915472,35.0836301],[126.9915092,35.0837704],[126.9915865,35.0839749],[126.9914599,35.0842481],[126.9915414,35.0842887],[126.9915076,35.0843321],[126.9915184,35.0846514],[126.9914261,35.084704],[126.991427,35.0848011],[126.991552,35.0849082],[126.9915201,35.0850386],[126.9916328,35.0850576],[126.9916281,35.0851025],[126.9916735,35.0851209],[126.9917009,35.0851101],[126.9917015,35.0850442],[126.991751,35.0850392],[126.9917738,35.0850018],[126.9918871,35.0850125],[126.9919698,35.0849789],[126.9921107,35.0849775],[126.9922187,35.0850371],[126.9922771,35.0850113],[126.9922642,35.0849255],[126.9923111,35.084903],[126.9924168,35.0849171],[126.9925155,35.084974],[126.9926412,35.0848963],[126.992844,35.0848415],[126.9928801,35.0848025],[126.9929739,35.0848472],[126.9929825,35.0849128],[126.9930798,35.0849779],[126.9930757,35.0850188],[126.993139,35.0849653],[126.993134,35.0850711],[126.9932034,35.0849827],[126.9932161,35.0847848],[126.9933327,35.084811],[126.993434,35.0849592],[126.993502,35.0849907],[126.9936636,35.084859],[126.9938062,35.0848786],[126.9939065,35.0848344],[126.9939401,35.0848458],[126.9939296,35.0848693],[126.9939775,35.0848704],[126.994113,35.0847901],[126.9941748,35.0847851],[126.994234,35.0848316],[126.9943789,35.084802],[126.9943967,35.0847658],[126.994507,35.0847812],[126.9945114,35.0848207],[126.994613,35.0848728],[126.9946855,35.0848768],[126.994725,35.084835],[126.9948768,35.0847867],[126.9950029,35.0848207]]}},{"type":"Feature","properties":{"slot":"mudeungsan_osm_hiking_path","source":"openStreetMap","sourceType":"hiking_paths","name":"","sourceIndex":"2975"},"geometry":{"type":"LineString","coordinates":[[126.9897715,35.0944197],[126.9897673,35.0943737],[126.9897251,35.0943091],[126.9897658,35.0941947],[126.9897734,35.0940909],[126.989723,35.0940088],[126.9897597,35.0939716],[126.9897099,35.0939264],[126.9897361,35.0938997],[126.9896876,35.0938391],[126.9896354,35.0938274],[126.9896351,35.0937777],[126.9894111,35.0937033],[126.9892697,35.0936089],[126.989281,35.0934873],[126.9891048,35.0933183],[126.9890389,35.0931719],[126.9889566,35.0931403],[126.9889077,35.0930564],[126.988949,35.0930095],[126.9889191,35.0928726],[126.9887687,35.0924791],[126.9887103,35.0924105],[126.9887348,35.0923208],[126.988636,35.0922913],[126.988608,35.0921884],[126.988705,35.0920799],[126.9885869,35.0918878],[126.9885782,35.0916124],[126.9885071,35.091573],[126.9884436,35.0914592],[126.9885388,35.0911734],[126.9887463,35.0908557],[126.9887511,35.0907394],[126.9886807,35.090621],[126.9887899,35.0905079],[126.9888487,35.090331],[126.9889529,35.0902491],[126.9890301,35.0900779],[126.9891386,35.0900355],[126.9891671,35.0898799],[126.9892308,35.0898365],[126.9893721,35.089581],[126.9893951,35.0894714],[126.9894316,35.0893353],[126.9893928,35.0893114],[126.9894229,35.0892124],[126.9893806,35.0891095],[126.9893223,35.0889949],[126.9892726,35.0889145],[126.9892312,35.0888806],[126.9891067,35.0887725],[126.9891214,35.0886305],[126.9891939,35.0884989],[126.9891,35.088433],[126.9888575,35.0883605],[126.9888779,35.0882025],[126.9889149,35.0881016],[126.9888049,35.0880204],[126.9889122,35.0878843],[126.9888903,35.0877049],[126.9889081,35.0875858],[126.9889162,35.0874173],[126.9889352,35.0873001],[126.988842,35.0871617],[126.9887786,35.0871207],[126.9887706,35.0869845],[126.9886863,35.0869602],[126.988553,35.0868027],[126.9885486,35.0867397],[126.9884495,35.0866446],[126.9883338,35.0864302],[126.9883135,35.0862583],[126.9882666,35.0861965],[126.9881805,35.0861584],[126.9879238,35.0857834],[126.9878513,35.0856094],[126.9876205,35.0853938],[126.9875771,35.0851847],[126.9875524,35.0849897],[126.9874294,35.0848797],[126.9874854,35.0847849],[126.9874149,35.0839681],[126.9873404,35.0838313],[126.9868907,35.0836603],[126.9866339,35.0834683],[126.9865935,35.0833956],[126.9864994,35.0828854],[126.9861981,35.0827571],[126.9855566,35.0825916],[126.9855269,35.0825269],[126.985652,35.0824543],[126.9856756,35.082393],[126.985494,35.082041],[126.9855891,35.0819702],[126.985602,35.0817826],[126.9854063,35.0814841],[126.9852719,35.0814425],[126.9851607,35.0813318],[126.9851698,35.0810515],[126.9850407,35.0809613],[126.9848182,35.081014],[126.984089,35.0815269]]}},{"type":"Feature","properties":{"slot":"mudeungsan_osm_hiking_path","source":"openStreetMap","sourceType":"hiking_paths","name":"","sourceIndex":"2976"},"geometry":{"type":"LineString","coordinates":[[126.9564844,35.0769986],[126.9566561,35.077068],[126.9567966,35.0771346],[126.9568959,35.0773465],[126.9571749,35.0777361],[126.9572015,35.0779456],[126.9574311,35.0782114],[126.9576885,35.0783618],[126.9579097,35.0785913],[126.9582333,35.0787931],[126.9584394,35.0788981],[126.9586623,35.0789555],[126.9589144,35.0790104],[126.9592068,35.0790608],[126.9593945,35.0790674],[126.9595098,35.0793199],[126.9596359,35.0794647],[126.9596225,35.079625],[126.9596333,35.0797588],[126.9597486,35.0799235],[126.9596869,35.0800969],[126.9594478,35.0805429],[126.9593946,35.080642],[126.9593601,35.0806475],[126.9593609,35.080718],[126.9592912,35.080808],[126.9592684,35.0809094],[126.9590502,35.0810504],[126.959021,35.0812562],[126.9589899,35.0813253],[126.9589184,35.0813519],[126.9589179,35.0814228],[126.958847,35.0813738],[126.9588341,35.0813892],[126.9588204,35.081564],[126.9587614,35.0816433],[126.9587572,35.0817356],[126.9587311,35.0817161],[126.9587221,35.0817581],[126.9586911,35.0817294],[126.9586624,35.0817815],[126.9585034,35.081828],[126.9585152,35.0819597],[126.9584683,35.0820613],[126.9584518,35.0822921],[126.9584838,35.0825167],[126.9585355,35.0826086],[126.9586599,35.0827054],[126.9589456,35.0828546],[126.959052,35.0828631],[126.9592332,35.0829569],[126.9595099,35.083499],[126.9597322,35.0836997],[126.9597389,35.0837384],[126.9598122,35.0837723],[126.9598686,35.0839036],[126.960029,35.0840204],[126.9600759,35.0840995],[126.9600853,35.0843237],[126.9601327,35.084368],[126.9601989,35.0846072],[126.9603846,35.0847595],[126.9606454,35.0850962],[126.9606471,35.085163],[126.9610076,35.0853788],[126.9612587,35.0854638],[126.9614163,35.0855727],[126.9615982,35.0858158],[126.9616641,35.0859856],[126.9617542,35.0860224],[126.9617882,35.0860981],[126.9618536,35.086146],[126.9618633,35.086233],[126.9621081,35.0865316],[126.9622364,35.0866648],[126.9624677,35.0868209],[126.9624729,35.0868593],[126.9626592,35.0870544],[126.9627569,35.0870641],[126.9627885,35.0871558],[126.9629974,35.0873637],[126.9632382,35.087426],[126.9637819,35.0874254],[126.9640284,35.0874792],[126.9640463,35.0875889],[126.9640968,35.0876421],[126.9643525,35.0876961],[126.9646114,35.0878676],[126.9647085,35.0879319],[126.9648496,35.0880354],[126.96494,35.0881331],[126.9650642,35.0882459],[126.9651528,35.0883279],[126.9652136,35.0883873],[126.9652492,35.088435],[126.9653181,35.08848],[126.9654739,35.0886623],[126.9656043,35.0887706],[126.9657102,35.0888571],[126.9658063,35.0888753],[126.9659075,35.0889253],[126.9660385,35.0890219],[126.9661912,35.0890947],[126.966357,35.0891419],[126.9665357,35.089387],[126.9668088,35.0895649],[126.9669728,35.0896017],[126.9671851,35.0896033],[126.9675185,35.0896285],[126.9677576,35.0896423],[126.9678244,35.0897206],[126.9679481,35.089774],[126.9680768,35.0898563],[126.9681989,35.0899232],[126.968407,35.0899917],[126.9685207,35.0900418],[126.9686402,35.0900452],[126.9688411,35.0900659],[126.968901,35.0901009],[126.9689208,35.0901356],[126.9689641,35.0902254],[126.9690964,35.0902384],[126.9692317,35.0903085],[126.9692785,35.0903695],[126.9694274,35.0904315],[126.9695522,35.0904457],[126.9696309,35.0904174],[126.9696715,35.0904208],[126.9697923,35.0904202],[126.9699579,35.0904616],[126.9701109,35.0904265],[126.9703715,35.090416],[126.9704737,35.0904617],[126.9705391,35.0904862],[126.9706491,35.090475],[126.9707282,35.090518],[126.9708415,35.0905282],[126.9709588,35.0905275],[126.9711359,35.0905059],[126.9712405,35.0904653],[126.9714124,35.0904507],[126.9715204,35.0903962],[126.9715901,35.0903627],[126.971698,35.090358],[126.9719014,35.0903056],[126.9719917,35.0902994],[126.9720475,35.0903384],[126.9721251,35.090413],[126.9721967,35.0904944],[126.9722515,35.090599],[126.9723257,35.0906861],[126.972407,35.0908405],[126.9724843,35.0909227],[126.9728307,35.0910043],[126.9728907,35.0910652],[126.9729058,35.0911371],[126.9731821,35.0913635],[126.9734707,35.0914555],[126.9735359,35.0915251],[126.9736245,35.0915691],[126.9736395,35.0916154],[126.9737905,35.0916624],[126.9738868,35.09169],[126.9741116,35.0917098],[126.9742076,35.091768],[126.974428,35.0917704],[126.9746247,35.0917003],[126.9747864,35.0917209],[126.9750231,35.0918109],[126.9754181,35.0918013],[126.9755371,35.0918225],[126.975687,35.0917514],[126.9759665,35.0917101],[126.9762307,35.0916527],[126.9766077,35.0914968],[126.9767166,35.0914351],[126.9768958,35.0914781],[126.976935,35.0915146],[126.9770445,35.0915271],[126.9771012,35.091598],[126.9771782,35.0916142],[126.9772764,35.0917348],[126.9776456,35.0919549],[126.9778882,35.0919265],[126.9784436,35.0917251],[126.9787413,35.0915605],[126.9788256,35.0914435],[126.9791032,35.0917164],[126.9793676,35.0916137],[126.9794252,35.091769],[126.9795219,35.0917876],[126.9799637,35.0919894],[126.9801224,35.0921119],[126.980212,35.0921338],[126.9803546,35.092231],[126.9806706,35.0923737],[126.9808128,35.0924271],[126.9809913,35.0924454],[126.9810733,35.0925102],[126.9812572,35.0925064],[126.9814698,35.0926652],[126.981882,35.0929408],[126.9819832,35.0929883],[126.9820843,35.0929935],[126.9822454,35.0930773],[126.9822792,35.0931233],[126.9824535,35.0931418],[126.9826403,35.0932887],[126.982756,35.0932939],[126.9828575,35.0933562],[126.9833722,35.0933592],[126.9835827,35.0933864],[126.9837543,35.0933623],[126.9838929,35.0934199],[126.9840735,35.0933689],[126.9842887,35.0933876],[126.9844624,35.0933996],[126.9845111,35.0934518],[126.9848881,35.0936188],[126.985693,35.0936989],[126.9858973,35.0936788],[126.9859959,35.0937049],[126.9861182,35.0937243],[126.9862889,35.0937526],[126.9863906,35.0937652],[126.9865275,35.0937748],[126.9867311,35.093788],[126.9869033,35.0938875],[126.9871093,35.0939051],[126.9871956,35.0939549],[126.9874169,35.0939726],[126.9875231,35.0939498],[126.9875913,35.0939804],[126.9876964,35.0939814],[126.9878609,35.0940095],[126.9882039,35.0941729],[126.9884523,35.0941905],[126.9886896,35.0942444],[126.9888278,35.0942768],[126.9889573,35.094344],[126.989041,35.0943872],[126.9891872,35.0943762],[126.9893169,35.0943713],[126.989572,35.0944135],[126.9897715,35.0944197],[126.9898107,35.0944439],[126.9899729,35.094436],[126.9901222,35.0943533],[126.9903273,35.0943095],[126.9904199,35.0942116],[126.9905358,35.0941838],[126.9906435,35.0941654],[126.9907207,35.094095],[126.9907704,35.094039],[126.9908727,35.093968],[126.9909502,35.0938662],[126.9910869,35.0937645],[126.9913662,35.0936733],[126.9914717,35.0936704],[126.9915045,35.0936547],[126.9915593,35.0936239],[126.9915716,35.0935502],[126.991635,35.0934702],[126.9919141,35.0932923],[126.9919387,35.0932583],[126.9921081,35.0932595],[126.9921582,35.0932076],[126.9923937,35.0931538],[126.992612,35.0931768],[126.9928305,35.0931875],[126.99292,35.0931213],[126.9929181,35.0929579],[126.9928693,35.0929099],[126.9929333,35.0927018],[126.9929774,35.0926591],[126.9929753,35.0925383],[126.992945,35.0925001],[126.9930836,35.0923589],[126.9930593,35.0923115],[126.9931315,35.0922901],[126.9931866,35.0921842],[126.9931901,35.0919911],[126.9932306,35.0918677],[126.9932779,35.09169],[126.9933888,35.0915293],[126.993418,35.0914105],[126.9933979,35.0913632],[126.9934384,35.0911906],[126.9934146,35.090984],[126.9933693,35.0908839],[126.9935009,35.0908352],[126.9934885,35.0905798],[126.9934879,35.0904928],[126.9934307,35.0903046],[126.9936479,35.090135],[126.9936578,35.0900729],[126.993772,35.0899538],[126.9937675,35.0898512],[126.9938478,35.0897518],[126.9938463,35.0896972],[126.9939452,35.0896298],[126.9939622,35.0893759],[126.9941622,35.0891774],[126.9941684,35.0890984],[126.9942555,35.0889579],[126.9942667,35.0888508],[126.9943751,35.0887522],[126.9944456,35.0886305],[126.9945234,35.0884789],[126.9945804,35.088376],[126.9945718,35.0882446],[126.9946259,35.0881259],[126.9947202,35.0880522],[126.9947373,35.0878726],[126.9947801,35.0876848],[126.9947822,35.0875496],[126.9948242,35.08744],[126.9947675,35.0873685],[126.9947596,35.0872694],[126.9947179,35.0870827],[126.9945524,35.0868857],[126.994456,35.086775],[126.9944513,35.0866758],[126.9944587,35.0866033],[126.9944504,35.0865312],[126.9945017,35.0864013],[126.9944824,35.0861521],[126.9945288,35.0859913],[126.9945395,35.085909],[126.9945582,35.0858784],[126.9947157,35.0856029],[126.994764,35.0855867],[126.9947594,35.0854744],[126.9947809,35.0853866],[126.9948088,35.0851303],[126.9948895,35.0850058],[126.994919,35.0849125],[126.9950029,35.0848207]]}},{"type":"Feature","properties":{"slot":"mudeungsan_osm_hiking_path","source":"openStreetMap","sourceType":"hiking_paths","name":"","sourceIndex":"2981"},"geometry":{"type":"LineString","coordinates":[[127.0373758,35.0835592],[127.0372855,35.0836611],[127.0371911,35.0838018],[127.0371271,35.0838586],[127.0368531,35.0839744],[127.0367041,35.0840798],[127.0365766,35.0842155],[127.0364249,35.0843289],[127.0362741,35.0843688],[127.036068,35.0844727],[127.0359608,35.0845205],[127.0358276,35.0846102],[127.0357047,35.0847307],[127.03571,35.0848116],[127.0356459,35.0848827],[127.0352608,35.0849806],[127.0350048,35.0851135],[127.0347297,35.0851803],[127.0346849,35.0853562],[127.0345542,35.0853909],[127.0343488,35.0854064],[127.0341749,35.0854577],[127.0339599,35.085481],[127.0336666,35.0855901],[127.0334039,35.0856356],[127.0332884,35.0855876],[127.033161,35.0855918],[127.0331206,35.085556],[127.0328138,35.0855619],[127.0327043,35.0854687],[127.0325021,35.0853918],[127.0323004,35.0852221],[127.0322512,35.0852242],[127.0321958,35.0852907],[127.0321661,35.0854167],[127.0317651,35.0856888],[127.0315119,35.0859186],[127.0313091,35.0859559],[127.0311173,35.0860694],[127.0310101,35.0860999],[127.0303356,35.0860901],[127.0299233,35.0863003],[127.0293204,35.086436],[127.0291231,35.086509],[127.0289084,35.0870935],[127.0287478,35.0873428],[127.0287236,35.0875259],[127.0286564,35.0876208],[127.0285767,35.0878942],[127.0283813,35.0881409],[127.0281803,35.0883542],[127.0279699,35.0886913],[127.0278491,35.0890573],[127.0277774,35.089222],[127.0277062,35.089328],[127.0275749,35.0894689],[127.0274101,35.0896342],[127.0273134,35.089673],[127.0271341,35.0897838],[127.0271055,35.0898069],[127.0271553,35.0898875],[127.0270752,35.0899497],[127.0270907,35.0900561],[127.0269983,35.0901263],[127.0269862,35.0901888],[127.0268718,35.0903504],[127.0268857,35.0904571],[127.0267504,35.090669],[127.0267005,35.0907474],[127.0266603,35.0907693],[127.026502,35.0908461],[127.0264712,35.0908801],[127.0265329,35.0909954],[127.0265691,35.0910371],[127.0265423,35.0910963],[127.0265342,35.091115]]}},{"type":"Feature","properties":{"slot":"mudeungsan_osm_hiking_path","source":"openStreetMap","sourceType":"hiking_paths","name":"","sourceIndex":"2988"},"geometry":{"type":"LineString","coordinates":[[126.9324195,35.144174],[126.9325635,35.1437376]]}},{"type":"Feature","properties":{"slot":"mudeungsan_osm_hiking_path","source":"openStreetMap","sourceType":"hiking_paths","name":"","sourceIndex":"2989"},"geometry":{"type":"LineString","coordinates":[[126.9323966,35.144642],[126.9324195,35.144174],[126.9320716,35.1443161],[126.9318787,35.1443927],[126.9317788,35.1444086],[126.9316497,35.1444063],[126.9315941,35.1444063],[126.9315733,35.1444165],[126.9315567,35.1444358],[126.9315594,35.1444755],[126.9316522,35.1446781],[126.9316691,35.144715],[126.931708,35.1447865],[126.9318221,35.1449554]]}},{"type":"Feature","properties":{"slot":"mudeungsan_osm_hiking_path","source":"openStreetMap","sourceType":"hiking_paths","name":"","sourceIndex":"2990"},"geometry":{"type":"LineString","coordinates":[[126.9328747,35.1446584],[126.9328942,35.1442582],[126.9329462,35.1437602],[126.9325635,35.1437376],[126.9324813,35.1437211],[126.932346,35.1436622],[126.932209,35.1436082]]}},{"type":"Feature","properties":{"slot":"mudeungsan_osm_hiking_path","source":"openStreetMap","sourceType":"hiking_paths","name":"","sourceIndex":"2991"},"geometry":{"type":"LineString","coordinates":[[126.9311974,35.1421782],[126.9314816,35.1422496]]}},{"type":"Feature","properties":{"slot":"mudeungsan_osm_hiking_path","source":"openStreetMap","sourceType":"hiking_paths","name":"","sourceIndex":"2994"},"geometry":{"type":"LineString","coordinates":[[126.9340674,35.1380363],[126.9341027,35.138041]]}},{"type":"Feature","properties":{"slot":"mudeungsan_osm_hiking_path","source":"openStreetMap","sourceType":"hiking_paths","name":"","sourceIndex":"2995"},"geometry":{"type":"LineString","coordinates":[[126.9348549,35.1415273],[126.93471,35.1415226]]}},{"type":"Feature","properties":{"slot":"mudeungsan_osm_hiking_path","source":"openStreetMap","sourceType":"hiking_paths","name":"","sourceIndex":"2996"},"geometry":{"type":"LineString","coordinates":[[126.9343111,35.1427009],[126.9344317,35.142713],[126.9345835,35.1427326]]}},{"type":"Feature","properties":{"slot":"mudeungsan_osm_hiking_path","source":"openStreetMap","sourceType":"hiking_paths","name":"","sourceIndex":"2997"},"geometry":{"type":"LineString","coordinates":[[126.9340617,35.1438289],[126.934168,35.1438404],[126.9343023,35.1438548]]}},{"type":"Feature","properties":{"slot":"mudeungsan_osm_hiking_path","source":"openStreetMap","sourceType":"hiking_paths","name":"","sourceIndex":"2998"},"geometry":{"type":"LineString","coordinates":[[126.9339617,35.1460143],[126.93414,35.1460554]]}},{"type":"Feature","properties":{"slot":"mudeungsan_osm_hiking_path","source":"openStreetMap","sourceType":"hiking_paths","name":"","sourceIndex":"2999"},"geometry":{"type":"LineString","coordinates":[[126.9326324,35.1457557],[126.9326667,35.1458196],[126.9328753,35.1457318],[126.9330346,35.1456658],[126.9331217,35.1456297]]}},{"type":"Feature","properties":{"slot":"mudeungsan_osm_hiking_path","source":"openStreetMap","sourceType":"hiking_paths","name":"","sourceIndex":"3000"},"geometry":{"type":"LineString","coordinates":[[126.9327353,35.1452162],[126.9327572,35.1452523],[126.9327822,35.1453198],[126.9327263,35.1454565]]}},{"type":"Feature","properties":{"slot":"mudeungsan_osm_hiking_path","source":"openStreetMap","sourceType":"hiking_paths","name":"","sourceIndex":"3001"},"geometry":{"type":"LineString","coordinates":[[126.9325812,35.144644],[126.9325693,35.1446985],[126.9325382,35.1447334],[126.9324598,35.1447694],[126.9323956,35.1447895],[126.9324237,35.1448768]]}},{"type":"Feature","properties":{"slot":"mudeungsan_osm_hiking_path","source":"openStreetMap","sourceType":"hiking_paths","name":"","sourceIndex":"3002"},"geometry":{"type":"LineString","coordinates":[[126.9324195,35.144174],[126.9325263,35.1441698]]}},{"type":"Feature","properties":{"slot":"mudeungsan_osm_hiking_path","source":"openStreetMap","sourceType":"hiking_paths","name":"","sourceIndex":"3003"},"geometry":{"type":"LineString","coordinates":[[126.9328942,35.1442582],[126.9330024,35.1442655]]}},{"type":"Feature","properties":{"slot":"mudeungsan_osm_hiking_path","source":"openStreetMap","sourceType":"hiking_paths","name":"","sourceIndex":"3004"},"geometry":{"type":"LineString","coordinates":[[126.9329462,35.1437602],[126.9330377,35.1437699]]}},{"type":"Feature","properties":{"slot":"mudeungsan_osm_hiking_path","source":"openStreetMap","sourceType":"hiking_paths","name":"","sourceIndex":"3005"},"geometry":{"type":"LineString","coordinates":[[126.9328747,35.1446584],[126.932973,35.1446784]]}},{"type":"Feature","properties":{"slot":"mudeungsan_osm_hiking_path","source":"openStreetMap","sourceType":"hiking_paths","name":"","sourceIndex":"3011"},"geometry":{"type":"LineString","coordinates":[[126.9300256,35.1387833],[126.9300185,35.1387755]]}},{"type":"Feature","properties":{"slot":"mudeungsan_osm_hiking_path","source":"openStreetMap","sourceType":"hiking_paths","name":"","sourceIndex":"3012"},"geometry":{"type":"LineString","coordinates":[[126.9310735,35.137771],[126.9310896,35.137729]]}},{"type":"Feature","properties":{"slot":"mudeungsan_osm_hiking_path","source":"openStreetMap","sourceType":"hiking_paths","name":"","sourceIndex":"3013"},"geometry":{"type":"LineString","coordinates":[[126.9317587,35.137935],[126.9317829,35.1378958]]}},{"type":"Feature","properties":{"slot":"mudeungsan_osm_hiking_path","source":"openStreetMap","sourceType":"hiking_paths","name":"","sourceIndex":"3014"},"geometry":{"type":"LineString","coordinates":[[126.9343865,35.138895],[126.9344276,35.1388812]]}},{"type":"Feature","properties":{"slot":"mudeungsan_osm_hiking_path","source":"openStreetMap","sourceType":"hiking_paths","name":"","sourceIndex":"3015"},"geometry":{"type":"LineString","coordinates":[[126.9330753,35.1425652],[126.933114,35.1424917],[126.9331558,35.1424293],[126.9331091,35.1423817],[126.9331136,35.1422571],[126.9331812,35.1420838]]}},{"type":"Feature","properties":{"slot":"mudeungsan_osm_hiking_path","source":"openStreetMap","sourceType":"hiking_paths","name":"","sourceIndex":"3016"},"geometry":{"type":"LineString","coordinates":[[126.9349238,35.1407849],[126.9349403,35.1408596],[126.9350271,35.1410797]]}},{"type":"Feature","properties":{"slot":"mudeungsan_osm_hiking_path","source":"openStreetMap","sourceType":"hiking_paths","name":"","sourceIndex":"3018"},"geometry":{"type":"LineString","coordinates":[[126.931749,35.1415508],[126.931812,35.1410486],[126.9317597,35.1410157],[126.9316725,35.1409861],[126.9314727,35.1409416],[126.9311012,35.1408978],[126.9307552,35.1408632],[126.9304973,35.1408441],[126.9303093,35.1408353],[126.929968,35.1407985],[126.9298258,35.1407947],[126.929746,35.1408237],[126.9295375,35.1409093],[126.9294503,35.1409553],[126.9293645,35.1410387],[126.9292706,35.1411758],[126.9292555,35.1412006],[126.9291754,35.1413315],[126.9290896,35.1414554],[126.9289816,35.1415448],[126.9288086,35.1416451],[126.9286457,35.1417279],[126.9286028,35.1417877],[126.9286543,35.1419317]]}},{"type":"Feature","properties":{"slot":"mudeungsan_osm_hiking_path","source":"openStreetMap","sourceType":"hiking_paths","name":"","sourceIndex":"3020"},"geometry":{"type":"LineString","coordinates":[[126.9314935,35.1445737],[126.9314755,35.1445362],[126.9314338,35.1444623],[126.9314157,35.1443941],[126.9314282,35.1443339],[126.931435,35.1442994],[126.9314449,35.1442498],[126.9314546,35.1441657],[126.931484,35.1440955],[126.9315544,35.1441141],[126.9317165,35.1438747],[126.9319288,35.1435406]]}},{"type":"Feature","properties":{"slot":"mudeungsan_osm_hiking_path","source":"openStreetMap","sourceType":"hiking_paths","name":"","sourceIndex":"3021"},"geometry":{"type":"LineString","coordinates":[[126.9312049,35.1400455],[126.9312231,35.1399248],[126.9312655,35.1396219],[126.9312877,35.1394625]]}},{"type":"Feature","properties":{"slot":"mudeungsan_osm_hiking_path","source":"openStreetMap","sourceType":"hiking_paths","name":"","sourceIndex":"3022"},"geometry":{"type":"LineString","coordinates":[[126.932281,35.139388],[126.9321338,35.1391633]]}},{"type":"Feature","properties":{"slot":"mudeungsan_osm_hiking_path","source":"openStreetMap","sourceType":"hiking_paths","name":"","sourceIndex":"3023"},"geometry":{"type":"LineString","coordinates":[[126.9324729,35.1381519],[126.9321482,35.1381427]]}},{"type":"Feature","properties":{"slot":"mudeungsan_osm_hiking_path","source":"openStreetMap","sourceType":"hiking_paths","name":"","sourceIndex":"3030"},"geometry":{"type":"LineString","coordinates":[[126.9302409,35.1431178],[126.9310396,35.1432039]]}},{"type":"Feature","properties":{"slot":"mudeungsan_osm_hiking_path","source":"openStreetMap","sourceType":"hiking_paths","name":"","sourceIndex":"3031"},"geometry":{"type":"LineString","coordinates":[[126.9310396,35.1432039],[126.9311839,35.1421771],[126.9313234,35.141185]]}},{"type":"Feature","properties":{"slot":"mudeungsan_osm_hiking_path","source":"openStreetMap","sourceType":"hiking_paths","name":"","sourceIndex":"3032"},"geometry":{"type":"LineString","coordinates":[[126.9301343,35.1430555],[126.9293329,35.1429747],[126.9293945,35.1425157],[126.9294599,35.1420286]]}},{"type":"Feature","properties":{"slot":"mudeungsan_osm_hiking_path","source":"openStreetMap","sourceType":"hiking_paths","name":"","sourceIndex":"3033"},"geometry":{"type":"LineString","coordinates":[[126.9301343,35.1430555],[126.930323,35.1421078]]}},{"type":"Feature","properties":{"slot":"mudeungsan_osm_hiking_path","source":"openStreetMap","sourceType":"hiking_paths","name":"","sourceIndex":"3034"},"geometry":{"type":"LineString","coordinates":[[126.930323,35.1421078],[126.9304716,35.1410975]]}},{"type":"Feature","properties":{"slot":"mudeungsan_osm_hiking_path","source":"openStreetMap","sourceType":"hiking_paths","name":"","sourceIndex":"3035"},"geometry":{"type":"LineString","coordinates":[[126.9304716,35.1410975],[126.9313234,35.141185]]}},{"type":"Feature","properties":{"slot":"mudeungsan_osm_hiking_path","source":"openStreetMap","sourceType":"hiking_paths","name":"","sourceIndex":"3036"},"geometry":{"type":"LineString","coordinates":[[126.9304716,35.1410975],[126.9304482,35.141046],[126.9304576,35.1409661],[126.9304886,35.1409128]]}},{"type":"Feature","properties":{"slot":"mudeungsan_osm_hiking_path","source":"openStreetMap","sourceType":"hiking_paths","name":"","sourceIndex":"3088"},"geometry":{"type":"LineString","coordinates":[[126.9675511,35.079818],[126.9676496,35.0801903],[126.9675753,35.0803496],[126.9675718,35.0803902],[126.9676143,35.0805234]]}},{"type":"Feature","properties":{"slot":"mudeungsan_osm_hiking_path","source":"openStreetMap","sourceType":"hiking_paths","name":"","sourceIndex":"3109"},"geometry":{"type":"LineString","coordinates":[[126.9322737,35.1413594],[126.9319333,35.1413267],[126.9319005,35.141564],[126.9318248,35.1415574],[126.931749,35.1415508]]}},{"type":"Feature","properties":{"slot":"mudeungsan_osm_hiking_path","source":"openStreetMap","sourceType":"hiking_paths","name":"대동산 등산로","sourceIndex":"3147"},"geometry":{"type":"LineString","coordinates":[[127.0026148,35.0818088],[127.0028137,35.0815987],[127.003119,35.0815368],[127.0035433,35.0815329],[127.0038651,35.0815285],[127.0042514,35.0815504],[127.0045893,35.0815724],[127.0050514,35.0815724],[127.0053511,35.0815372],[127.0056193,35.0815197],[127.0058982,35.0814363],[127.0060109,35.0814538],[127.0061611,35.0816294],[127.0063006,35.0818402],[127.006381,35.0819631],[127.0066278,35.0820728],[127.0067083,35.0821782],[127.0068799,35.082323],[127.0069765,35.0825381],[127.0071213,35.0826435],[127.0071857,35.0825645],[127.0072232,35.0823538],[127.0072072,35.0821255],[127.0071589,35.0818972],[127.007073,35.0816953],[127.0070569,35.0815021],[127.0071052,35.0813617],[127.0071696,35.0813441],[127.0074164,35.0817172],[127.0075505,35.081805],[127.0077221,35.0819718],[127.007867,35.0821606],[127.0080225,35.0822308],[127.0082639,35.0822484],[127.0084946,35.082266],[127.0085912,35.0823274],[127.0087092,35.0823582],[127.008795,35.082345],[127.0088487,35.0822923],[127.0089667,35.0822923],[127.0090579,35.0822484],[127.0090364,35.0820465],[127.0089774,35.081906],[127.0089613,35.0817963],[127.0089881,35.0816997],[127.0090418,35.0816382],[127.0091223,35.0815724],[127.0089238,35.0815899],[127.0088433,35.0816382],[127.0087414,35.0816821],[127.0088004,35.0815065],[127.0088969,35.0813573]]}},{"type":"Feature","properties":{"slot":"mudeungsan_osm_hiking_path","source":"openStreetMap","sourceType":"hiking_paths","name":"","sourceIndex":"3601"},"geometry":{"type":"LineString","coordinates":[[126.9204776,35.1685877],[126.9205032,35.168635],[126.9209259,35.1694169],[126.9210272,35.1696041],[126.9210592,35.1696633],[126.9212228,35.1698549],[126.9218827,35.1703058],[126.9224818,35.1707152],[126.9225194,35.1707409],[126.922599,35.1707791],[126.9226354,35.1707833],[126.9227025,35.170791],[126.9227994,35.1707763],[126.9229047,35.1707509],[126.9258386,35.1701041],[126.9270703,35.1698326],[126.9282479,35.169573],[126.9296657,35.1692605],[126.929855,35.1692188],[126.9309814,35.1689705],[126.9319625,35.1687542],[126.9324692,35.1686425],[126.9325536,35.1685508],[126.9325701,35.1677177],[126.9325756,35.1674393],[126.9325361,35.1670401],[126.9324861,35.1668334],[126.9324453,35.1666649],[126.9321475,35.1660622],[126.9321227,35.1660265],[126.9317186,35.1654443],[126.9316771,35.1653898],[126.9314322,35.1650683],[126.9313669,35.1649913],[126.9308637,35.1643974],[126.930666,35.1642542],[126.9305337,35.164132],[126.930445,35.1639526],[126.9299951,35.1635403],[126.9298872,35.1634693],[126.9293078,35.1630885],[126.9287428,35.1628607],[126.9286743,35.1628703],[126.92866,35.1628196],[126.9286439,35.1627627],[126.9285742,35.1627343],[126.9283334,35.1626361],[126.9272541,35.1629351],[126.9268444,35.1630486],[126.9267565,35.1630733],[126.924691,35.1636528],[126.9245881,35.1636817],[126.9244628,35.1637158],[126.9228754,35.164148],[126.922807,35.1641636],[126.9222884,35.164282],[126.9210446,35.1645661],[126.9198742,35.1648334],[126.9197953,35.1649152],[126.9197775,35.1649337],[126.91979,35.1656608],[126.9197947,35.1659315],[126.9198094,35.1667854],[126.9198123,35.1669566],[126.9198167,35.1672124],[126.919939,35.1675767],[126.919952,35.1676157],[126.9202695,35.1682029],[126.9203147,35.1682865],[126.9203634,35.1683766],[126.9203716,35.1683917]]}},{"type":"Feature","properties":{"slot":"mudeungsan_osm_hiking_path","source":"openStreetMap","sourceType":"hiking_paths","name":"남계길","sourceIndex":"3680"},"geometry":{"type":"LineString","coordinates":[[126.9389533,35.0960141],[126.9388847,35.0960232],[126.9388666,35.0959937],[126.9388641,35.0958221],[126.938856,35.0957002],[126.9388435,35.0955094],[126.9388128,35.095292],[126.9387925,35.0951657],[126.9387895,35.0951516],[126.9387494,35.0949614],[126.938637,35.0946646],[126.9384939,35.094349],[126.9384122,35.094186],[126.9383815,35.0940146],[126.9383869,35.0938287],[126.938419,35.0937168],[126.9385515,35.0935513],[126.9386726,35.0934517],[126.938994,35.0932775],[126.9391203,35.0932111],[126.9394246,35.0930646],[126.9395854,35.0929729]]}},{"type":"Feature","properties":{"slot":"mudeungsan_osm_hiking_path","source":"openStreetMap","sourceType":"hiking_paths","name":"남계길","sourceIndex":"3681"},"geometry":{"type":"LineString","coordinates":[[126.9397935,35.0929502],[126.9398391,35.0929076],[126.9401035,35.0927582],[126.9403528,35.0926449],[126.9413336,35.0921705],[126.9415331,35.0921462]]}},{"type":"Feature","properties":{"slot":"mudeungsan_osm_hiking_path","source":"openStreetMap","sourceType":"hiking_paths","name":"덕봉 등산로","sourceIndex":"3704"},"geometry":{"type":"LineString","coordinates":[[126.9779956,35.1612932],[126.9778481,35.1613849],[126.9775761,35.1616127],[126.9774874,35.1617464],[126.9774874,35.161964],[126.9774127,35.1621472],[126.9772165,35.1622274],[126.9769643,35.1622694],[126.9768609,35.1623133],[126.9766548,35.1624158],[126.9764786,35.1626184],[126.9763487,35.1627995],[126.9762452,35.1630416],[126.9762452,35.1632258],[126.9761808,35.16341],[126.9761647,35.1635196],[126.9762238,35.1638573],[126.9761823,35.1640083],[126.9762104,35.1641801],[126.9761683,35.1643213],[126.9760625,35.1644626],[126.9758629,35.1645981],[126.9755606,35.1646891],[126.9752614,35.1647474],[126.9749858,35.1648159],[126.9748763,35.1648583],[126.9747001,35.1650135],[126.9744896,35.1651798],[126.9742593,35.1652452],[126.9739594,35.1652603],[126.9737355,35.1653101],[126.9735652,35.1653695],[126.9734038,35.1654913],[126.973309,35.1654759],[126.9731139,35.1653462],[126.9729594,35.1651601],[126.9728659,35.165107],[126.9728293,35.1650039],[126.9725895,35.1649175],[126.9722927,35.1648012],[126.9721667,35.1647248],[126.9720284,35.1646018],[126.9719552,35.1644622],[126.9719146,35.1643625],[126.9717926,35.1642595],[126.9716625,35.1641963],[126.9715837,35.1641013],[126.9714235,35.1640006],[126.9712941,35.1638998],[126.9712096,35.1638189],[126.9711292,35.1636719],[126.9710621,35.1635557],[126.9708368,35.1634395],[126.9706383,35.1631961],[126.9703943,35.1628869],[126.9702092,35.162569],[126.970067,35.1621524],[126.9698954,35.161898],[126.9696835,35.1613783],[126.9696566,35.1611174],[126.9696861,35.1609244],[126.9697827,35.1607139],[126.9698256,35.1605209],[126.9697505,35.1601613],[126.9695789,35.1597052],[126.9694072,35.1594114],[126.9692141,35.1591263],[126.9690102,35.1589202],[126.9686133,35.1585781],[126.9684148,35.1584202],[126.9681305,35.1582711],[126.9679266,35.158236],[126.9672668,35.1582404],[126.9670469,35.158157],[126.9667786,35.1581527],[126.9666392,35.1583105],[126.9666445,35.1585781],[126.9664299,35.1588982],[126.9662315,35.1590473],[126.9658774,35.1591877],[126.9655716,35.1592403],[126.9648045,35.1592052],[126.9643003,35.1591833],[126.9638121,35.1592929],[126.9636726,35.1591263],[126.9633883,35.1589859],[126.9633008,35.1589512],[126.9632006,35.1589114],[126.9628411,35.158793],[126.9626373,35.158793],[126.9624522,35.1587442]]}},{"type":"Feature","properties":{"slot":"mudeungsan_osm_hiking_path","source":"openStreetMap","sourceType":"hiking_paths","name":"무등산 등산로","sourceIndex":"3876"},"geometry":{"type":"LineString","coordinates":[[126.9987428,35.1159911],[126.9988223,35.1158893],[126.9990387,35.1157816],[126.9993675,35.1155557],[126.999515,35.1154647],[126.9996641,35.1154042],[126.9997349,35.1153496],[126.9997739,35.1152837],[126.999806,35.1152464],[126.9998684,35.115232],[126.9999777,35.1152288],[127.0001005,35.115203],[127.0003305,35.1150702],[127.0003778,35.1150513],[127.000435,35.1150116],[127.0005701,35.1149811],[127.0006818,35.1149337],[127.0008709,35.1149249],[127.000994,35.1148451],[127.0011471,35.1148043],[127.0013699,35.114825],[127.0018197,35.1147595],[127.0022634,35.1147746],[127.0024634,35.1147165],[127.0027873,35.1147286],[127.0029978,35.1147604],[127.0031604,35.1147297],[127.003494,35.1147922],[127.003604,35.1147988],[127.0037851,35.1148416],[127.0041182,35.1149233],[127.004284,35.1149085],[127.0044573,35.1149422],[127.0048145,35.115019],[127.0056156,35.1150896],[127.0063973,35.1155633],[127.0067704,35.1156742],[127.0070637,35.1158356],[127.0076183,35.1160272],[127.0080524,35.1163532],[127.0084933,35.1168135]]}},{"type":"Feature","properties":{"slot":"mudeungsan_osm_hiking_path","source":"openStreetMap","sourceType":"hiking_paths","name":"무등산 등산로","sourceIndex":"3877"},"geometry":{"type":"LineString","coordinates":[[127.0084933,35.1168135],[127.0085416,35.1168378]]}},{"type":"Feature","properties":{"slot":"mudeungsan_osm_hiking_path","source":"openStreetMap","sourceType":"hiking_paths","name":"","sourceIndex":"3878"},"geometry":{"type":"LineString","coordinates":[[127.0200299,35.138458],[127.0200634,35.1385328],[127.0202109,35.1385646],[127.020337,35.1386764],[127.020514,35.1387521],[127.0205328,35.1388914],[127.0206052,35.1389989],[127.0206468,35.1390976],[127.0206856,35.1391469],[127.0207997,35.1392314],[127.0211041,35.1393312],[127.0212114,35.1393904],[127.0214823,35.139443],[127.0215265,35.1395406],[127.0215869,35.1396273],[127.0217974,35.1396667],[127.021898,35.1397698],[127.0222025,35.1399585],[127.022358,35.1400703],[127.0224559,35.1401734],[127.0226088,35.1402392],[127.0226505,35.1403347],[127.0227832,35.1403719],[127.0228341,35.140441],[127.0229092,35.1405046],[127.0229347,35.1405507],[127.0229911,35.1405814],[127.0230768,35.1405233],[127.023097,35.1403994],[127.0233679,35.1405682],[127.0234202,35.1407327],[127.0235985,35.1408139],[127.0239137,35.1409521],[127.0240277,35.1409455],[127.0242812,35.1410907],[127.0244193,35.1410398],[127.0244636,35.1409532],[127.0245843,35.1408731],[127.0246983,35.1406954],[127.0248511,35.1406549],[127.0249383,35.140657],[127.0250697,35.1405792],[127.025224,35.1404673],[127.0252857,35.1404498],[127.0254372,35.1403346],[127.0255405,35.1402041],[127.0256759,35.1401504],[127.025739,35.1401548],[127.0259321,35.1400802],[127.025975,35.1401109],[127.0260608,35.1399947],[127.0261279,35.1400462],[127.0262043,35.1400243],[127.0262378,35.139885],[127.0262835,35.1399135],[127.0263116,35.1400462],[127.0264457,35.1399683],[127.0264551,35.1400714],[127.0264967,35.1400583],[127.0265544,35.1399695],[127.0265906,35.1399947],[127.0265986,35.1401493],[127.0266455,35.140169],[127.0267005,35.1400199],[127.0268749,35.1401997],[127.0269526,35.1401482],[127.0270774,35.1402315],[127.0273389,35.1401745],[127.0275079,35.1401295],[127.0276768,35.1402041],[127.028055,35.1401614],[127.0284426,35.1401076],[127.0288382,35.1400528],[127.0292902,35.1399979],[127.0295209,35.1399146],[127.0296791,35.1398631],[127.0297985,35.1398433],[127.0298709,35.1397918],[127.0300385,35.1396931],[127.0302518,35.1396371],[127.0303751,35.1395428],[127.0305119,35.1394792],[127.030689,35.1394748],[127.0308352,35.1393389],[127.0309424,35.1393147],[127.0310136,35.1393311],[127.0310256,35.1394573],[127.0310618,35.1395988],[127.0311476,35.139658],[127.0312455,35.1396108],[127.0313247,35.1397698],[127.0314091,35.1398466],[127.0315137,35.1398104],[127.0316344,35.1398192],[127.0316814,35.1399387],[127.0316331,35.1400506],[127.03168,35.1400956],[127.0317726,35.1401054],[127.0317149,35.1402787],[127.0318732,35.1402458],[127.0320582,35.1401713],[127.0320207,35.1403039],[127.0321749,35.1402546],[127.0321508,35.1404092],[127.0322808,35.1403621],[127.0323761,35.1403653],[127.0324056,35.1404158],[127.0325357,35.1403752],[127.032647,35.1403642],[127.0326792,35.1403971],[127.0328307,35.1403335],[127.033056,35.1404278],[127.0333403,35.1405595],[127.033689,35.1407744],[127.0339894,35.1407963],[127.0343488,35.1407569],[127.0344884,35.1410333],[127.0345902,35.140997],[127.0347699,35.1409378],[127.034778,35.141031],[127.0348303,35.1411012],[127.0349859,35.1410486],[127.0350315,35.1410957],[127.0350409,35.141144],[127.0350958,35.1411758],[127.0353694,35.1412252],[127.035588,35.1412668],[127.0356376,35.1413534],[127.0357878,35.1414543],[127.0358616,35.1414828],[127.0359944,35.1414982],[127.036099,35.1415662],[127.0362009,35.1416704],[127.0363779,35.1417515],[127.0365188,35.1417559],[127.0366489,35.1418678],[127.0367226,35.1419094],[127.0368983,35.1420432],[127.0370471,35.142109],[127.0371276,35.1422253],[127.0372456,35.1423404],[127.0373663,35.1424512]]}},{"type":"Feature","properties":{"slot":"mudeungsan_osm_hiking_path","source":"openStreetMap","sourceType":"hiking_paths","name":"","sourceIndex":"3907"},"geometry":{"type":"LineString","coordinates":[[126.9377372,35.134309],[126.9376971,35.1343223],[126.93766,35.1348476],[126.9375139,35.1348065]]}},{"type":"Feature","properties":{"slot":"mudeungsan_osm_hiking_path","source":"openStreetMap","sourceType":"hiking_paths","name":"","sourceIndex":"3911"},"geometry":{"type":"LineString","coordinates":[[127.0338942,35.1518762],[127.0336085,35.1520779],[127.0334959,35.1522928],[127.0333886,35.1523235],[127.033292,35.1523279],[127.032879,35.1522928],[127.0324391,35.1520428],[127.0323855,35.1520034],[127.0323533,35.1519639],[127.0322835,35.1519288],[127.0320743,35.1517578],[127.0320207,35.1517227],[127.0316183,35.1515736],[127.0315111,35.1514991],[127.0310283,35.1509729],[127.0307922,35.1508545],[127.0306313,35.1508282],[127.0302129,35.1508326],[127.0300412,35.150815],[127.0298749,35.1507449],[127.0296389,35.1506265],[127.0293438,35.1505388],[127.0289469,35.150473],[127.0288496,35.1505041],[127.0285767,35.1505914],[127.0284426,35.1507054],[127.0282978,35.1508149],[127.0281476,35.1509948],[127.0281422,35.1511395],[127.0282066,35.151293],[127.028051,35.1515562],[127.0279813,35.1517097]]}},{"type":"Feature","properties":{"slot":"mudeungsan_osm_hiking_path","source":"openStreetMap","sourceType":"hiking_paths","name":"","sourceIndex":"3913"},"geometry":{"type":"LineString","coordinates":[[127.0328394,35.1196373],[127.0327448,35.1198384],[127.032659,35.1199612],[127.0322675,35.1200665],[127.03179,35.1204483],[127.0314145,35.1206545],[127.0307064,35.1211021],[127.0304167,35.1211547],[127.029773,35.121181],[127.0293224,35.1212512],[127.0287001,35.1215233],[127.0283675,35.1214619],[127.0284855,35.122041],[127.0284319,35.1222604],[127.0284963,35.1228922],[127.0284533,35.1230327],[127.0281207,35.1231204],[127.0276272,35.1229712],[127.0273805,35.1231731],[127.0271552,35.1239277],[127.0271873,35.1243577],[127.0273805,35.1248491],[127.0271873,35.1250597],[127.0267796,35.1254107],[127.0268655,35.1257179],[127.0266831,35.1258846],[127.0261681,35.1261742],[127.0259428,35.1268849],[127.0256424,35.1276571],[127.025181,35.1279028],[127.0249236,35.1280081],[127.0242906,35.1280081],[127.0238078,35.1281134],[127.0234108,35.1281397],[127.0235664,35.128596]]}},{"type":"Feature","properties":{"slot":"mudeungsan_osm_hiking_path","source":"openStreetMap","sourceType":"hiking_paths","name":"","sourceIndex":"3914"},"geometry":{"type":"LineString","coordinates":[[127.0373851,35.1243358],[127.0372564,35.1242963],[127.0371008,35.1241296],[127.0369023,35.1241603],[127.036736,35.1243051],[127.0368111,35.1244762],[127.0367145,35.1246429],[127.0366448,35.124678],[127.0364731,35.124678],[127.0362478,35.1245551],[127.0359421,35.1246034],[127.0351696,35.124972],[127.0349014,35.1250027],[127.0345956,35.1251606],[127.0344736,35.1251672],[127.0342214,35.1250553],[127.0340511,35.1249259],[127.033858,35.1247394],[127.0336595,35.1247438],[127.0333967,35.1249083],[127.0325544,35.1254656],[127.032423,35.1255226],[127.0321441,35.1256169],[127.0316237,35.1258407],[127.031334,35.1260096],[127.0308673,35.1263935],[127.0307305,35.1265032],[127.0303926,35.1266217],[127.0303094,35.1268103],[127.0302343,35.1269244],[127.0301968,35.1269683],[127.0298937,35.1269727],[127.0295933,35.1270824],[127.0294216,35.1271306],[127.0293573,35.1271986],[127.0293063,35.1272798],[127.0293277,35.1274114],[127.0295209,35.1278238],[127.0296282,35.1280037],[127.0296067,35.128166],[127.0294672,35.1283152],[127.0291668,35.1285039],[127.028743,35.1287189],[127.0283407,35.1288285],[127.0273751,35.1290084],[127.0268172,35.1291006],[127.0261037,35.1292234],[127.0259911,35.1292146],[127.0256907,35.1290962],[127.0254171,35.1291269],[127.0252186,35.129162],[127.0248699,35.1291356],[127.0247412,35.1291006],[127.0244139,35.1287583],[127.0242262,35.1286136],[127.0237863,35.1286048],[127.0235664,35.128596],[127.0236039,35.1288812],[127.0235556,35.1290391],[127.0233947,35.1292585],[127.0228797,35.1293901],[127.0221984,35.1295173],[127.0220375,35.1295261],[127.0214635,35.1293857],[127.0207876,35.1294033],[127.0196342,35.1294822],[127.0193446,35.1294164],[127.0190924,35.1293375],[127.0188188,35.1292892],[127.0182617,35.1292853]]}},{"type":"Feature","properties":{"slot":"mudeungsan_osm_hiking_path","source":"openStreetMap","sourceType":"hiking_paths","name":"","sourceIndex":"3915"},"geometry":{"type":"LineString","coordinates":[[126.9882792,35.1040626],[126.988011,35.1040582],[126.9878554,35.1042118],[126.9875389,35.1042381],[126.9871741,35.104124],[126.9867128,35.1040407],[126.9861281,35.1039968],[126.9859403,35.1039002],[126.9858116,35.1037291],[126.985597,35.1036676],[126.9854361,35.103593],[126.9853395,35.1035535],[126.9850713,35.1035403],[126.9849533,35.1033429],[126.984846,35.1031629],[126.9846958,35.1028689],[126.9845885,35.1025353],[126.9844383,35.1022896],[126.9841915,35.102114],[126.9840091,35.1018814],[126.9838107,35.101482],[126.9835854,35.1010607],[126.9833869,35.1005428],[126.9832528,35.1000644],[126.9831347,35.0998142],[126.9829792,35.099665],[126.9826251,35.0994675],[126.9819975,35.0991822],[126.9817615,35.099033],[126.9815469,35.0989716],[126.9813591,35.098796],[126.9811338,35.0986995],[126.9807368,35.0986863],[126.9805384,35.0985239],[126.9803506,35.0984888],[126.9799644,35.0985283],[126.9798088,35.0985239],[126.9795459,35.0984317],[126.9791919,35.0984273],[126.9790685,35.0984098],[126.9788647,35.0981991],[126.9786769,35.0981201],[126.9784409,35.0982079],[126.9782263,35.098164],[126.9780761,35.0981069],[126.9778776,35.0980279],[126.9777167,35.0980236],[126.9774163,35.0981289],[126.9771856,35.0983483],[126.9768691,35.098423],[126.976617,35.0985985],[126.9763327,35.0986336],[126.9761825,35.0987038],[126.9753778,35.098739],[126.9752544,35.0987126],[126.974836,35.0986117],[126.9746321,35.0985458],[126.9744658,35.0984888],[126.9740099,35.0983659],[126.9737899,35.0983483],[126.9735324,35.0982606],[126.9730872,35.0981508],[126.9725239,35.098085],[126.9724649,35.0979533],[126.9723603,35.0977448],[126.9720277,35.0975583],[126.971494,35.0973059],[126.9711667,35.0972379],[126.9707724,35.0971721],[126.9705927,35.0970733],[126.9703943,35.096979],[126.9699597,35.0966981],[126.9696593,35.0963996],[126.9693589,35.0960924],[126.9691819,35.0959739],[126.9690531,35.0957588],[126.9688654,35.0955437],[126.9686857,35.0954186],[126.9685395,35.0953276],[126.9683357,35.095242],[126.968219,35.0951597],[126.9681492,35.0950796],[126.9681063,35.0950039],[126.9680648,35.0949874],[126.9678971,35.0949896],[126.9678006,35.0949742],[126.9676101,35.0948744],[126.9673499,35.0948568],[126.9671474,35.0947646],[126.9668993,35.0946363],[126.9668484,35.0945858],[126.9667974,35.09452],[126.9666029,35.0943927],[126.966552,35.0943971],[126.9664527,35.0944519],[126.9664192,35.0944475],[126.9660759,35.0943235],[126.9659498,35.0942994],[126.9658291,35.0942358],[126.9656655,35.0942643],[126.9654644,35.0942511],[126.9653406,35.0943626]]}},{"type":"Feature","properties":{"slot":"mudeungsan_osm_hiking_path","source":"openStreetMap","sourceType":"hiking_paths","name":"","sourceIndex":"3916"},"geometry":{"type":"LineString","coordinates":[[126.9707633,35.136516],[126.970641,35.1367144],[126.9704425,35.1367824],[126.9702414,35.1368833],[126.96989,35.1371048],[126.9693562,35.137333],[126.9687635,35.1375457],[126.9685248,35.1376181],[126.9682619,35.1376817],[126.9672856,35.1381072],[126.9670281,35.1382586],[126.966784,35.1383858],[126.966446,35.1384933],[126.9661483,35.1386183],[126.9659445,35.1387631],[126.9658077,35.1389583],[126.9656789,35.139182],[126.9655904,35.1392961],[126.9653678,35.1394759],[126.9648769,35.1398115],[126.9646919,35.1399848],[126.9645765,35.1400988],[126.9643102,35.1402115],[126.9642654,35.1402304],[126.9639435,35.1402348],[126.963104,35.1398883]]}},{"type":"Feature","properties":{"slot":"mudeungsan_osm_hiking_path","source":"openStreetMap","sourceType":"hiking_paths","name":"","sourceIndex":"3917"},"geometry":{"type":"LineString","coordinates":[[126.9489097,35.1427659],[126.9490975,35.1424457],[126.9492209,35.1422834],[126.94965,35.1418886],[126.9497305,35.1416254],[126.9501489,35.1411253],[126.9502562,35.1409762],[126.9503099,35.1409016],[126.9504332,35.1408227],[126.9504601,35.1406998],[126.950503,35.1405331],[126.9505298,35.140362],[126.9505513,35.1402129],[126.9505674,35.1401208],[126.9506156,35.1400681],[126.9507048,35.1400523]]}},{"type":"Feature","properties":{"slot":"mudeungsan_osm_hiking_path","source":"openStreetMap","sourceType":"hiking_paths","name":"","sourceIndex":"3918"},"geometry":{"type":"LineString","coordinates":[[126.9554608,35.1405968],[126.9554436,35.1404761],[126.9553892,35.1404084],[126.9554239,35.140295],[126.9554092,35.1401983],[126.9554186,35.1401474],[126.9553561,35.1399254],[126.9553216,35.1398471],[126.9553009,35.1397088],[126.9552945,35.1396347],[126.9551983,35.139572],[126.9550037,35.1393005],[126.9549121,35.1392185],[126.9547955,35.1390347],[126.954757,35.1389451],[126.9547075,35.1387807],[126.9547316,35.138695],[126.9547188,35.1386329],[126.9547248,35.1385767],[126.9547677,35.1380546],[126.9548079,35.137992],[126.9548074,35.1379311],[126.9547835,35.1378778],[126.9548213,35.1377826],[126.95483,35.1377261],[126.9548715,35.1376764],[126.9548863,35.1376028],[126.9548919,35.137557],[126.9549069,35.1375201],[126.9549105,35.1374874],[126.954899,35.1373878],[126.9548567,35.1373028],[126.9548964,35.1371246],[126.955011,35.1369839],[126.9550397,35.1369049],[126.9550637,35.1368229],[126.9550683,35.1367406],[126.9550884,35.1366516],[126.9550626,35.1365466],[126.9550406,35.1364136],[126.9549921,35.1363064],[126.9549796,35.1362507],[126.9550015,35.1360871],[126.9549889,35.1359953],[126.954994,35.1358789],[126.9550017,35.135837],[126.9550569,35.1357127],[126.9551157,35.1356611],[126.9551365,35.1356208],[126.9552335,35.1355451],[126.9552838,35.1355],[126.9553207,35.135463],[126.9553404,35.1354321],[126.9553828,35.1353561],[126.9554329,35.1351066],[126.9555262,35.1349991],[126.9555724,35.1349377],[126.9555525,35.1348926],[126.9555163,35.1348452],[126.9555855,35.1348107],[126.9555864,35.1346919],[126.9554739,35.1346686],[126.9553234,35.134652],[126.9552587,35.1345978],[126.9550871,35.1346078],[126.9548884,35.1345889],[126.9547828,35.1343472]]}},{"type":"Feature","properties":{"slot":"mudeungsan_osm_hiking_path","source":"openStreetMap","sourceType":"hiking_paths","name":"","sourceIndex":"3919"},"geometry":{"type":"LineString","coordinates":[[126.9632721,35.1397274],[126.9631255,35.1396163],[126.9630396,35.1393268],[126.9629967,35.1392039],[126.962825,35.1390636],[126.9625997,35.1388267],[126.9624388,35.1386249],[126.9622779,35.1384319],[126.9621223,35.138241],[126.9617844,35.1379976],[126.9614303,35.1378265],[126.9613016,35.1380634],[126.9610897,35.1381774],[126.9610065,35.1381906],[126.9607758,35.1381336],[126.9603252,35.1378462],[126.9602099,35.1377322],[126.9599283,35.1374404],[126.9598853,35.1370018],[126.9597888,35.1367473],[126.9596386,35.1366069],[126.9590914,35.1361419],[126.9585121,35.1356944],[126.9581795,35.1355014],[126.9579756,35.1355541],[126.9577664,35.135497],[126.9575465,35.1353128],[126.9574124,35.1352119],[126.9572246,35.1350846],[126.9569564,35.1349706],[126.9567525,35.134953],[126.9565433,35.1350846],[126.9564347,35.1350287],[126.9563086,35.1349223],[126.9561759,35.1347896],[126.9560386,35.1346776]]}},{"type":"Feature","properties":{"slot":"mudeungsan_osm_hiking_path","source":"openStreetMap","sourceType":"hiking_paths","name":"","sourceIndex":"3920"},"geometry":{"type":"LineString","coordinates":[[126.9532916,35.1437002],[126.9530806,35.1436696],[126.9528419,35.1436432],[126.9526353,35.143527],[126.9525254,35.1434766],[126.9522652,35.1434853],[126.9520748,35.1434656],[126.9519192,35.1434371],[126.9516295,35.1434108],[126.9515683,35.1434492],[126.9511494,35.1436279],[126.9507551,35.1437924],[126.9503152,35.1438889],[126.9498646,35.1437661],[126.949693,35.1436169],[126.9495428,35.1431081],[126.9493711,35.1429414],[126.9489097,35.1427659],[126.9488132,35.1425817],[126.9488561,35.1422746],[126.9486844,35.1417482],[126.9485128,35.1413184],[126.9486737,35.1410288],[126.9486308,35.1408709],[126.9481587,35.1404498],[126.9479334,35.1402304],[126.9477618,35.1398444],[126.9481051,35.1395637],[126.9483733,35.1392741],[126.948427,35.1390548],[126.9483518,35.1388179],[126.9482231,35.1387302],[126.9482848,35.1386249],[126.9483009,35.1385218],[126.9482606,35.1383924],[126.9481614,35.1379581],[126.9483117,35.1377651],[126.9484752,35.1376642],[126.9486925,35.1375458],[126.9488856,35.137436],[126.9490278,35.1372913],[126.9490707,35.1370895],[126.9489366,35.136664],[126.9488427,35.1364731],[126.9487595,35.1363437],[126.9483948,35.1361156],[126.9480649,35.1359598],[126.9477081,35.1358173],[126.9474077,35.1356593],[126.9473326,35.1354532],[126.9472656,35.1351417],[126.9468069,35.1347118],[126.9464314,35.1343959],[126.9461631,35.1341437],[126.9460451,35.1338519],[126.9462436,35.1336611],[126.9461068,35.1334417],[126.9459593,35.133207],[126.9458386,35.1328787]]}},{"type":"Feature","properties":{"slot":"mudeungsan_osm_hiking_path","source":"openStreetMap","sourceType":"hiking_paths","name":"","sourceIndex":"3921"},"geometry":{"type":"LineString","coordinates":[[126.936742,35.138605],[126.9368988,35.1385021],[126.9369793,35.138399],[126.9369471,35.1382674],[126.9368988,35.1381511],[126.9370142,35.1380634],[126.9371322,35.1379976],[126.9371027,35.1379032],[126.9370329,35.1377958],[126.9370061,35.1376905],[126.9370168,35.1374536],[126.9370061,35.1373768],[126.9369176,35.1372715],[126.9369659,35.1371926],[126.9371214,35.1369842],[126.9372663,35.1365916],[126.9373038,35.1364117],[126.9372985,35.1363503],[126.9372395,35.1361989],[126.9372153,35.1361244],[126.9373038,35.1360081],[126.9374165,35.1358611],[126.9374675,35.135655],[126.9375399,35.1355212],[126.9376364,35.1353983],[126.9376767,35.1353172],[126.9376713,35.1350846],[126.9376659,35.1349903],[126.93766,35.1348476]]}},{"type":"Feature","properties":{"slot":"mudeungsan_osm_hiking_path","source":"openStreetMap","sourceType":"hiking_paths","name":"","sourceIndex":"3922"},"geometry":{"type":"LineString","coordinates":[[126.9369423,35.1395016],[126.9372904,35.139397],[126.9374406,35.1390416],[126.9376337,35.1389451],[126.937843,35.1389758],[126.9380093,35.1390504],[126.9382346,35.1389583],[126.9384103,35.1386588],[126.9385672,35.1385569],[126.938661,35.1384746],[126.9387321,35.1384593],[126.9388032,35.1384801],[126.9388662,35.1384615],[126.9389105,35.1384187],[126.9389065,35.1379383],[126.9389306,35.1378671],[126.9389212,35.1377036],[126.9388595,35.1376411],[126.9388528,35.1375786],[126.9388837,35.1375019],[126.938885,35.1373834],[126.9388568,35.1372672],[126.9390205,35.1371772]]}},{"type":"Feature","properties":{"slot":"mudeungsan_osm_hiking_path","source":"openStreetMap","sourceType":"hiking_paths","name":"","sourceIndex":"3923"},"geometry":{"type":"LineString","coordinates":[[126.9491596,35.1445033],[126.9491074,35.14444],[126.9490653,35.1443495],[126.9488615,35.1440512],[126.9486791,35.1438363],[126.9485503,35.1437441],[126.948089,35.1435599],[126.9478852,35.1434985],[126.9478315,35.1433406],[126.9477403,35.1425992],[126.9476706,35.1422176],[126.947515,35.1419763],[126.9473487,35.1417702],[126.9472575,35.1414894],[126.9470215,35.1414938],[126.9466245,35.1418535],[126.9464354,35.1417757],[126.9462745,35.1417011],[126.9460049,35.1417307],[126.9456482,35.1418206],[126.945392,35.1418765],[126.945278,35.1418294],[126.9451667,35.1417428],[126.9449133,35.1417965],[126.9447631,35.1418097],[126.9443473,35.1417746],[126.9439772,35.1417351],[126.9438055,35.1417395],[126.9434756,35.1418075],[126.9431296,35.1418733],[126.9429177,35.1418864],[126.9426843,35.1418162],[126.9421613,35.1416364],[126.9417161,35.1414653],[126.9414103,35.1413688],[126.9412118,35.1413469],[126.9405574,35.1413666],[126.9403455,35.1414258],[126.9401765,35.1415201],[126.9397554,35.1419281],[126.9394094,35.1422549],[126.9392323,35.1424106],[126.9390419,35.1425729],[126.9389346,35.1426497],[126.9388166,35.1426475],[126.9387415,35.1428317],[126.9385377,35.1429458],[126.9382694,35.1430028],[126.9380629,35.1430971],[126.9379047,35.1430554],[126.9376042,35.1430291],[126.9373226,35.1430269],[126.9370168,35.1430028],[126.9369243,35.1429423],[126.9368425,35.1428888],[126.9367003,35.1427703],[126.9365448,35.1424545],[126.9364965,35.1421343],[126.9364804,35.1418316],[126.9366145,35.1411736],[126.9366628,35.1409192],[126.9366842,35.140498],[126.9367003,35.1402173],[126.9367593,35.1399804],[126.9368237,35.1397216],[126.9369423,35.1395016],[126.9369632,35.1394628],[126.9369739,35.1391338],[126.9369686,35.1389188],[126.9367969,35.13866],[126.936742,35.138605],[126.9364643,35.1383266],[126.9360405,35.1381599],[126.9358474,35.1380195],[126.9354987,35.1376729],[126.9352519,35.1374536],[126.934973,35.1372299],[126.9346833,35.1370456],[126.9342756,35.1368965],[126.9338894,35.136835],[126.9337955,35.1367868],[126.9335595,35.1368307],[126.9332591,35.1369184],[126.9320548,35.1370785],[126.9319582,35.1370215],[126.9320333,35.1369206],[126.9320708,35.1367758],[126.9320869,35.1365894],[126.9320387,35.1363985],[126.9322494,35.136219]]}},{"type":"Feature","properties":{"slot":"mudeungsan_osm_hiking_path","source":"openStreetMap","sourceType":"hiking_paths","name":"","sourceIndex":"3924"},"geometry":{"type":"LineString","coordinates":[[126.9838254,35.141647],[126.9839823,35.1417219],[126.9841593,35.1417482],[126.9842666,35.1418184],[126.9844866,35.1419939],[126.984905,35.1425422],[126.985082,35.1426387],[126.9856024,35.1428888],[126.9857472,35.1430686],[126.9858384,35.1432704],[126.9860369,35.1434766],[126.9862676,35.1436389],[126.9865197,35.143788],[126.9867879,35.1439152],[126.9870239,35.1440512],[126.9871403,35.1442143]]}},{"type":"Feature","properties":{"slot":"mudeungsan_osm_hiking_path","source":"openStreetMap","sourceType":"hiking_paths","name":"","sourceIndex":"3925"},"geometry":{"type":"LineString","coordinates":[[126.9822603,35.1411604],[126.9823247,35.1409323],[126.9823891,35.1407788],[126.9826037,35.1405682],[126.9826136,35.1404803],[126.9826359,35.1402831],[126.982609,35.1399014],[126.9826251,35.1398137],[126.982711,35.1396382],[126.9826519,35.1392039],[126.9825339,35.1386775],[126.9825286,35.1384275],[126.9827217,35.1381511],[126.9826573,35.1379932],[126.9824696,35.1376773],[126.9823676,35.1374931],[126.9823301,35.1374185],[126.9824895,35.1372649]]}},{"type":"Feature","properties":{"slot":"mudeungsan_osm_hiking_path","source":"openStreetMap","sourceType":"hiking_paths","name":"","sourceIndex":"3926"},"geometry":{"type":"LineString","coordinates":[[126.9725132,35.1381774],[126.9721591,35.1378704],[126.9716978,35.1375282],[126.9715047,35.1373001],[126.9713223,35.1370895],[126.9710202,35.1366513]]}},{"type":"Feature","properties":{"slot":"mudeungsan_osm_hiking_path","source":"openStreetMap","sourceType":"hiking_paths","name":"","sourceIndex":"3927"},"geometry":{"type":"LineString","coordinates":[[126.9739628,35.1377252],[126.9738543,35.1377431],[126.973688,35.1377826],[126.9733447,35.1379844],[126.9729316,35.1381248],[126.9725132,35.1381774],[126.9725078,35.1382739],[126.9724059,35.1384275],[126.9722611,35.1386688],[126.9720733,35.1391469],[126.9720679,35.1393663],[126.9719392,35.1395242],[126.9719016,35.1397304],[126.9718319,35.1398313],[126.9713572,35.1401646],[126.9712043,35.1401197],[126.9710273,35.1400341],[126.9708087,35.1400221],[126.9702387,35.1400111],[126.96967,35.1400988],[126.969198,35.140169],[126.9689298,35.1402304],[126.9688332,35.1403094],[126.9684899,35.1405287],[126.9681412,35.1405902],[126.9678247,35.1408139],[126.9665855,35.1413798],[126.9663924,35.1415421],[126.9663387,35.1417877],[126.9662422,35.1418886],[126.9659203,35.1420904],[126.965695,35.1421737],[126.9655851,35.1422132],[126.9653946,35.1422395],[126.9652015,35.142279],[126.9651613,35.1423689],[126.9651639,35.1425291],[126.9651881,35.142733],[126.965121,35.1430379],[126.9650245,35.143652],[126.9650352,35.1439503],[126.9653034,35.1443539],[126.9653678,35.1446522],[126.9654536,35.1453189],[126.9654751,35.1458014],[126.9654375,35.1460251],[126.9654161,35.14624]]}},{"type":"Feature","properties":{"slot":"mudeungsan_osm_hiking_path","source":"openStreetMap","sourceType":"hiking_paths","name":"","sourceIndex":"3928"},"geometry":{"type":"LineString","coordinates":[[127.0007024,35.0846118],[127.0003974,35.0846448],[127.000148,35.0846075],[127.0000166,35.0845438],[126.9998092,35.0845873],[126.9996384,35.0844824],[126.9988391,35.084478],[126.9985709,35.0845328],[126.9981417,35.0846953],[126.9979298,35.0848182],[126.9968918,35.085549],[126.9964145,35.0858851],[126.996122,35.0863963],[126.9957679,35.0867386],[126.9953442,35.0874498],[126.9950519,35.0879401],[126.9948934,35.0879848],[126.9947202,35.0880522]]}},{"type":"Feature","properties":{"slot":"mudeungsan_osm_hiking_path","source":"openStreetMap","sourceType":"hiking_paths","name":"","sourceIndex":"3929"},"geometry":{"type":"LineString","coordinates":[[126.9788256,35.0914435],[126.9788003,35.0913256],[126.9787976,35.0911347],[126.9788003,35.0910382],[126.9786394,35.0908165],[126.9785589,35.0906541],[126.9785642,35.0905532],[126.9786125,35.0904719],[126.9786152,35.0903512],[126.9785938,35.0900549],[126.9785911,35.0897542],[126.9786072,35.089616],[126.9785804,35.0895567],[126.9785079,35.0893526],[126.9784141,35.0892846],[126.9782317,35.0890783],[126.9781539,35.0888347],[126.9782397,35.0887008],[126.9781458,35.0885318],[126.9781619,35.0884572],[126.9780868,35.0882684],[126.9779366,35.0879809],[126.9780385,35.0877175],[126.9781566,35.0875924],[126.9782317,35.0874673],[126.9784033,35.0871228],[126.9784892,35.0869932],[126.9785026,35.0868616],[126.9785911,35.0866991],[126.9786823,35.0864928],[126.9787601,35.0861043],[126.9788271,35.0857641],[126.9788405,35.0856346],[126.9787815,35.0855359],[126.9787976,35.0854064],[126.9787574,35.0851825],[126.9787359,35.0850618],[126.9787145,35.0845438],[126.9788325,35.0842409],[126.9790699,35.0839097],[126.9791597,35.0838525],[126.9792885,35.0837668],[126.9796371,35.0836132],[126.9797069,35.0834419],[126.9797927,35.0830513],[126.9798303,35.082823],[126.9799751,35.0824323],[126.9800985,35.0820899],[126.9801414,35.0817256],[126.980415,35.0812207],[126.9805652,35.0810934],[126.9805759,35.0809968],[126.9808656,35.0803822],[126.9808817,35.0801276],[126.9809622,35.0798115],[126.9810855,35.0795525],[126.9815093,35.0792013],[126.9816863,35.0789687],[126.9818205,35.0786965],[126.9818526,35.0784243],[126.9822818,35.0779063],[126.9822818,35.0777658],[126.9825715,35.077318],[126.9825929,35.0770634],[126.9825393,35.0766375],[126.9824213,35.0764224],[126.9821262,35.0761195],[126.9819868,35.0759878],[126.9819546,35.0758341],[126.982078,35.0755663],[126.9821799,35.0752414],[126.982196,35.0750527],[126.9820833,35.074618],[126.9821048,35.0743019],[126.9821476,35.0741439],[126.9821852,35.0739288],[126.9819975,35.0728531],[126.9819868,35.0725677],[126.982035,35.0722429],[126.9819063,35.0719311],[126.9819117,35.0716458],[126.9821209,35.0713779],[126.982255,35.0708555],[126.9825661,35.0705569],[126.9827163,35.0703067],[126.9827753,35.0701837],[126.9827968,35.0699774],[126.9829577,35.069714],[126.9829899,35.0688534],[126.9830006,35.0685592],[126.9831401,35.0683221],[126.9831026,35.0680455],[126.9830757,35.0677294],[126.9830221,35.0676372],[126.9829631,35.067567],[126.9829684,35.0674791],[126.9832034,35.0675835],[126.9835136,35.067719],[126.9841921,35.0681371],[126.9842397,35.0681728]]}},{"type":"Feature","properties":{"slot":"mudeungsan_osm_hiking_path","source":"openStreetMap","sourceType":"hiking_paths","name":"","sourceIndex":"3930"},"geometry":{"type":"LineString","coordinates":[[126.9904951,35.0801623],[126.990484,35.080244],[126.9904545,35.0803032],[126.990256,35.080549],[126.9900441,35.0806983],[126.9898617,35.08083],[126.9897839,35.0808761],[126.9896995,35.0808926],[126.9895828,35.0808959],[126.9895238,35.0809079],[126.9893078,35.0809518],[126.9891456,35.0809891],[126.9890677,35.0810736],[126.988994,35.0811176],[126.9889364,35.0811395],[126.9888693,35.08119],[126.9888556,35.081293],[126.9888814,35.0813535],[126.988982,35.0814216],[126.9890142,35.0814764],[126.9890383,35.0815203],[126.9890651,35.081607],[126.9890369,35.0816674],[126.988986,35.0817629],[126.9889256,35.0818112],[126.9888076,35.0818726],[126.9886614,35.0818858],[126.9885742,35.0819154],[126.9884925,35.082001],[126.9884589,35.0820614],[126.9884482,35.0822325],[126.9884375,35.0824038],[126.9884133,35.0825772],[126.9884831,35.082755],[126.9884241,35.082913],[126.9884241,35.0830425],[126.988585,35.0831742],[126.988636,35.0832642],[126.9886735,35.0834134],[126.9886735,35.0834508],[126.9885984,35.0835297],[126.9885153,35.0835825],[126.9884509,35.0835978],[126.9883168,35.0836659],[126.9882068,35.0837141],[126.9881397,35.0837668],[126.9881183,35.0838326],[126.9881263,35.0839402],[126.9882041,35.084039],[126.9882149,35.0841092],[126.9881853,35.0842124],[126.9881451,35.084287],[126.9880753,35.0844077],[126.9879976,35.0845307],[126.9879547,35.084636],[126.9878769,35.0847852],[126.9878581,35.0850004],[126.987783,35.0852045],[126.9876205,35.0853938],[126.9875496,35.0855007],[126.9875309,35.0855864],[126.9874048,35.0856105],[126.9872519,35.0855908],[126.987142,35.0854964],[126.9868898,35.0853405],[126.9865116,35.0852176],[126.9862354,35.0850881],[126.9861109,35.084977],[126.9858813,35.0848994],[126.9856373,35.0848512],[126.9855085,35.0848226],[126.9852376,35.0846931],[126.985074,35.0846382],[126.9847977,35.0846667],[126.9844463,35.0845131],[126.9840092,35.0843155],[126.983816,35.084276],[126.9837061,35.0842738],[126.9835934,35.0842892],[126.9834378,35.0844011],[126.9833332,35.0845131],[126.9832849,35.0844692],[126.9833466,35.0843485],[126.9834566,35.0841421],[126.9835129,35.0839797],[126.9834942,35.0839315],[126.9833279,35.0840939],[126.9831991,35.0841729],[126.9831052,35.0842014],[126.9829872,35.0841883],[126.9828263,35.0843309],[126.982609,35.0845614],[126.9824481,35.0847589],[126.9823596,35.0847787],[126.9822415,35.0847754],[126.9821316,35.0847951],[126.9820163,35.0848434],[126.9817534,35.0849695],[126.9815039,35.0851672]]}},{"type":"Feature","properties":{"slot":"mudeungsan_osm_hiking_path","source":"openStreetMap","sourceType":"hiking_paths","name":"","sourceIndex":"3932"},"geometry":{"type":"LineString","coordinates":[[126.9705981,35.1161218],[126.9707751,35.1162403],[126.9709361,35.1163127],[126.9712928,35.1166593],[126.9717085,35.1170213],[126.9719338,35.1171969],[126.9721886,35.1173811],[126.9726178,35.1175501],[126.9730711,35.1177212],[126.973334,35.1178024],[126.9734493,35.1178726],[126.9735432,35.118002],[126.9734815,35.1184979],[126.9734091,35.1186054],[126.973165,35.1188774],[126.9730899,35.1189915],[126.9730067,35.1191319],[126.9729826,35.1193711],[126.9729134,35.1195485]]}},{"type":"Feature","properties":{"slot":"mudeungsan_osm_hiking_path","source":"openStreetMap","sourceType":"hiking_paths","name":"","sourceIndex":"3933"},"geometry":{"type":"LineString","coordinates":[[126.9625208,35.1175903],[126.9619775,35.1174821],[126.9616798,35.1174053],[126.9613525,35.1174185],[126.9610146,35.1174558],[126.9608528,35.1174879],[126.9606068,35.1175369],[126.960175,35.1177146],[126.9596976,35.1180086],[126.9593892,35.1182039],[126.9591934,35.1183169],[126.9588822,35.1185582],[126.9587441,35.1187568]]}},{"type":"Feature","properties":{"slot":"mudeungsan_osm_hiking_path","source":"openStreetMap","sourceType":"hiking_paths","name":"","sourceIndex":"3934"},"geometry":{"type":"LineString","coordinates":[[126.9381219,35.1227869],[126.9381434,35.1228571],[126.9381621,35.1229756],[126.9381219,35.1231116],[126.9380039,35.1232103],[126.9379181,35.1232389],[126.9378054,35.1232981],[126.937631,35.1234309]]}},{"type":"Feature","properties":{"slot":"mudeungsan_osm_hiking_path","source":"openStreetMap","sourceType":"hiking_paths","name":"","sourceIndex":"3935"},"geometry":{"type":"LineString","coordinates":[[126.9679893,35.1112409],[126.9679052,35.1112904],[126.967822,35.1114177],[126.967822,35.1114835],[126.9677577,35.1115867],[126.967712,35.1116722],[126.9673982,35.1120079],[126.9671032,35.1123348],[126.9669744,35.1124753],[126.9668001,35.1126003],[126.9667304,35.1126201],[126.9665962,35.1126508],[126.966489,35.1125718],[126.9663602,35.1125762],[126.9662341,35.1125784],[126.9660866,35.1126135],[126.9657889,35.1126574],[126.9655421,35.1127034],[126.9653222,35.1126969],[126.9651157,35.1127407],[126.9650272,35.1127978],[126.9647724,35.1129975],[126.9646302,35.1130523],[126.9644693,35.1131181],[126.9643539,35.1131993],[126.9641313,35.1133792],[126.9640562,35.1134867],[126.9639569,35.1135504],[126.9637692,35.1136096],[126.9634151,35.1137215],[126.9630879,35.1138268],[126.9628251,35.1140199],[126.9625595,35.1141186],[126.9623557,35.1142327],[126.9622108,35.1142218],[126.9621398,35.1142316],[126.9620579,35.1141954],[126.9618058,35.1142382],[126.961716,35.1142009],[126.9616958,35.1141877],[126.9616221,35.1142196],[126.9615953,35.1142218],[126.9616113,35.1141044],[126.9612318,35.1142437],[126.9609636,35.1143578],[126.9605559,35.1143797],[126.9600946,35.1144148],[126.9598156,35.1145201],[126.9595098,35.1147944],[126.9592604,35.1149458],[126.9589412,35.1151915],[126.9588447,35.1153407],[126.9585362,35.1155185],[126.9583565,35.1155404],[126.9574043,35.1158102],[126.9572997,35.1158805],[126.9572139,35.1159836],[126.9570905,35.1162359],[126.9570603,35.1162671],[126.9569162,35.1164158],[126.9568276,35.1164706],[126.9564334,35.1166549],[126.9563261,35.1167537],[126.9560525,35.1169336],[126.9557252,35.1172056],[126.9556327,35.1172495],[126.9555348,35.1172736],[126.9554718,35.1172736],[126.9554101,35.1172836],[126.9553511,35.1173076],[126.9553162,35.1172978],[126.95517,35.1173647],[126.9551244,35.1173526],[126.955052,35.117402],[126.9549876,35.1174206],[126.9549206,35.1173921],[126.9548213,35.1174426],[126.9546228,35.117447],[126.954592,35.1174832],[126.9545867,35.1175249],[126.9545558,35.1175753],[126.9544941,35.1176104],[126.9543627,35.1175885],[126.9542903,35.1176422],[126.954124,35.1176576],[126.9540368,35.1176631],[126.9540033,35.1176971],[126.9539201,35.1177234],[126.9538477,35.1177837],[126.9537283,35.1178452],[126.9536734,35.1179296],[126.9536184,35.1180031],[126.953613,35.118081],[126.9535634,35.1181238],[126.953554,35.1183081],[126.9534896,35.1183904],[126.9535151,35.1185286],[126.9534588,35.1185944],[126.9534534,35.1186909],[126.9533569,35.1188204],[126.9533461,35.1190442],[126.9531289,35.1194479],[126.9528794,35.1197901],[126.9528633,35.120106],[126.9528151,35.1202026],[126.9525844,35.1204614],[126.9525227,35.12049],[126.9522974,35.1207269],[126.9522411,35.1209222],[126.952123,35.1210406],[126.951938,35.1210977],[126.9518387,35.1212117],[126.9517609,35.1212271],[126.9516295,35.1213566],[126.9514874,35.1215299],[126.9513935,35.1216549],[126.9513237,35.1218611],[126.9513586,35.1219532],[126.9513505,35.1221134],[126.951254,35.1223043],[126.9511306,35.1224666],[126.9511226,35.1226575],[126.9510502,35.1228528],[126.9508141,35.1232433],[126.9507015,35.1234429],[126.9505781,35.1235087],[126.9505083,35.1235614],[126.9503474,35.1236557],[126.9500336,35.1236996],[126.9498432,35.1238049],[126.9496044,35.1238246],[126.9494757,35.1238817],[126.9492638,35.1239277],[126.948899,35.1241252],[126.9488293,35.1241866],[126.9487756,35.1243116],[126.9486522,35.1243774],[126.9484323,35.1243818],[126.948199,35.1244784],[126.9480032,35.12452],[126.947853,35.1245924],[126.947405,35.1247614],[126.9468391,35.1249676],[126.9467492,35.1249577],[126.9467063,35.124961],[126.9465213,35.1249906],[126.9464368,35.1249917],[126.9462986,35.12495],[126.9461149,35.1248754],[126.9459003,35.124757],[126.9453317,35.1247965],[126.9451708,35.1247307],[126.9445807,35.1244235],[126.9442964,35.1242349],[126.9441193,35.1238795],[126.9440013,35.1236206],[126.9438136,35.1234451],[126.9435775,35.1232827],[126.9432878,35.1231818],[126.9427729,35.1231818],[126.9421774,35.1231862],[126.941995,35.1231511],[126.9414532,35.1230458],[126.9408417,35.1228835],[126.940375,35.1228835],[126.9402194,35.1227913],[126.9398975,35.1228308],[126.9396615,35.122844],[126.939522,35.1227738],[126.9391733,35.1228747],[126.9387764,35.1227694],[126.9384438,35.1227606],[126.9381219,35.1227869],[126.9379181,35.1226465],[126.9375962,35.1225676],[126.9371778,35.1224666],[126.9371711,35.1225676],[126.9371362,35.1226465],[126.9370383,35.1226871],[126.9369069,35.1227014],[126.9368002,35.1227571]]}},{"type":"Feature","properties":{"slot":"mudeungsan_osm_hiking_path","source":"openStreetMap","sourceType":"hiking_paths","name":"","sourceIndex":"3936"},"geometry":{"type":"LineString","coordinates":[[126.9852761,35.1145216],[126.98514,35.1145751],[126.9849117,35.1146785],[126.9847368,35.1146347],[126.9843724,35.1145235],[126.9842169,35.1144201],[126.9840323,35.1141578],[126.9838963,35.1139631],[126.9837602,35.1139273],[126.9835853,35.1139313],[126.9833667,35.1140267],[126.9832015,35.1141419],[126.9830752,35.1141538],[126.9828711,35.114138],[126.9828177,35.1142055],[126.9826962,35.1142771],[126.9825408,35.1142969],[126.9824485,35.114281],[126.9822153,35.11413],[126.9820986,35.1138836],[126.9820209,35.1137008],[126.9818314,35.1134107],[126.98171,35.1133153],[126.9814573,35.1131841],[126.9813699,35.1131285],[126.9810589,35.1131166],[126.9808257,35.1131722],[126.9804322,35.1132596],[126.9802767,35.1132596],[126.9801698,35.113204],[126.9800872,35.1130887],[126.9799998,35.1128702],[126.9799804,35.1126317],[126.979888,35.1125482],[126.9797277,35.1124528],[126.9795285,35.1124211],[126.9794508,35.1124767],[126.9793925,35.1125919],[126.9792176,35.1128225],[126.979101,35.1129616],[126.9788726,35.1130887],[126.9787414,35.1131285],[126.9785034,35.1132398],[126.9783236,35.1133193],[126.9780904,35.1133828],[126.9778572,35.1134266],[126.9777066,35.1134305],[126.9775365,35.1134146],[126.9773276,35.1133948],[126.9772013,35.1133669],[126.9769827,35.1133908],[126.9766912,35.113359],[126.9764832,35.1133972],[126.9763796,35.1135196],[126.976279,35.1136996],[126.9761918,35.113919],[126.9761597,35.1141428],[126.9761664,35.1143797],[126.9762294,35.1144982],[126.9762173,35.1145498],[126.9759947,35.1146858],[126.9759075,35.1146759],[126.9756809,35.1145838],[126.9753644,35.1145969],[126.9749433,35.1146913],[126.9746214,35.1147747],[126.974321,35.1147264],[126.9739616,35.1146299],[126.9733018,35.1146167],[126.9727975,35.1146869],[126.9723898,35.1148712],[126.972245,35.1149985],[126.9719768,35.1152091],[126.9715905,35.1154197],[126.9712579,35.1156172],[126.9709468,35.115762],[126.9706947,35.1159199],[126.9705981,35.1161218],[126.9703299,35.1161262],[126.970067,35.1160999],[126.969713,35.1162008],[126.9692355,35.11635],[126.9689029,35.1165036],[126.9686079,35.1166176],[126.9675028,35.1167361],[126.9672078,35.1166484],[126.9666821,35.1167054],[126.966489,35.1166264],[126.965915,35.1166176],[126.9655019,35.1168327],[126.9651318,35.1169292],[126.9645148,35.1170477],[126.9641179,35.1171003],[126.9634044,35.1171661],[126.9631094,35.11721],[126.9627929,35.1173504],[126.9625208,35.1175903],[126.9625032,35.1176313],[126.9624665,35.117716],[126.962412,35.1178419],[126.961382,35.1181885],[126.9603145,35.1185396],[126.9601428,35.1187677],[126.9600128,35.1188226],[126.9594924,35.1191451],[126.9593006,35.1192899],[126.9590592,35.1196409],[126.9587105,35.1201675],[126.9585013,35.1206018],[126.9585442,35.1207686],[126.9585979,35.120909],[126.9585979,35.1212995],[126.9585228,35.1216944],[126.9586033,35.1219796],[126.9586784,35.1222385],[126.9585925,35.122629],[126.9583994,35.1227474],[126.9582117,35.1228308],[126.95804,35.1231292],[126.9579971,35.1233793],[126.9578576,35.1235767],[126.9576698,35.1237522],[126.957525,35.1241383],[126.9574499,35.1243709],[126.9572139,35.1245508],[126.9571388,35.1246999],[126.9569162,35.1248096],[126.9568209,35.1248414],[126.9568256,35.1250948]]}},{"type":"Feature","properties":{"slot":"mudeungsan_osm_hiking_path","source":"openStreetMap","sourceType":"hiking_paths","name":"","sourceIndex":"3937"},"geometry":{"type":"LineString","coordinates":[[126.9859725,35.1167186],[126.9858491,35.1162052],[126.9856667,35.1158015],[126.9856024,35.1154592],[126.9856453,35.1151959],[126.9857418,35.1148449],[126.9853985,35.1145904],[126.9852761,35.1145216],[126.9850552,35.1143973],[126.984669,35.1141077],[126.9844544,35.113897],[126.9841969,35.1135811],[126.9839287,35.1134143],[126.9835746,35.1130545],[126.98336,35.1128088],[126.983242,35.112563],[126.9823837,35.1120803],[126.982094,35.1116152],[126.9816649,35.1107463],[126.9815361,35.1105356],[126.9813216,35.1103952],[126.9810963,35.1099388],[126.9806993,35.1097721],[126.9802487,35.1096668],[126.9800126,35.1095088],[126.9793153,35.1093596],[126.9790041,35.1091489],[126.9787466,35.1090436],[126.9783175,35.1089646],[126.9780278,35.1086574],[126.9777489,35.1085345],[126.9770729,35.1083941],[126.9763219,35.1084204],[126.9761288,35.1085609],[126.9758284,35.1087891],[126.9756997,35.1087452],[126.9753563,35.1085433],[126.9749701,35.1082537],[126.9747662,35.1079114],[126.9744015,35.1076217],[126.9740689,35.1074199],[126.9735324,35.1074989],[126.9728029,35.107613],[126.9719875,35.1075779],[126.9717085,35.1074901],[126.9709575,35.1070688],[126.9707429,35.1069547],[126.9702923,35.106823],[126.9696808,35.106314],[126.9690692,35.1059453],[126.9686401,35.1058927],[126.968168,35.1056732],[126.9678461,35.1056908],[126.9675887,35.1054714],[126.967181,35.1051378],[126.9669771,35.1047955],[126.966548,35.1044532],[126.9662261,35.1042338],[126.9654858,35.1036193],[126.9650566,35.1031893],[126.9648099,35.1028886],[126.9647636,35.1028257],[126.9646838,35.1027175],[126.9645202,35.1026099],[126.9642091,35.1027153],[126.9640937,35.1026999],[126.9639516,35.1025748],[126.9639838,35.1023378],[126.9640589,35.1019955],[126.9641447,35.1017805],[126.9641554,35.101651],[126.9640481,35.101425],[126.9639623,35.1013657],[126.9640803,35.1011353],[126.9639355,35.1010168],[126.9637799,35.1008412],[126.9636512,35.1006635],[126.9635546,35.1004287],[126.9634527,35.1001807],[126.9633722,35.0999832],[126.9632542,35.0997111],[126.9631791,35.0995443],[126.9632515,35.0994565],[126.9633023,35.0994029],[126.9634197,35.0993854],[126.9637868,35.0993949],[126.9638742,35.0993859],[126.9639636,35.0993576],[126.9640739,35.0993169]]}},{"type":"Feature","properties":{"slot":"mudeungsan_osm_hiking_path","source":"openStreetMap","sourceType":"hiking_paths","name":"","sourceIndex":"3938"},"geometry":{"type":"LineString","coordinates":[[126.9595313,35.1068055],[126.9595903,35.1066519],[126.9595849,35.1065597],[126.9595957,35.1059804],[126.9595796,35.1054977],[126.9596225,35.1051203],[126.9594562,35.1044751],[126.9595045,35.1039748],[126.9594616,35.1035755],[126.9594616,35.103299],[126.9595528,35.1029918],[126.9594186,35.1023334],[126.9595796,35.1019823],[126.9595474,35.1017058],[126.9592845,35.1009334],[126.9590485,35.1006218],[126.9589573,35.1003321],[126.9587213,35.0999327],[126.9586006,35.0996672],[126.9586408,35.0992525],[126.9581902,35.0982342],[126.9581801,35.0981569],[126.958217,35.0980581],[126.958213,35.0979786],[126.9581848,35.0976483],[126.9579917,35.0971567],[126.9578737,35.0969504],[126.957702,35.0968034],[126.9575545,35.0967573],[126.9569483,35.0967551],[126.9565406,35.0967398],[126.9563314,35.0966937],[126.9561249,35.0966322],[126.9560283,35.0965664],[126.9558996,35.0963842],[126.9557789,35.096246],[126.9555911,35.0961143],[126.9553712,35.0960682],[126.9550386,35.0960024],[126.9545263,35.0959497],[126.9536358,35.0957983],[126.9535822,35.09575],[126.9530135,35.09575],[126.9525844,35.095614],[126.9522464,35.0954998],[126.9518495,35.0955174],[126.9514096,35.095614],[126.9508839,35.0959739],[126.9507122,35.0959739],[126.9500846,35.095829],[126.9498056,35.0956798],[126.9496983,35.0955964],[126.9494998,35.0952672],[126.9494194,35.095039],[126.9494569,35.0946659],[126.9493711,35.0945211],[126.9490921,35.0942314],[126.9488347,35.0941304],[126.9486952,35.0940558],[126.9482017,35.0936959],[126.9480085,35.0934018],[126.9477028,35.0931253],[126.9473863,35.0928444],[126.9472736,35.0926951],[126.9472039,35.0925459],[126.9473058,35.0923264],[126.9474399,35.0919753],[126.9474614,35.0915583],[126.9477135,35.091194],[126.947751,35.0910799],[126.9478154,35.0908297],[126.9480032,35.0907463],[126.9482821,35.0907199],[126.948427,35.0905839],[126.9486147,35.090338],[126.9486737,35.0902722],[126.9488883,35.0901449],[126.9490435,35.0901246],[126.9491934,35.0901202]]}},{"type":"Feature","properties":{"slot":"mudeungsan_osm_hiking_path","source":"openStreetMap","sourceType":"hiking_paths","name":"","sourceIndex":"3939"},"geometry":{"type":"LineString","coordinates":[[127.0103605,35.147068],[127.0113328,35.1463848],[127.011491,35.1460997],[127.0116627,35.1458628],[127.0120275,35.1455996],[127.0121992,35.1451434],[127.0124674,35.1450382],[127.0125854,35.144696],[127.0130682,35.144389],[127.0131648,35.1443056],[127.0131594,35.1441017],[127.0131218,35.1439832],[127.0129609,35.1438253],[127.0128375,35.1436213],[127.0128,35.1434941],[127.0127544,35.1433208],[127.0127275,35.1431103],[127.0126068,35.1428274],[127.0124567,35.1426957],[127.0124701,35.1425839],[127.0125157,35.1424369],[127.0126095,35.1423098],[127.0128,35.1421715],[127.0129287,35.1419259],[127.0131647,35.1417044],[127.0133042,35.1416122],[127.0134035,35.141224],[127.0135108,35.1409498],[127.0136368,35.1405112],[127.0136154,35.1403642],[127.0136905,35.1402129],[127.0138085,35.1401186],[127.0139158,35.1400988],[127.0141303,35.1401164],[127.0144469,35.1402809],[127.0147097,35.14052],[127.015171,35.1405902],[127.0153105,35.1405616],[127.0155251,35.1404586],[127.0162439,35.1400638],[127.0164907,35.1397918],[127.0169573,35.1397457],[127.0172632,35.1395812],[127.0179256,35.1391052],[127.0187303,35.1388047],[127.0191863,35.1385591],[127.019484,35.1384319],[127.0196772,35.1384231],[127.0200299,35.138458]]}},{"type":"Feature","properties":{"slot":"mudeungsan_osm_hiking_path","source":"openStreetMap","sourceType":"hiking_paths","name":"","sourceIndex":"3940"},"geometry":{"type":"LineString","coordinates":[[126.9931447,35.1613563],[126.9932279,35.1612621],[126.9932681,35.1610998],[126.9934612,35.1609156],[126.9933382,35.1606826],[126.9932574,35.1605297],[126.9932333,35.1604047],[126.9933486,35.160328],[126.9942176,35.1602797],[126.9945824,35.1603718],[126.9949686,35.1605823],[126.995371,35.1606788],[126.9956982,35.1606262],[126.9959611,35.1605516],[126.9963688,35.1605648],[126.9970339,35.1608016],[126.9973826,35.1610384],[126.9975167,35.1614112],[126.9977635,35.1616436],[126.9982034,35.1616875],[126.9984287,35.1617226],[126.9985467,35.1618235],[126.9988471,35.1624462],[126.9991636,35.1632224],[126.999287,35.1633189],[126.9993567,35.1634286]]}},{"type":"Feature","properties":{"slot":"mudeungsan_osm_hiking_path","source":"openStreetMap","sourceType":"hiking_paths","name":"","sourceIndex":"3941"},"geometry":{"type":"LineString","coordinates":[[127.0000085,35.1650978],[127.000038,35.1650457],[126.9998261,35.1647968],[126.9996598,35.1646929],[126.9995727,35.164628],[126.9993567,35.1644153],[126.9992977,35.1643418],[126.999165,35.1639778],[126.9990925,35.1637388],[126.9990832,35.1636248],[126.9991264,35.1635307],[126.9992012,35.1634198],[126.9993567,35.1634286],[126.9994855,35.1635908],[126.999566,35.163661],[126.9998181,35.1637443],[127.0000595,35.1637662],[127.000097,35.1636654],[127.0000648,35.1634812]]}},{"type":"Feature","properties":{"slot":"mudeungsan_osm_hiking_path","source":"openStreetMap","sourceType":"hiking_paths","name":"","sourceIndex":"3942"},"geometry":{"type":"LineString","coordinates":[[126.9909775,35.1596219],[126.9910768,35.1596613],[126.9912243,35.1597754],[126.9913852,35.1600122],[126.9919323,35.1604793],[126.9922408,35.1607336],[126.9925761,35.160977],[126.993016,35.1613016],[126.9931447,35.1613563],[126.9933888,35.1616371],[126.9937241,35.1619156],[126.9944644,35.1623936],[126.9954085,35.1628442],[126.9955641,35.1629571],[126.9955843,35.1630229]]}},{"type":"Feature","properties":{"slot":"mudeungsan_osm_hiking_path","source":"openStreetMap","sourceType":"hiking_paths","name":"","sourceIndex":"3943"},"geometry":{"type":"LineString","coordinates":[[126.9779393,35.1610604],[126.9785535,35.1610735],[126.9793582,35.1612402],[126.9800287,35.1611875],[126.9805223,35.1611481],[126.9811284,35.1612753],[126.9818151,35.1613805],[126.9821101,35.1613717],[126.9824374,35.1612095],[126.9828182,35.1611481],[126.9832957,35.1612182],[126.983698,35.1613367],[126.9839019,35.1613235],[126.9848192,35.1611656],[126.985361,35.1609726],[126.9856453,35.16092],[126.9860798,35.1608499],[126.9865197,35.1605034],[126.9866592,35.1602052],[126.9867933,35.1595166],[126.9868523,35.1586877],[126.9868255,35.1585298],[126.9869381,35.1579904],[126.9871044,35.1576658],[126.9873351,35.1572843],[126.9873404,35.157008],[126.9874585,35.1568062],[126.9873673,35.1563896],[126.9872063,35.1560694],[126.9871795,35.1557887],[126.9874316,35.1550343],[126.9875604,35.1547405],[126.987732,35.1546089],[126.9878179,35.1545212],[126.9879842,35.1541001],[126.9880539,35.1540255],[126.9879895,35.1535826],[126.9880807,35.153315],[126.9882202,35.1528764],[126.9881505,35.1525606],[126.9883007,35.1523325],[126.9883114,35.1515036],[126.9882953,35.1508676],[126.9883168,35.1506395],[126.9885153,35.1503237],[126.9885153,35.1496701],[126.9885367,35.1493543],[126.9884348,35.1490078],[126.9882846,35.1486218],[126.988188,35.1484859],[126.9877616,35.1483389]]}},{"type":"Feature","properties":{"slot":"mudeungsan_osm_hiking_path","source":"openStreetMap","sourceType":"hiking_paths","name":"","sourceIndex":"3944"},"geometry":{"type":"LineString","coordinates":[[126.9776596,35.1611546],[126.9778696,35.1611437],[126.9779393,35.1610604],[126.9779098,35.1609858],[126.9780412,35.1608191],[126.9783282,35.1606591],[126.9787922,35.1604639],[126.9788834,35.160499],[126.9790578,35.1604398],[126.9794172,35.1601569],[126.9796559,35.1599464],[126.9798759,35.1597293],[126.9799215,35.1595298],[126.9800019,35.1592096],[126.9801038,35.1586351],[126.9802487,35.1583018],[126.9802755,35.1580913],[126.9801736,35.1577097],[126.9801575,35.157486],[126.980238,35.1572009],[126.9805598,35.1570036],[126.9808173,35.1565518],[126.9811177,35.1560562],[126.9812572,35.1559115],[126.9818097,35.1554992],[126.9822657,35.1552317],[126.9827056,35.1552098],[126.9828665,35.1551352],[126.9831455,35.1548062],[126.983183,35.1545475],[126.9829953,35.1542141],[126.9826627,35.1541089],[126.9825554,35.1539378],[126.9823837,35.1538764],[126.9822228,35.1537361],[126.9822228,35.1534378],[126.9822442,35.1530387],[126.9821584,35.152815],[126.9820565,35.1524992],[126.9819224,35.1515343],[126.9818312,35.1511658],[126.9817293,35.150986],[126.9817239,35.1502886],[126.9816756,35.1501175],[126.9817078,35.1491131],[126.9816005,35.1485516],[126.9816488,35.1480428],[126.9814074,35.1472314],[126.9814718,35.1468936],[126.9815952,35.1465646],[126.9816059,35.1463058],[126.9815415,35.14574],[126.9816488,35.1452224],[126.9816434,35.1447092],[126.9816273,35.1444811],[126.9818312,35.1436959],[126.9819653,35.1435204],[126.9818964,35.1431558]]}},{"type":"Feature","properties":{"slot":"mudeungsan_osm_hiking_path","source":"openStreetMap","sourceType":"hiking_paths","name":"","sourceIndex":"3945"},"geometry":{"type":"LineString","coordinates":[[126.9914388,35.1435088],[126.9913906,35.1436783],[126.9912994,35.1437968],[126.9910741,35.1439459],[126.9909722,35.1442091],[126.9910097,35.1444109],[126.990948,35.1446587],[126.9908488,35.1449197],[126.9905591,35.1450952],[126.9902641,35.1452926],[126.990146,35.1453693],[126.9900817,35.1454461],[126.9900817,35.1455821],[126.9894755,35.1461216],[126.9892126,35.1465032],[126.9892227,35.146558],[126.9892287,35.146591],[126.9894379,35.1467138],[126.9897705,35.1469989],[126.9899261,35.1472182],[126.9898242,35.1473673],[126.9894272,35.1475516],[126.9890785,35.1477884],[126.988982,35.1479683],[126.9890088,35.1481964],[126.9892931,35.1484727],[126.9895291,35.1487227],[126.9896579,35.1489859],[126.9897598,35.1493105],[126.9896579,35.1495254],[126.9897973,35.1498938],[126.9902104,35.1501746],[126.9903392,35.1503675],[126.9904464,35.1506877],[126.9904786,35.1511527],[126.990425,35.1514729],[126.9904518,35.1517404],[126.9906449,35.152122],[126.9908595,35.1522097],[126.9911814,35.1521746],[126.9912779,35.1521045],[126.9913745,35.1521352],[126.991412,35.1523501],[126.9911921,35.152622],[126.9911867,35.1527185],[126.9911488,35.1527741],[126.9909024,35.1531352],[126.9908846,35.1532729],[126.9907629,35.1533896],[126.990779,35.1535694],[126.9907147,35.153894],[126.9908005,35.1544203],[126.9907629,35.1545387],[126.9904357,35.1546703],[126.9899154,35.1547273],[126.9896954,35.1548457],[126.9895452,35.1550431],[126.9895238,35.1553764],[126.989615,35.1559115],[126.989513,35.1563896],[126.9896471,35.1567273],[126.9897598,35.1571483],[126.9899476,35.1574158],[126.9899154,35.1576439],[126.9901675,35.1580956],[126.9902641,35.1585079],[126.9905055,35.158964],[126.9906235,35.1591745],[126.9908541,35.1592929],[126.9909775,35.1596219],[126.990661,35.1595473],[126.9902641,35.1593543],[126.9900119,35.1593807],[126.9891858,35.1597227],[126.9886225,35.1597184],[126.987893,35.1601087],[126.987555,35.1602709],[126.9872171,35.1603762],[126.9870747,35.1602821]]}},{"type":"Feature","properties":{"slot":"mudeungsan_osm_hiking_path","source":"openStreetMap","sourceType":"hiking_paths","name":"","sourceIndex":"3946"},"geometry":{"type":"LineString","coordinates":[[126.9960335,35.1537295],[126.9960684,35.1535299],[126.9961274,35.1533282],[126.9963956,35.1531922],[126.9967174,35.1530782],[126.9969749,35.1528676],[126.9971144,35.1526746],[126.9974524,35.1523632],[126.9977528,35.1521659],[126.9977421,35.1519202],[126.9975597,35.1517097],[126.9971842,35.1515167],[126.9969803,35.1512886],[126.9965297,35.1510386],[126.9961756,35.150872],[126.9962239,35.150679],[126.996515,35.1505386],[126.9968891,35.1503193],[126.9970375,35.1500615],[126.997009,35.1499421],[126.9968504,35.1498006],[126.9967711,35.1496614],[126.9967389,35.149214],[126.9966813,35.1488638],[126.9965647,35.1484757],[126.9964549,35.1481923],[126.996299,35.147977],[126.9958055,35.1473981],[126.9954729,35.1469506],[126.9954407,35.1465997],[126.9957411,35.1463716],[126.9956875,35.1461874],[126.9956338,35.1459242],[126.9957948,35.1456172],[126.995784,35.1452663],[126.9958484,35.1449153],[126.9958377,35.1445907],[126.9958913,35.1444767],[126.9959879,35.1443539],[126.9956875,35.1441696],[126.995548,35.1438845]]}},{"type":"Feature","properties":{"slot":"mudeungsan_osm_hiking_path","source":"openStreetMap","sourceType":"hiking_paths","name":"","sourceIndex":"3947"},"geometry":{"type":"LineString","coordinates":[[126.9963148,35.1538775],[126.9960335,35.1537295],[126.9957894,35.1537953],[126.9955775,35.1539576],[126.9954112,35.1541703],[126.9953629,35.154247],[126.9953763,35.1543698],[126.9954273,35.1544707],[126.9954193,35.1545475],[126.9951671,35.1545891],[126.9949096,35.1546001],[126.9945744,35.1544137],[126.9944268,35.154179],[126.9942418,35.1539378],[126.9939977,35.1538304],[126.9935632,35.1536176],[126.9930053,35.1535826],[126.9926834,35.1535913],[126.9922972,35.1536878],[126.9920611,35.1538019],[126.99175,35.1538106],[126.991471,35.1536615],[126.9912672,35.1534422],[126.9909842,35.1532734],[126.9908846,35.1532729],[126.9905805,35.1532405],[126.9900441,35.153372],[126.9896579,35.1535212],[126.989454,35.1536966],[126.9893145,35.1539422],[126.9891858,35.1540738],[126.9889283,35.1541264],[126.9886279,35.1540387],[126.98836,35.15395]]}},{"type":"Feature","properties":{"slot":"mudeungsan_osm_hiking_path","source":"openStreetMap","sourceType":"hiking_paths","name":"","sourceIndex":"3948"},"geometry":{"type":"LineString","coordinates":[[126.9977099,35.1425466],[126.9981336,35.142608],[126.9986701,35.142608],[126.9992065,35.1424501],[126.9998288,35.142959],[127.0001936,35.142994],[127.000356,35.1431019],[127.0004844,35.1431759],[127.0006092,35.1431788],[127.000891,35.1432309],[127.0018673,35.1436257],[127.0028436,35.1441784],[127.0033479,35.1445118],[127.0036912,35.1449417],[127.0039487,35.1455558],[127.0049786,35.1463892],[127.0053756,35.1468191],[127.0054829,35.1473981],[127.0054772,35.1475288],[127.0054984,35.1477719],[127.0054561,35.1479235],[127.0054078,35.148135],[127.0053429,35.1483396],[127.0052361,35.1486087],[127.0051465,35.1488704],[127.0050154,35.1490594],[127.0048068,35.1493088],[127.0045495,35.1496],[127.0043396,35.1497125],[127.0041541,35.1497432],[127.0041098,35.1497783],[127.0040361,35.1499203],[127.0039816,35.1500257],[127.0037663,35.1503632],[127.0037126,35.1506702],[127.0040882,35.1509509],[127.0042384,35.1512229],[127.0042169,35.1515825],[127.0037663,35.1521966],[127.0021355,35.1534159],[127.0013845,35.1535036],[127.0009553,35.1538019],[127.0006871,35.1541527],[127.0005691,35.1541966],[127.0005691,35.1538369],[127.0001829,35.1536352],[126.999625,35.1536966],[126.9992602,35.1537141],[126.9987237,35.153565],[126.9982195,35.1535124],[126.9975436,35.1534247],[126.9969535,35.1534247],[126.9963148,35.1538775],[126.9961864,35.1539685]]}},{"type":"Feature","properties":{"slot":"mudeungsan_osm_hiking_path","source":"openStreetMap","sourceType":"hiking_paths","name":"","sourceIndex":"3949"},"geometry":{"type":"LineString","coordinates":[[126.9947028,35.1415353],[126.9947326,35.1417395],[126.995033,35.1418184],[126.9955373,35.1419676],[126.9969857,35.1425729],[126.9974026,35.1429548]]}},{"type":"Feature","properties":{"slot":"mudeungsan_osm_hiking_path","source":"openStreetMap","sourceType":"hiking_paths","name":"","sourceIndex":"3950"},"geometry":{"type":"LineString","coordinates":[[126.9785929,35.1317547],[126.9780117,35.1319654],[126.9777006,35.1321453],[126.9773894,35.1323778],[126.9770944,35.1327025],[126.9761932,35.1330403],[126.9755548,35.1332333],[126.9749969,35.1332596],[126.9743532,35.1334263],[126.9738704,35.1333956],[126.9735593,35.1333649],[126.9731462,35.1332684],[126.9724864,35.1332509],[126.9721502,35.1334961]]}},{"type":"Feature","properties":{"slot":"mudeungsan_osm_hiking_path","source":"openStreetMap","sourceType":"hiking_paths","name":"","sourceIndex":"3951"},"geometry":{"type":"LineString","coordinates":[[126.963245,35.1262097],[126.9631308,35.1264725],[126.9626856,35.1268059],[126.9623852,35.1270473],[126.9623154,35.1274684],[126.9623476,35.1281485],[126.9621599,35.1284293],[126.9619775,35.128539],[126.9616342,35.1287189],[126.9614088,35.1293199],[126.9610119,35.1297148],[126.9607007,35.1298903],[126.9602555,35.1301096],[126.9601214,35.1303685],[126.9598263,35.1305571],[126.9593757,35.1312766],[126.9585845,35.1319522],[126.9584755,35.1320186]]}},{"type":"Feature","properties":{"slot":"mudeungsan_osm_hiking_path","source":"openStreetMap","sourceType":"hiking_paths","name":"","sourceIndex":"3952"},"geometry":{"type":"LineString","coordinates":[[126.9702891,35.125203],[126.970472,35.1251551],[126.9707161,35.1252002],[126.9709468,35.1252506],[126.9711587,35.1252604],[126.9712029,35.1253493],[126.9711694,35.12564],[126.9711359,35.1257486],[126.9711721,35.1257848],[126.9712231,35.1257738],[126.9712432,35.1257288],[126.9713478,35.1255676],[126.9714645,35.1254809],[126.9715315,35.1254502],[126.9716817,35.125459],[126.9718239,35.1254897],[126.9719231,35.1254985],[126.9720103,35.1254886],[126.9721591,35.1253504],[126.9722047,35.1253339],[126.9722691,35.1253142],[126.9724,35.1253101]]}},{"type":"Feature","properties":{"slot":"mudeungsan_osm_hiking_path","source":"openStreetMap","sourceType":"hiking_paths","name":"","sourceIndex":"3953"},"geometry":{"type":"LineString","coordinates":[[126.9810977,35.1174227],[126.9809702,35.1173011],[126.9808348,35.1171387],[126.980592,35.1169292],[126.9802809,35.1166571],[126.9800395,35.1164992],[126.9798303,35.1162491],[126.9796157,35.1158453],[126.9793099,35.115468],[126.9792134,35.1152705],[126.9791168,35.1152003],[126.9791222,35.1150248],[126.9790363,35.1147045],[126.9787252,35.1142832],[126.9785052,35.1141691],[126.9774324,35.1138619],[126.9771373,35.1136908],[126.976802,35.1135482],[126.9766545,35.1134451],[126.9764832,35.1133972],[126.9764346,35.1133836],[126.9763729,35.1132871],[126.9762334,35.1132234],[126.9760511,35.1130874],[126.9757587,35.1129931],[126.9756862,35.1129426],[126.975469,35.1129119],[126.9753,35.1127846],[126.9751042,35.1126025],[126.9749004,35.1125893],[126.974557,35.1124994],[126.9742808,35.1124818],[126.9739187,35.1123326],[126.9737121,35.1122471],[126.9735513,35.1120869],[126.9734707,35.1120562],[126.9733769,35.1120672],[126.9728243,35.1121461],[126.9726312,35.1121527],[126.9724971,35.1122449],[126.9721243,35.1124445],[126.9719097,35.1124994],[126.9717514,35.1125696],[126.9715181,35.1124797],[126.9711292,35.1123721],[126.9707992,35.1123458],[126.9703004,35.1121439],[126.9701904,35.1121066],[126.9699677,35.1121198],[126.96978,35.1120452],[126.9697049,35.111964],[126.9695896,35.1119794],[126.9694796,35.1119223],[126.9693053,35.111918],[126.9688386,35.111817],[126.9684201,35.1116722],[126.968168,35.1115406],[126.968109,35.1114045],[126.9680178,35.1113014],[126.9679893,35.1112409],[126.9679723,35.1112048],[126.9679159,35.1110052],[126.9677764,35.1109306],[126.9676101,35.1107463],[126.9674706,35.1105839],[126.9672829,35.1102723],[126.9668966,35.1100441],[126.9664514,35.1098335],[126.9659096,35.1095483],[126.9657487,35.1094605],[126.9654,35.1091884],[126.9652927,35.109127],[126.9647992,35.1089558],[126.9645631,35.1088637],[126.9643539,35.1087452],[126.9641876,35.1085477],[126.9640133,35.1083129],[126.9638926,35.1081089],[126.9638094,35.1079223],[126.9636995,35.1077468],[126.9636083,35.1076086],[126.963501,35.1075361],[126.9632354,35.1074133],[126.9630021,35.1074418],[126.9627151,35.1073167],[126.9621465,35.1073431],[126.9619131,35.1073058],[126.9613123,35.107139],[126.9608241,35.1069635],[126.9603038,35.1068274],[126.9598961,35.1067791],[126.9595313,35.1068055],[126.959188,35.106924],[126.9589198,35.1070468],[126.9586676,35.1072048],[126.9584906,35.1072356],[126.9581419,35.1070293],[126.9579595,35.1069349],[126.9577637,35.1069262],[126.9574606,35.1069766],[126.9573131,35.1068559],[126.9570234,35.106687],[126.956208,35.1063447],[126.9556046,35.1061318],[126.9549286,35.106077],[126.9547838,35.1060375],[126.9545692,35.1058927],[126.9542152,35.1057742],[126.9537806,35.1056425],[126.9535553,35.1056469],[126.95333,35.1058268],[126.9530296,35.1061384],[126.9527078,35.1064017],[126.952343,35.106586],[126.9520694,35.106665],[126.9520328,35.1066918],[126.9515061,35.1067221],[126.9509214,35.1067572],[126.9506961,35.1068274],[126.9503903,35.107082],[126.9499183,35.107613],[126.94965,35.1077841],[126.9494194,35.1078938],[126.9493711,35.1080167],[126.9493586,35.1080807],[126.9493067,35.1083458],[126.9493067,35.1085433],[126.9491887,35.1087671],[126.9490975,35.109206],[126.9489741,35.1093947],[126.9487113,35.1096404],[126.948384,35.1099695],[126.9482017,35.1101187],[126.948148,35.1103074],[126.948148,35.1105313],[126.9480246,35.1106717],[126.9477618,35.1107463],[126.9476277,35.1108253],[126.9471019,35.111229],[126.9467533,35.1113475],[126.9466138,35.1115888],[126.9455087,35.1124007],[126.9452888,35.1126464],[126.9449884,35.1130721],[126.9441622,35.1138926],[126.9440174,35.1140067],[126.943835,35.1140638],[126.9436526,35.1140813],[126.9430304,35.1143841],[126.9424671,35.1147878],[126.9423169,35.1150687],[126.9423544,35.115525],[126.9423813,35.1157005],[126.9422632,35.1160121],[126.9418448,35.1164772],[126.9415015,35.1167317],[126.9410992,35.1169555],[126.9407988,35.1171135],[126.9405413,35.1172846],[126.9403589,35.1174426],[126.9398761,35.1179077],[126.9395891,35.1181512],[126.9392672,35.1182873],[126.9388729,35.1184386],[126.9385082,35.1186558],[126.9383794,35.1186668],[126.938256,35.1186273],[126.938028,35.118601],[126.9378215,35.1186646],[126.9375291,35.1187524],[126.9370222,35.1187436],[126.936864,35.118816],[126.9367459,35.1190178],[126.9366842,35.1192767],[126.9368184,35.1198669],[126.9369069,35.1201455],[126.9368532,35.1204066],[126.9365495,35.1207125]]}},{"type":"Feature","properties":{"slot":"mudeungsan_osm_hiking_path","source":"openStreetMap","sourceType":"hiking_paths","name":"","sourceIndex":"3954"},"geometry":{"type":"LineString","coordinates":[[126.9902775,35.1069964],[126.9902962,35.1068362],[126.9904089,35.1066387],[126.9905269,35.1063622],[126.9905323,35.1061999],[126.9905484,35.1056206],[126.9907361,35.1054099],[126.9908837,35.105287],[126.9909809,35.1050365]]}},{"type":"Feature","properties":{"slot":"mudeungsan_osm_hiking_path","source":"openStreetMap","sourceType":"hiking_paths","name":"","sourceIndex":"3955"},"geometry":{"type":"LineString","coordinates":[[126.9839341,35.1187688],[126.9839823,35.1183289],[126.9840574,35.1181139],[126.9844222,35.1177234],[126.9848889,35.1174689],[126.9852751,35.117232],[126.9857794,35.116938],[126.9859725,35.1167186],[126.9864982,35.1164465],[126.9872546,35.1160911],[126.9874692,35.1159638],[126.9877428,35.115683],[126.987775,35.1155952],[126.9875497,35.1151301],[126.9874585,35.1146913],[126.987673,35.1143358],[126.9878715,35.1137654],[126.9879037,35.1133485],[126.9878608,35.1127254],[126.9879574,35.1125937],[126.9881988,35.1124182],[126.9886976,35.11176],[126.9887567,35.111602],[126.988644,35.1111719],[126.988247,35.1109043],[126.9881558,35.1107243],[126.9882148,35.1103952],[126.988349,35.1100968],[126.9886011,35.1098686],[126.9890892,35.1097765],[126.9892609,35.1097523],[126.9893816,35.1096843],[126.9895104,35.1094122],[126.9895962,35.1090765],[126.9898,35.1088681],[126.9900307,35.108664],[126.9901004,35.1085192],[126.990146,35.1083327],[126.9901434,35.107964],[126.9902721,35.1077753],[126.9902855,35.1076612],[126.9902882,35.1074725],[126.9903526,35.1072246],[126.9903579,35.1070995],[126.9902775,35.1069964],[126.9900227,35.1067484],[126.9898242,35.1064895],[126.9896579,35.1063008],[126.9895828,35.1060726],[126.9894808,35.1056557],[126.9893521,35.1050369],[126.989327,35.104802]]}},{"type":"Feature","properties":{"slot":"mudeungsan_osm_hiking_path","source":"openStreetMap","sourceType":"hiking_paths","name":"","sourceIndex":"3956"},"geometry":{"type":"LineString","coordinates":[[127.0110631,35.117056],[127.0113915,35.117106],[127.011582,35.1171735],[127.0119792,35.1174075],[127.0124352,35.1176357],[127.0128804,35.1178024],[127.0132238,35.1176883],[127.013669,35.1177936],[127.0139658,35.1177077],[127.0147258,35.117583],[127.0149021,35.117453]]}},{"type":"Feature","properties":{"slot":"mudeungsan_osm_hiking_path","source":"openStreetMap","sourceType":"hiking_paths","name":"","sourceIndex":"3957"},"geometry":{"type":"LineString","coordinates":[[127.0171802,35.1352003],[127.017298,35.1355431],[127.0174496,35.1357942],[127.0177138,35.1362209],[127.0180316,35.1363283],[127.0182824,35.1365499],[127.0187545,35.1370807],[127.0190173,35.1376203],[127.0191085,35.1378309],[127.0191497,35.1379219]]}},{"type":"Feature","properties":{"slot":"mudeungsan_osm_hiking_path","source":"openStreetMap","sourceType":"hiking_paths","name":"","sourceIndex":"3958"},"geometry":{"type":"LineString","coordinates":[[126.9987808,35.141139],[126.99889,35.1413578],[126.998831,35.1415684],[126.9984931,35.1419413],[126.9979942,35.1421781],[126.9978025,35.1423635],[126.9977099,35.1425466],[126.9976258,35.1426583],[126.9974026,35.1429548],[126.9973236,35.1430598],[126.9970447,35.1433932],[126.996932,35.1434985],[126.9964224,35.143538],[126.9963376,35.1435123],[126.9961,35.1437121],[126.9958601,35.1437175],[126.9956801,35.1438692],[126.995548,35.1438845],[126.9952905,35.1438099],[126.9948453,35.1438099],[126.9946253,35.1438012],[126.9945073,35.1436915],[126.9944644,35.143516],[126.9945234,35.1434195],[126.9944215,35.1432441],[126.9938636,35.1428054],[126.9935095,35.1425291],[126.9932842,35.1422483],[126.9930856,35.1420638]]}},{"type":"Feature","properties":{"slot":"mudeungsan_osm_hiking_path","source":"openStreetMap","sourceType":"hiking_paths","name":"","sourceIndex":"3959"},"geometry":{"type":"LineString","coordinates":[[126.9917656,35.1359188],[126.9915542,35.136052],[126.9912431,35.1363481],[126.9909668,35.1365718],[126.9905215,35.1369052],[126.9895238,35.1373702],[126.9888586,35.1377475],[126.9883436,35.1381336],[126.9877696,35.138309],[126.9873726,35.138581],[126.9870347,35.1387697],[126.9868042,35.1388689]]}},{"type":"Feature","properties":{"slot":"mudeungsan_osm_hiking_path","source":"openStreetMap","sourceType":"hiking_paths","name":"","sourceIndex":"3960"},"geometry":{"type":"LineString","coordinates":[[126.9783524,35.1251387],[126.9785213,35.1250378],[126.9785589,35.1247614],[126.9783336,35.1240813],[126.9782907,35.123954],[126.9780278,35.1237478],[126.9777864,35.1234714],[126.9776845,35.1233705],[126.9777163,35.1231391]]}},{"type":"Feature","properties":{"slot":"mudeungsan_osm_hiking_path","source":"openStreetMap","sourceType":"hiking_paths","name":"","sourceIndex":"3961"},"geometry":{"type":"LineString","coordinates":[[126.9781945,35.1255852],[126.9782987,35.12547],[126.9783926,35.1253471],[126.9784114,35.1252396],[126.9783524,35.1251387],[126.9782531,35.1250597],[126.9781834,35.1249391],[126.9780224,35.124893],[126.9778883,35.1248162],[126.9777408,35.1247833],[126.9773895,35.1247789],[126.9771534,35.1247833],[126.9768852,35.1248447],[126.9766545,35.1249193],[126.9764963,35.1249017],[126.9762093,35.1250487],[126.9761476,35.125176],[126.9760295,35.125233],[126.9758203,35.1254151],[126.9757184,35.1255753],[126.9756675,35.1255731],[126.9756165,35.1256389],[126.9755065,35.1257113],[126.9753349,35.1254634],[126.9753081,35.1253317],[126.9751766,35.125165],[126.9751498,35.1250685],[126.9750613,35.1250115],[126.9750291,35.1248952],[126.9748735,35.1247789],[126.9748763,35.1247306],[126.9746965,35.1246912],[126.9746509,35.1246385],[126.9744202,35.1246232],[126.9743103,35.1245442],[126.9739991,35.1245288],[126.9738784,35.1244345],[126.9737067,35.1243819],[126.9736397,35.1242743],[126.9734359,35.1242656],[126.9731177,35.1241631]]}},{"type":"Feature","properties":{"slot":"mudeungsan_osm_hiking_path","source":"openStreetMap","sourceType":"hiking_paths","name":"","sourceIndex":"3962"},"geometry":{"type":"LineString","coordinates":[[126.9784276,35.1270578],[126.9786662,35.1270999],[126.9791892,35.1270363],[126.9796747,35.126942],[126.9798839,35.1268454],[126.9800341,35.1267379],[126.9802085,35.1266173],[126.9804874,35.1265251],[126.9806671,35.1265186],[126.981025,35.1266039]]}},{"type":"Feature","properties":{"slot":"mudeungsan_osm_hiking_path","source":"openStreetMap","sourceType":"hiking_paths","name":"","sourceIndex":"3963"},"geometry":{"type":"LineString","coordinates":[[126.9806565,35.130621],[126.9807798,35.1303509],[126.9809353,35.1300833],[126.9811821,35.1297894],[126.9812304,35.1296709],[126.9811392,35.1294428],[126.9808495,35.129083],[126.9806993,35.1287934],[126.9806349,35.1282845],[126.9806939,35.1280169],[126.9807422,35.1277887],[126.9807422,35.1274202],[126.9809139,35.1270429],[126.9810212,35.1267708],[126.981025,35.1266039],[126.9810265,35.1265383],[126.9815308,35.125652],[126.9817507,35.1252133],[126.9820726,35.1248579],[126.9823408,35.1246561],[126.9826305,35.1244674],[126.982829,35.1242436],[126.9828772,35.1240945],[126.9828656,35.1239333]]}},{"type":"Feature","properties":{"slot":"mudeungsan_osm_hiking_path","source":"openStreetMap","sourceType":"hiking_paths","name":"","sourceIndex":"4104"},"geometry":{"type":"LineString","coordinates":[[126.9343052,35.0858625],[126.9343436,35.0858272],[126.934397,35.0857961],[126.9344013,35.0857399],[126.9343749,35.0856744],[126.9343513,35.0855903],[126.9342877,35.085434],[126.9342984,35.0850521],[126.9343534,35.084768],[126.9343404,35.0846879],[126.934324,35.0846228],[126.9342391,35.0846041]]}},{"type":"Feature","properties":{"slot":"mudeungsan_osm_hiking_path","source":"openStreetMap","sourceType":"hiking_paths","name":"","sourceIndex":"4107"},"geometry":{"type":"LineString","coordinates":[[126.9643102,35.1402115],[126.96437,35.1402941],[126.9644022,35.1403993],[126.9643378,35.1405792],[126.9643405,35.1406889],[126.9642976,35.1408314],[126.9642842,35.1409455],[126.9643164,35.141099],[126.9642574,35.14136],[126.9641796,35.1415662],[126.9641232,35.1416539],[126.9641259,35.1417899],[126.9641232,35.1418996],[126.9640079,35.142029],[126.9639704,35.1421803],[126.9637772,35.142426],[126.9634017,35.1426804],[126.9631281,35.1428427],[126.9628975,35.1429195],[126.9627821,35.1429853],[126.9626856,35.1430971],[126.9625193,35.1433055],[126.9624871,35.1434744],[126.9625086,35.1437441],[126.9625434,35.1438911],[126.9626266,35.1440008],[126.9629779,35.1442486],[126.9631603,35.1443846],[126.9632086,35.1444635],[126.9631737,35.1446894],[126.9629163,35.1453035],[126.9627365,35.145536],[126.9625568,35.1456852],[126.962302,35.1458957],[126.9622457,35.1460668],[126.9622618,35.1463124],[126.9623503,35.1465339],[126.9624549,35.1466348],[126.9625246,35.1467489],[126.9625595,35.1468147],[126.96253,35.1469441],[126.9625702,35.1469517],[126.9627499,35.1470888],[126.9627358,35.1471333],[126.9627258,35.1471645],[126.9626936,35.1471875],[126.9627419,35.1472555],[126.9626185,35.1473805],[126.9624469,35.1475209],[126.9623074,35.1476568],[126.9622242,35.1477643],[126.9622618,35.1481964],[126.9621143,35.1483674],[126.9619909,35.1484442],[126.9618809,35.1485078],[126.9618997,35.1491043],[126.9618863,35.1494333],[126.9617951,35.1495298],[126.961779,35.1496526],[126.9615161,35.1498061],[126.9609851,35.150043],[126.9605237,35.1501789],[126.9600087,35.1501702],[126.9596976,35.1500956],[126.959424,35.1498982],[126.9591612,35.1496526],[126.9589037,35.1493938],[126.9587427,35.1494333],[126.9580856,35.149532],[126.9573426,35.1497206],[126.9570717,35.149828],[126.956774,35.1501175],[126.9562215,35.1507119],[126.9560739,35.1509246],[126.9559801,35.1510671],[126.9558808,35.1510978],[126.9556775,35.1511036]]}},{"type":"Feature","properties":{"slot":"mudeungsan_osm_hiking_path","source":"openStreetMap","sourceType":"hiking_paths","name":"","sourceIndex":"4108"},"geometry":{"type":"LineString","coordinates":[[126.9963916,35.1699385],[126.9966021,35.1700591],[126.9969615,35.1702082],[126.9971506,35.1702784],[126.9973518,35.1703113],[126.997506,35.1703573],[126.9976515,35.1703958]]}},{"type":"Feature","properties":{"slot":"mudeungsan_osm_hiking_path","source":"openStreetMap","sourceType":"hiking_paths","name":"","sourceIndex":"4109"},"geometry":{"type":"LineString","coordinates":[[126.9835451,35.1655094],[126.9837396,35.1654875],[126.9838884,35.1654546],[126.9841057,35.1654305],[126.984382,35.1654415],[126.9847414,35.1654831],[126.9848996,35.1655226],[126.9849935,35.165652],[126.9850579,35.1657638],[126.9851169,35.1659217],[126.9851974,35.1660159],[126.9853288,35.1661256],[126.9854066,35.1662264],[126.9854361,35.1664106],[126.9855407,35.1665181],[126.9857043,35.1665597],[126.9859269,35.1665663],[126.9861013,35.1666299],[126.9862407,35.1666825],[126.9863883,35.1666694],[126.9865921,35.1666781],[126.9867611,35.1666781],[126.9868255,35.1666803],[126.9869676,35.1667483],[126.9870347,35.1669127],[126.9870159,35.1670531],[126.9869032,35.1672438],[126.986796,35.1674368],[126.9868281,35.1675705],[126.9869113,35.1676429],[126.9871929,35.167678],[126.9875564,35.1677098],[126.9877012,35.1676593],[126.9879962,35.1675201]]}},{"type":"Feature","properties":{"slot":"mudeungsan_osm_hiking_path","source":"openStreetMap","sourceType":"hiking_paths","name":"","sourceIndex":"4110"},"geometry":{"type":"LineString","coordinates":[[126.9775769,35.1610756],[126.9775048,35.1611393],[126.9772366,35.1611218],[126.9770837,35.1610582],[126.9768503,35.1608542],[126.9766867,35.1607709],[126.9764695,35.160806],[126.9761476,35.1608871],[126.9758525,35.1609683],[126.9753242,35.160977],[126.974895,35.1609858],[126.9745758,35.1609595],[126.9744122,35.1608871],[126.9742727,35.1607972],[126.9741574,35.1604661],[126.9741172,35.1603345],[126.9740179,35.160192],[126.9739428,35.1601503],[126.9736102,35.1602139],[126.9734681,35.160249],[126.9733742,35.1602402],[126.9732884,35.1601043],[126.9730926,35.1596175],[126.9730443,35.1594223],[126.9730496,35.1592929],[126.9731462,35.1591986],[126.9733098,35.1590342],[126.9733286,35.1589092],[126.9732803,35.1588171],[126.9728646,35.158475],[126.9727626,35.1583434],[126.9726741,35.1581702],[126.9725856,35.1579487],[126.9725078,35.157872],[126.972245,35.1576856],[126.9720572,35.1575299],[126.9719553,35.1573698],[126.9718547,35.1572168],[126.9716482,35.156991],[126.9713156,35.1567152],[126.971093,35.1565924],[126.970645,35.1563621],[126.9704184,35.1562777],[126.9701502,35.1563062],[126.9699785,35.156315],[126.9698028,35.1562953],[126.9696446,35.1562657],[126.969548,35.1562306],[126.9694421,35.1561681],[126.9692503,35.1559422],[126.9690089,35.1555168],[126.9688828,35.1554729],[126.9686683,35.1554115],[126.9682968,35.1554005],[126.9681144,35.1554203],[126.9676879,35.1555431],[126.9674224,35.1556396],[126.9672105,35.1556812],[126.9670629,35.1556768],[126.9669557,35.1555957],[126.9668618,35.1554992],[126.9667652,35.1554093],[126.9666794,35.155394],[126.9665238,35.1554641],[126.9657862,35.1557514],[126.9656306,35.1558018],[126.9653973,35.1558062],[126.965282,35.1557799],[126.965054,35.1556812],[126.9648609,35.1556308],[126.9643673,35.1556944],[126.964142,35.1557865],[126.9639569,35.1558611],[126.9636914,35.1560562],[126.9633856,35.156486],[126.9632488,35.1567141],[126.9632086,35.1569115],[126.9632274,35.1572053],[126.9633669,35.1578544],[126.9634205,35.1582228],[126.9633669,35.1583939],[126.963383,35.1585232],[126.9634017,35.1586833],[126.9633695,35.158782],[126.9633008,35.1589512],[126.9631952,35.1592118],[126.9631335,35.1593061],[126.9632193,35.1596833],[126.9632247,35.1598697],[126.963222,35.1599376],[126.9631389,35.1600034],[126.9630557,35.1600604],[126.9628948,35.1601218],[126.9626963,35.1602797],[126.962471,35.1605538],[126.9623879,35.1607643],[126.9623879,35.1609661],[126.9623825,35.1613717],[126.9623812,35.1617248],[126.9623235,35.1617697],[126.9623557,35.1619188],[126.9623704,35.1621282],[126.9623691,35.1622806],[126.9623865,35.162376],[126.9623624,35.1625262],[126.9623825,35.1626195]]}},{"type":"Feature","properties":{"slot":"mudeungsan_osm_hiking_path","source":"openStreetMap","sourceType":"hiking_paths","name":"","sourceIndex":"4112"},"geometry":{"type":"LineString","coordinates":[[126.9773492,35.1674675],[126.977309,35.167542],[126.9769067,35.1678534],[126.9767189,35.1679499],[126.9762522,35.1681603],[126.9760591,35.1683007],[126.9759625,35.1683621],[126.975646,35.1684498],[126.975131,35.1687348],[126.9746697,35.1690505],[126.9741279,35.1696601],[126.9737256,35.1700986],[126.9736022,35.1702301],[126.9731891,35.1704538],[126.9724595,35.1710984],[126.9723469,35.1715764],[126.9722879,35.1716465],[126.9723308,35.1720456],[126.9722182,35.1722385],[126.9721591,35.1723701],[126.9719768,35.1725235],[126.9709146,35.1730892],[126.9704157,35.1733611],[126.9702172,35.1735803],[126.9702655,35.1738302],[126.9701368,35.1739267],[126.9699919,35.1740276],[126.9697452,35.1740933],[126.9694662,35.1741021],[126.9692999,35.1741898],[126.9690371,35.1743981],[126.968852,35.1745033]]}},{"type":"Feature","properties":{"slot":"mudeungsan_osm_hiking_path","source":"openStreetMap","sourceType":"hiking_paths","name":"배재길","sourceIndex":"4113"},"geometry":{"type":"LineString","coordinates":[[126.978237,35.1667286],[126.9783564,35.1668042],[126.9784181,35.1668316],[126.9784516,35.1668853],[126.9783993,35.16695],[126.9782786,35.1670114],[126.9781727,35.167052],[126.9781096,35.167155],[126.9780157,35.1672493],[126.9779782,35.1673019],[126.9779916,35.1674061],[126.9779715,35.1674412],[126.9779065,35.1674625],[126.9777677,35.167462],[126.9777046,35.1674357],[126.9776094,35.1673524],[126.9775517,35.1673502],[126.9774243,35.1674094],[126.9773492,35.1674675]]}},{"type":"Feature","properties":{"slot":"mudeungsan_osm_hiking_path","source":"openStreetMap","sourceType":"hiking_paths","name":"","sourceIndex":"4127"},"geometry":{"type":"LineString","coordinates":[[126.9402086,35.1644322],[126.9404876,35.1643407],[126.9406083,35.1642706],[126.9406298,35.1642114],[126.9405225,35.1640074],[126.9405842,35.1639263],[126.9407344,35.1638342],[126.9409302,35.1637597],[126.9409249,35.1636433]]}},{"type":"Feature","properties":{"slot":"mudeungsan_osm_hiking_path","source":"openStreetMap","sourceType":"hiking_paths","name":"","sourceIndex":"4128"},"geometry":{"type":"LineString","coordinates":[[126.9465336,35.1671988],[126.9463616,35.1672263],[126.945911,35.1673052],[126.945219,35.1675069],[126.9450849,35.1675903],[126.9448328,35.1676341],[126.9445002,35.1675245],[126.944114,35.1674324],[126.9438833,35.1672965],[126.9435668,35.1671474],[126.9432396,35.1669983],[126.9428211,35.1669588],[126.9425851,35.1669632],[126.9423115,35.1668623],[126.9420433,35.1667527],[126.9418609,35.1665904],[126.9416785,35.1663843],[126.941303,35.165595],[126.9412065,35.1654502],[126.9410831,35.165277],[126.9409811,35.1652134],[126.9408631,35.1651761],[126.9407237,35.1651433],[126.9404903,35.1649898],[126.9403186,35.1648494],[126.9402248,35.1644745],[126.9402086,35.1644322],[126.9400504,35.1640184],[126.9396213,35.1635623],[126.9393289,35.1632816],[126.9393718,35.1630755]]}},{"type":"Feature","properties":{"slot":"mudeungsan_osm_hiking_path","source":"openStreetMap","sourceType":"hiking_paths","name":"","sourceIndex":"4132"},"geometry":{"type":"LineString","coordinates":[[126.9478637,35.1651652],[126.9477618,35.1651301],[126.9476062,35.1650523],[126.9474882,35.1650007],[126.9473541,35.1649667],[126.9471529,35.1649711],[126.9468069,35.1650577],[126.9464368,35.1651674],[126.9462275,35.1651805],[126.9460773,35.1651696],[126.9456053,35.1649547],[126.9454631,35.1649415],[126.9453129,35.1648122],[126.9451681,35.1646609],[126.9450715,35.1645929],[126.944932,35.1645534],[126.9448274,35.1644811],[126.9447604,35.164367],[126.9446826,35.1641565],[126.9446102,35.1640886],[126.9444573,35.1640644],[126.9440147,35.1640644],[126.9438779,35.1640491],[126.943481,35.1639285],[126.9431618,35.1638057],[126.9429553,35.1637268],[126.9428077,35.1636544],[126.9426039,35.1635119],[126.9423598,35.1633474],[126.9421694,35.1632202],[126.9420353,35.1631435],[126.9418395,35.1630909],[126.9415551,35.1630755],[126.941362,35.1630689],[126.9412467,35.1630229],[126.9410455,35.1629242],[126.9407961,35.1629374],[126.9406566,35.1629418],[126.9404551,35.1628572]]}},{"type":"Feature","properties":{"slot":"mudeungsan_osm_hiking_path","source":"openStreetMap","sourceType":"hiking_paths","name":"","sourceIndex":"4133"},"geometry":{"type":"LineString","coordinates":[[126.9449186,35.160806],[126.9451708,35.1607885],[126.9452566,35.1608674],[126.9453853,35.161113],[126.9453371,35.1613937],[126.9453639,35.1617533],[126.9455785,35.1618542],[126.9457769,35.161955],[126.9457662,35.1621304]]}},{"type":"Feature","properties":{"slot":"mudeungsan_osm_hiking_path","source":"openStreetMap","sourceType":"hiking_paths","name":"","sourceIndex":"4134"},"geometry":{"type":"LineString","coordinates":[[126.9457806,35.1556574],[126.9453961,35.1557141],[126.9445056,35.1557668],[126.9443124,35.1558369],[126.9441247,35.1559115],[126.9437867,35.1558501],[126.94354,35.1558501],[126.9432718,35.155894],[126.9431215,35.1558852],[126.9429874,35.1557361],[126.9428372,35.1553457],[126.9427621,35.1551352],[126.9426173,35.155008],[126.9424778,35.1550168],[126.9423974,35.154894],[126.9419843,35.1547229],[126.9416459,35.1546018]]}},{"type":"Feature","properties":{"slot":"mudeungsan_osm_hiking_path","source":"openStreetMap","sourceType":"hiking_paths","name":"","sourceIndex":"4135"},"geometry":{"type":"LineString","coordinates":[[126.9500111,35.1542519],[126.9501489,35.1544203],[126.9502509,35.1546527],[126.950385,35.1551045],[126.950106,35.1551527],[126.9493282,35.1552229],[126.9490224,35.1552317],[126.9486844,35.1551089],[126.9483197,35.1549685],[126.9480246,35.1549027],[126.9476223,35.1549861],[126.9472897,35.1552668],[126.9471127,35.1554685],[126.9469196,35.1557404],[126.9466835,35.1559992],[126.9460773,35.1563325],[126.9459432,35.1563983],[126.9457925,35.1564027]]}},{"type":"Feature","properties":{"slot":"mudeungsan_osm_hiking_path","source":"openStreetMap","sourceType":"hiking_paths","name":"","sourceIndex":"4136"},"geometry":{"type":"LineString","coordinates":[[126.9514158,35.1539854],[126.951549,35.154065],[126.951592,35.1541791],[126.9513667,35.1543501],[126.9511843,35.1544203],[126.9508088,35.1544992],[126.9506639,35.1546264],[126.950385,35.1551045],[126.9505513,35.1553808],[126.9507712,35.1556571],[126.9509536,35.1557536],[126.9515759,35.1558369],[126.9520479,35.1559115],[126.9526058,35.1560343],[126.953153,35.1562185],[126.9534105,35.1563808],[126.9539738,35.1567931],[126.9542313,35.1570343],[126.9543225,35.1572009],[126.9543064,35.1575211],[126.9543922,35.1580255],[126.954419,35.1583062],[126.9544887,35.1584816],[126.9547248,35.158657],[126.955288,35.1589202],[126.9556796,35.1589684],[126.9560713,35.1589728],[126.9564038,35.1589596],[126.9566828,35.1587974],[126.9569617,35.1585254],[126.957407,35.1583895],[126.9579917,35.1582404],[126.9585818,35.1583062],[126.9592148,35.1583939],[126.9596547,35.158429],[126.9598263,35.1583983],[126.960116,35.1581921],[126.9604272,35.1580913],[126.9605559,35.1580123],[126.9606686,35.1576176],[126.9607866,35.1574641],[126.960977,35.1572996],[126.9610924,35.1573237],[126.9611889,35.1573457],[126.9612184,35.1574816],[126.961429,35.1574553]]}},{"type":"Feature","properties":{"slot":"mudeungsan_osm_hiking_path","source":"openStreetMap","sourceType":"hiking_paths","name":"","sourceIndex":"4137"},"geometry":{"type":"LineString","coordinates":[[126.9539695,35.1526182],[126.9537055,35.1527426],[126.9533434,35.152929],[126.9527802,35.153179],[126.9526609,35.1531777]]}},{"type":"Feature","properties":{"slot":"mudeungsan_osm_hiking_path","source":"openStreetMap","sourceType":"hiking_paths","name":"","sourceIndex":"4139"},"geometry":{"type":"LineString","coordinates":[[126.9507797,35.1615011],[126.9508302,35.1616042],[126.9507873,35.161727],[126.950798,35.1618059],[126.9510233,35.1619857],[126.951195,35.1622971],[126.9513291,35.1626699],[126.9515115,35.1629637],[126.9516241,35.1630777],[126.9518977,35.1631874],[126.9520587,35.1633452],[126.9523483,35.1636171],[126.9522786,35.1637531],[126.9521767,35.1639022],[126.952225,35.1643407],[126.9522464,35.1646521],[126.9521713,35.1648275],[126.9521767,35.1649547],[126.9524127,35.1659151],[126.9525522,35.1662966],[126.9526434,35.1663887],[126.9526058,35.1666474],[126.9523859,35.1668886],[126.9522196,35.1670465],[126.9518334,35.1672833],[126.9517207,35.1674017],[126.9516456,35.1678841],[126.951549,35.1680858],[126.9514251,35.1682285],[126.9512218,35.1684585],[126.9509536,35.1686734],[126.9507122,35.1690856],[126.950621,35.1693707],[126.9506049,35.1694891],[126.9503903,35.1697873],[126.950267,35.1700197],[126.9502455,35.170445],[126.9502777,35.1707388],[126.9502723,35.1708221],[126.949988,35.1711817],[126.9499987,35.1713703],[126.9500148,35.1714755],[126.9497412,35.1718132],[126.9495911,35.1719556]]}},{"type":"Feature","properties":{"slot":"mudeungsan_osm_hiking_path","source":"openStreetMap","sourceType":"hiking_paths","name":"","sourceIndex":"4140"},"geometry":{"type":"LineString","coordinates":[[126.9450086,35.1582188],[126.9449025,35.1583149],[126.9448757,35.1585211],[126.9447684,35.1586351],[126.9446501,35.1586884],[126.9444573,35.1587754],[126.9443554,35.1588807],[126.944409,35.1589816],[126.9446558,35.159078],[126.9447631,35.159157],[126.9448122,35.159289],[126.9448882,35.1594931],[126.9449454,35.1597096],[126.944983,35.1599311],[126.9449723,35.1603718],[126.9449186,35.160806],[126.9447792,35.161113],[126.9446075,35.1613147],[126.9443969,35.1613926],[126.9442508,35.1614682],[126.9439959,35.1615976],[126.9439316,35.1616491],[126.9439342,35.1617117],[126.9439745,35.161818],[126.9440067,35.161886],[126.9440536,35.1619528],[126.9441676,35.1619857],[126.9445056,35.1620076],[126.9449937,35.1619945],[126.9453853,35.162091],[126.9455704,35.1620844],[126.9457662,35.1621304],[126.9460291,35.162205],[126.9464046,35.1625515],[126.9466245,35.162865],[126.9467694,35.1630865],[126.9468123,35.1632049],[126.9470859,35.1633321],[126.9471824,35.1634],[126.9473273,35.1636741],[126.9474667,35.1638539],[126.947684,35.164014],[126.9478664,35.1642311],[126.9478583,35.1644526],[126.9479361,35.1645732],[126.9479388,35.1646959],[126.9479549,35.1648692],[126.9479066,35.1650468],[126.9478637,35.1651652],[126.9478422,35.1652967],[126.9477779,35.1655072],[126.9475204,35.1657791],[126.9473836,35.1659019],[126.9472951,35.1660466],[126.947228,35.1662023],[126.9471931,35.1664106],[126.9472602,35.166529],[126.9472146,35.1666562],[126.9471288,35.1667593],[126.9469196,35.1668842],[126.9467425,35.1669983],[126.9465934,35.1672035],[126.9464663,35.1673425],[126.9463884,35.1675618],[126.9464153,35.1679389],[126.9464045,35.1681406],[126.9466246,35.1685068],[126.9466594,35.168612],[126.9466996,35.1688006],[126.946705,35.1691251],[126.9467264,35.1692786],[126.946882,35.1694715],[126.9470966,35.1696754],[126.9473165,35.1699276],[126.9475955,35.1703113],[126.947861,35.1706139],[126.9479495,35.1707958],[126.9480997,35.1709055],[126.9485664,35.1712738],[126.9487461,35.1714711],[126.9489742,35.1715851],[126.9491833,35.1716948],[126.9493872,35.1718066],[126.9495911,35.1719556],[126.9496956,35.1722473],[126.9499531,35.1723372],[126.9503179,35.1724512],[126.9510931,35.17278],[126.9513157,35.1728853],[126.9514739,35.1729489],[126.9517287,35.1730738],[126.9518414,35.1731505],[126.9519594,35.1732602],[126.9520721,35.1735671],[126.9521177,35.1737162],[126.9522089,35.1738456],[126.9521928,35.1739399],[126.9521633,35.1740605],[126.9522008,35.1742052],[126.9522116,35.1742994],[126.9523725,35.1743959],[126.9526809,35.1746436],[126.952799,35.1746458],[126.9528258,35.1748147],[126.952984,35.174944],[126.9531128,35.175058],[126.9530779,35.1751479],[126.9531181,35.1753496],[126.9532013,35.175479],[126.9532469,35.1755491],[126.9533233,35.1756972],[126.9534346,35.1757245],[126.9534829,35.1757684],[126.9536117,35.1760271],[126.9536693,35.176209],[126.9536385,35.1762836],[126.9536667,35.1763318],[126.9536157,35.176414],[126.9535983,35.176505],[126.9535446,35.176608],[126.9535258,35.1766935],[126.953444,35.1767451],[126.95344,35.1768547],[126.9533381,35.1769358],[126.9533193,35.1770049],[126.9533109,35.1770336],[126.9533046,35.1770607],[126.9533461,35.1772088],[126.9534695,35.177371],[126.9535822,35.1775508],[126.9536921,35.1777371],[126.9538585,35.1779015],[126.954132,35.1780747],[126.9542688,35.1782216],[126.954242,35.1784847],[126.954309,35.1786162],[126.9542795,35.1788464],[126.9541991,35.1790043],[126.9541534,35.1790657],[126.9541347,35.1791556],[126.9538927,35.1793251],[126.9538665,35.1793594],[126.9536895,35.1795655],[126.9536278,35.1796828],[126.9535742,35.1798122],[126.9534802,35.1799601],[126.9533193,35.1800127],[126.9532067,35.1799996],[126.9529599,35.1800873],[126.9528043,35.1801509],[126.952858,35.1803679],[126.9528741,35.1807034],[126.9528794,35.1809291],[126.9528633,35.1809927],[126.9527829,35.1810322],[126.9528526,35.1811681],[126.9528713,35.1812996],[126.9529652,35.1814881],[126.9529787,35.1816701],[126.9529625,35.1817906],[126.9528821,35.1820253],[126.9529331,35.1823541],[126.9530028,35.1824177],[126.9529411,35.1825207],[126.9528419,35.1828144],[126.9527346,35.1828714],[126.9526622,35.1829635],[126.9526675,35.1830074],[126.9525227,35.1831937],[126.9522223,35.1833428],[126.9520318,35.1834568],[126.9519728,35.1834458],[126.9517797,35.1835686],[126.9514096,35.1838579],[126.9513398,35.1839939],[126.9511038,35.1839719],[126.9508678,35.1841385],[126.9506773,35.1841648],[126.9505057,35.1842854],[126.9503126,35.1843643],[126.9499719,35.1844476],[126.9497197,35.184531],[126.9496219,35.1845846],[126.949583,35.1846548],[126.9495267,35.1847162],[126.9495508,35.1850066],[126.9495454,35.185296],[126.9495026,35.1854626],[126.9493496,35.1857059],[126.9492303,35.1860468],[126.9491404,35.186186],[126.9488239,35.1861663],[126.9486764,35.1862255],[126.9486228,35.1862868],[126.9485316,35.1864118],[126.948368,35.1865105],[126.948207,35.1865696],[126.9480005,35.1866398],[126.9477993,35.1867625],[126.9475177,35.1867735],[126.9470134,35.1869927],[126.9468096,35.1870585],[126.946705,35.1871111],[126.9465119,35.1873149],[126.9464287,35.1873763],[126.9464126,35.1874355],[126.9462544,35.1875933],[126.9461203,35.1877096],[126.9460545,35.1878312],[126.9460022,35.1880317],[126.9458842,35.1883321],[126.9458869,35.1884296],[126.9458024,35.1886127],[126.9458038,35.1887771],[126.9457783,35.1888812],[126.9457018,35.1889831],[126.9455382,35.1891771],[126.945435,35.1892462],[126.9451922,35.1894654],[126.9451788,35.1895574],[126.9450259,35.1896451],[126.9449522,35.1896692],[126.9450045,35.1897986],[126.9450045,35.1900309],[126.9447792,35.1902501],[126.9446504,35.1904386],[126.944452,35.1906271],[126.9443983,35.1907148],[126.9439799,35.1909252],[126.9438672,35.1910129],[126.9437599,35.1912628],[126.9436365,35.1913812],[126.943379,35.1916267],[126.9432718,35.1919774],[126.9429659,35.1923281],[126.9427407,35.1924772],[126.9426119,35.1926766],[126.9425315,35.1929243],[126.9423491,35.193126],[126.9424295,35.1936696],[126.9425583,35.1938844],[126.9425797,35.1939984],[126.9426119,35.1943184],[126.9426361,35.1945858],[126.9427246,35.1947809],[126.9428533,35.1949497],[126.9430062,35.1951075],[126.9431162,35.195331],[126.94332,35.1955897],[126.9434381,35.1958154],[126.9434461,35.1960259],[126.943481,35.196256],[126.943552,35.196313],[126.9435655,35.1964083],[126.9436338,35.1965124],[126.94354,35.1966199],[126.9433737,35.196747],[126.9433174,35.196907],[126.9432583,35.1970977],[126.943194,35.1972007],[126.9430706,35.197341],[126.9430572,35.1974396],[126.9428882,35.1974637],[126.9426012,35.1975865],[126.942459,35.1976873],[126.9423464,35.197821],[126.9422927,35.1979196],[126.9423223,35.1982922],[126.9424349,35.198998],[126.9424536,35.1991032],[126.9424081,35.19925],[126.9423303,35.1993574],[126.9423464,35.199478],[126.9423839,35.1995744],[126.9424134,35.1996358],[126.9424258,35.199734],[126.9423383,35.1997739],[126.9422069,35.1998221],[126.9419789,35.1999054],[126.9418341,35.1998571],[126.941649,35.1997782],[126.9414452,35.1996928],[126.9406861,35.1997498],[126.9405815,35.1996774],[126.940383,35.1996774],[126.9402516,35.1996818],[126.9401148,35.1997059],[126.9398358,35.1998528],[126.9396937,35.1998966],[126.9395167,35.1998747],[126.9392297,35.1997213],[126.9389507,35.199684],[126.9387925,35.1996577],[126.9386691,35.1997059],[126.9385377,35.1997914],[126.938417,35.1997936],[126.938307,35.1998593],[126.9382426,35.1998681],[126.9380602,35.1998944],[126.9378617,35.1998484],[126.9376042,35.1997366],[126.9374299,35.1996906],[126.9372421,35.1995613],[126.9370866,35.1994057],[126.9369525,35.1994144],[126.9368828,35.1994627],[126.9365984,35.1998177],[126.9362846,35.1999689],[126.9361371,35.200004],[126.9360432,35.200107],[126.9358903,35.2001728],[126.9356999,35.2002539],[126.9355229,35.2001771],[126.9352949,35.2002385],[126.9351768,35.2003119],[126.9350696,35.2003262],[126.934918,35.2002845],[126.9348523,35.2002845],[126.9347571,35.2002747],[126.9347021,35.2003262],[126.9346471,35.2003317],[126.9345583,35.2002581]]}},{"type":"Feature","properties":{"slot":"mudeungsan_osm_hiking_path","source":"openStreetMap","sourceType":"hiking_paths","name":"","sourceIndex":"4141"},"geometry":{"type":"LineString","coordinates":[[126.9465387,35.1377344],[126.9466245,35.1378528],[126.9466245,35.1380524],[126.9465548,35.1382674],[126.9465038,35.1383814],[126.9464287,35.1384867],[126.9463375,35.1385481],[126.9462249,35.1385393],[126.945262,35.137934],[126.9448569,35.1376729],[126.9444734,35.1373988],[126.9442052,35.1371421],[126.9441086,35.1369623],[126.9440684,35.1368263],[126.9440228,35.1367583],[126.9439772,35.1367341],[126.9437116,35.1367341],[126.9436433,35.1366387]]}},{"type":"Feature","properties":{"slot":"mudeungsan_osm_hiking_path","source":"openStreetMap","sourceType":"hiking_paths","name":"","sourceIndex":"4142"},"geometry":{"type":"LineString","coordinates":[[126.9380629,35.1430971],[126.9380549,35.1432638],[126.938079,35.1433844],[126.9381809,35.1436389],[126.9382507,35.143924],[126.9382802,35.1441806],[126.9382319,35.1443933],[126.9380656,35.1446609],[126.937843,35.1449395],[126.9377544,35.1450776],[126.9377732,35.1451917],[126.9378671,35.1452992],[126.9379368,35.1453847],[126.9379556,35.1455185],[126.9378376,35.1456523],[126.9376552,35.1458102],[126.9375694,35.1459067],[126.9375828,35.1460383],[126.9375801,35.1462686],[126.9374356,35.1463762],[126.9373938,35.1464634]]}},{"type":"Feature","properties":{"slot":"mudeungsan_osm_hiking_path","source":"openStreetMap","sourceType":"hiking_paths","name":"","sourceIndex":"4143"},"geometry":{"type":"LineString","coordinates":[[126.9368425,35.1428888],[126.9365775,35.1430871],[126.9365303,35.1431419],[126.9365018,35.1432149],[126.9365209,35.1433091],[126.9367088,35.1435654],[126.936781,35.1436984],[126.9367819,35.1438083],[126.9367291,35.1438952],[126.9366377,35.143899],[126.9365359,35.1438571],[126.9362497,35.1437134],[126.9360686,35.1436357],[126.9359262,35.143622],[126.9358206,35.1436476],[126.9357079,35.1437156],[126.9356433,35.1438319],[126.9357017,35.1438864],[126.9359064,35.1440644],[126.9359761,35.1442486],[126.9359929,35.1444496],[126.9359071,35.1445273],[126.9358042,35.1445633],[126.9356443,35.1445711],[126.9354295,35.1445878],[126.9352192,35.1446125],[126.9350574,35.1446637],[126.9349153,35.1447333],[126.9347826,35.144809],[126.9345869,35.1450657]]}},{"type":"Feature","properties":{"slot":"mudeungsan_osm_hiking_path","source":"openStreetMap","sourceType":"hiking_paths","name":"","sourceIndex":"4144"},"geometry":{"type":"LineString","coordinates":[[126.9388166,35.1426475],[126.9384545,35.1425663],[126.9381541,35.1425049],[126.9379985,35.1425005],[126.9378644,35.1425751],[126.937674,35.1426694],[126.937497,35.1427199],[126.9372797,35.1427791],[126.9370651,35.1428295],[126.9369243,35.1429423]]}},{"type":"Feature","properties":{"slot":"mudeungsan_osm_hiking_path","source":"openStreetMap","sourceType":"hiking_paths","name":"","sourceIndex":"4145"},"geometry":{"type":"LineString","coordinates":[[126.9474077,35.1400462],[126.947059,35.1400988],[126.9465226,35.1401866],[126.9462705,35.1402831],[126.9462705,35.1406253],[126.9461203,35.1410376],[126.9458306,35.1413973],[126.9457126,35.1415026],[126.9455677,35.1415947],[126.9453049,35.1416166],[126.9451667,35.1417428]]}},{"type":"Feature","properties":{"slot":"mudeungsan_osm_hiking_path","source":"openStreetMap","sourceType":"hiking_paths","name":"","sourceIndex":"4146"},"geometry":{"type":"LineString","coordinates":[[126.9477618,35.1398444],[126.9474721,35.1399716],[126.9474077,35.1400462],[126.9474131,35.1403006],[126.9472682,35.140441],[126.9471931,35.1405068],[126.9472682,35.1406384],[126.9473809,35.1408007],[126.9473541,35.1411429],[126.9472575,35.1414894]]}},{"type":"Feature","properties":{"slot":"mudeungsan_osm_hiking_path","source":"openStreetMap","sourceType":"hiking_paths","name":"","sourceIndex":"4147"},"geometry":{"type":"LineString","coordinates":[[126.9490653,35.1443495],[126.9489822,35.1444284],[126.9488427,35.1444942],[126.9486657,35.1445403],[126.9485289,35.1445425],[126.9484591,35.1445337],[126.9483894,35.1445074],[126.9482258,35.1444219]]}},{"type":"Feature","properties":{"slot":"mudeungsan_osm_hiking_path","source":"openStreetMap","sourceType":"hiking_paths","name":"","sourceIndex":"4148"},"geometry":{"type":"LineString","coordinates":[[126.9515004,35.1442227],[126.9512057,35.1443363],[126.9510072,35.1443955],[126.9506505,35.1444175],[126.9501382,35.1444416],[126.9492933,35.1444394],[126.9491074,35.14444]]}},{"type":"Feature","properties":{"slot":"mudeungsan_osm_hiking_path","source":"openStreetMap","sourceType":"hiking_paths","name":"","sourceIndex":"4149"},"geometry":{"type":"LineString","coordinates":[[127.0103605,35.147068],[127.0102224,35.147238],[127.0101955,35.1474879],[127.0101821,35.1477884],[127.0100051,35.1480319],[127.0099434,35.148181],[127.0099837,35.1482446],[127.01015,35.1484025],[127.0102733,35.1485824],[127.0103162,35.1486964],[127.010327,35.1488411],[127.0104074,35.1489771],[127.0105684,35.1490999],[127.0108527,35.1492622],[127.0112497,35.149464],[127.0114213,35.149578],[127.0114803,35.1497272],[127.0114642,35.1498193],[127.0117378,35.1499552],[127.0118451,35.1500474],[127.0121831,35.1501219],[127.0126337,35.1502053],[127.0127839,35.1503983],[127.0128697,35.1505123],[127.0131272,35.1507491],[127.0131594,35.1508895],[127.0129931,35.1510167],[127.0126927,35.1511307],[127.0125908,35.1512141],[127.0124406,35.1515299],[127.0123547,35.1518106],[127.0122635,35.1519378],[127.0121241,35.151986],[127.0116681,35.1518852],[127.0109868,35.1516044],[127.0108366,35.1515036],[127.0106059,35.1514992],[127.010386,35.1515869],[127.0100105,35.1518413],[127.0090985,35.1525211],[127.0090342,35.1526746],[127.0089805,35.1527843],[127.0088196,35.1530825],[127.0087928,35.1533282],[127.0087337,35.1534247],[127.0085406,35.1535913],[127.008487,35.153679],[127.0084977,35.1538808],[127.0084548,35.1540858],[127.0083421,35.1542098],[127.0081139,35.1547295]]}},{"type":"Feature","properties":{"slot":"mudeungsan_osm_hiking_path","source":"openStreetMap","sourceType":"hiking_paths","name":"","sourceIndex":"4150"},"geometry":{"type":"LineString","coordinates":[[127.0054829,35.1473981],[127.0062446,35.1473542],[127.0068889,35.1473887],[127.0079018,35.1472711],[127.0088898,35.147211],[127.0092656,35.1471274],[127.0099568,35.1471349],[127.0103605,35.147068]]}},{"type":"Feature","properties":{"slot":"mudeungsan_osm_hiking_path","source":"openStreetMap","sourceType":"hiking_paths","name":"","sourceIndex":"4151"},"geometry":{"type":"LineString","coordinates":[[127.0183008,35.1660702],[127.0180866,35.1662593],[127.0180424,35.1663788],[127.0178841,35.1665915],[127.0177768,35.1667329],[127.0175689,35.1669248],[127.0173839,35.167098],[127.0171733,35.167234],[127.0170553,35.1673984],[127.016779,35.1677306],[127.0166476,35.1678775],[127.0165403,35.1680145],[127.0165336,35.1680737],[127.0165162,35.1681483],[127.0164612,35.1682141],[127.0162721,35.168327],[127.0161594,35.1683599],[127.0160669,35.1683971],[127.0157289,35.1686646],[127.0154312,35.1689585],[127.0150289,35.1692895],[127.0148197,35.1695],[127.0145676,35.1697478],[127.0143771,35.1698859],[127.0140552,35.1700898],[127.0139506,35.17016],[127.013846,35.1702718],[127.013787,35.1704428],[127.0138085,35.1705941],[127.0136905,35.170798],[127.0135027,35.1709383],[127.0132989,35.1710502],[127.0131272,35.1712563],[127.013036,35.1714448],[127.0129985,35.1716356],[127.0128992,35.1720499],[127.012867,35.17221],[127.0126873,35.172313],[127.0125318,35.1724775],[127.012513,35.1726441],[127.0124607,35.1728327],[127.0121898,35.1731999],[127.0120355,35.1735112],[127.0118397,35.1737875]]}},{"type":"Feature","properties":{"slot":"mudeungsan_osm_hiking_path","source":"openStreetMap","sourceType":"hiking_paths","name":"","sourceIndex":"4152"},"geometry":{"type":"LineString","coordinates":[[127.035132,35.1506285],[127.0350918,35.1506965],[127.0350033,35.1508193],[127.0349041,35.1509465],[127.0347109,35.1508851],[127.0345795,35.1508062],[127.0344052,35.1506329],[127.0342416,35.1504882],[127.0340216,35.1502908],[127.0337266,35.1500254],[127.0334798,35.1498215],[127.0333323,35.1496921],[127.0332089,35.1496526],[127.0330399,35.1497008],[127.0328334,35.1496986],[127.0326242,35.1496636],[127.0324659,35.1496109],[127.0322433,35.1495057],[127.0320904,35.1494092],[127.0319268,35.1493192],[127.0318034,35.1492885],[127.0316988,35.149328],[127.0314655,35.1494947],[127.0312992,35.1495714],[127.0310444,35.1495758],[127.0308807,35.1496109],[127.0307976,35.1497096],[127.0307386,35.1498324],[127.030634,35.1499004],[127.0305455,35.1499552],[127.0304006,35.1500386],[127.0301566,35.1500583],[127.0299607,35.1500057],[127.02984,35.1500035],[127.0296469,35.1500495],[127.0294109,35.1501943],[127.0292875,35.1502842],[127.0290193,35.1503697],[127.0288496,35.1505041]]}},{"type":"Feature","properties":{"slot":"mudeungsan_osm_hiking_path","source":"openStreetMap","sourceType":"hiking_paths","name":"","sourceIndex":"4153"},"geometry":{"type":"LineString","coordinates":[[127.0353144,35.1532012],[127.0351911,35.1534422],[127.0351213,35.1537141],[127.035116,35.1539817],[127.0350851,35.1540727],[127.0349523,35.1542887],[127.0347968,35.1544608],[127.0346546,35.1545102],[127.0343663,35.1545738],[127.0341276,35.1547119],[127.0337883,35.1550584],[127.033508,35.1553019],[127.0334154,35.1553611],[127.0333886,35.1554521],[127.0333725,35.1555979],[127.0333229,35.1556736],[127.0326215,35.1562536],[127.0323721,35.1564915],[127.0322701,35.1565496],[127.0321172,35.1566001],[127.0319563,35.156611],[127.0317404,35.1566253],[127.031621,35.1566801],[127.0314065,35.1569389],[127.0312174,35.1572349],[127.031171,35.1572515],[127.0310886,35.1572634],[127.0309331,35.1572327],[127.0308097,35.1572086],[127.0307024,35.1572229],[127.0305857,35.157281],[127.0304435,35.1574136],[127.0299299,35.157588],[127.0296657,35.1576834],[127.0294525,35.1578314],[127.0292915,35.1579882],[127.029085,35.1582897],[127.0289227,35.158498],[127.0288369,35.158555],[127.028743,35.1585868],[127.0284091,35.1586197],[127.0281194,35.1586669],[127.0278566,35.158793],[127.0275213,35.1589892],[127.0271806,35.1591164],[127.0270666,35.1591866],[127.0266938,35.1592666],[127.0263237,35.1593247],[127.0257953,35.1593894],[127.0256531,35.1594399],[127.0255163,35.1594947],[127.0253554,35.1594881],[127.0251971,35.1594903],[127.0250791,35.1595166],[127.0248914,35.1596548],[127.0247626,35.159703],[127.0246151,35.1596855],[127.0244542,35.1596416],[127.0243764,35.1596306],[127.0241377,35.1596263],[127.0239486,35.159681],[127.0238909,35.1596526],[127.0237689,35.1596559]]}},{"type":"Feature","properties":{"slot":"mudeungsan_osm_hiking_path","source":"openStreetMap","sourceType":"hiking_paths","name":"","sourceIndex":"4155"},"geometry":{"type":"LineString","coordinates":[[127.0242812,35.1410907],[127.0242892,35.1411703],[127.0243274,35.1412361],[127.0243509,35.1413096],[127.0243885,35.1414335],[127.0244287,35.141507],[127.0244622,35.1415585],[127.0245279,35.1417482],[127.0245709,35.1418656],[127.024595,35.1420005],[127.0246057,35.1421211],[127.0246875,35.1422023],[127.0247036,35.142267],[127.024717,35.1423591],[127.0247546,35.1424501],[127.0247895,35.142551],[127.0247814,35.1426179],[127.024776,35.1427275],[127.0247881,35.1428712],[127.024823,35.1429907],[127.0248377,35.1431377],[127.0248699,35.1432276],[127.0249289,35.1433658],[127.0249692,35.1434689],[127.0250335,35.1435435],[127.0250697,35.1436158],[127.025114,35.1438286],[127.025122,35.143913],[127.0251046,35.1440753],[127.0251341,35.1441784],[127.0252266,35.1443626],[127.0252803,35.1445469],[127.0252883,35.1448408],[127.0253822,35.1453057],[127.0254305,35.1456128],[127.0253044,35.1456698],[127.0250255,35.1456742],[127.0248967,35.1457224],[127.0247626,35.1459198],[127.0247251,35.1461435],[127.0246822,35.1463278],[127.0245427,35.1464462],[127.0244086,35.1466217],[127.0244247,35.1467883],[127.0245749,35.1469155],[127.0247465,35.1471831],[127.0246822,35.1473937],[127.0249343,35.1478455],[127.0250523,35.1482095],[127.0251918,35.148442],[127.0253259,35.1487797],[127.0254707,35.1489947],[127.0255136,35.1490736],[127.0254546,35.1492096],[127.0255029,35.149328],[127.0256799,35.1494333],[127.0259482,35.1494377],[127.0261574,35.1496131],[127.0262754,35.1497315],[127.0263237,35.1499772],[127.02627,35.1502009],[127.0262808,35.150293],[127.0265329,35.1503237],[127.0266724,35.1505298],[127.0267314,35.1508018],[127.0268923,35.1509728],[127.0272034,35.1511132],[127.0273858,35.1512053],[127.0276594,35.1514948],[127.0279813,35.1517097],[127.027815,35.1519466],[127.0277882,35.1521659],[127.027697,35.1524992],[127.0276004,35.1525913],[127.027595,35.1527975],[127.0275682,35.1531483],[127.0276272,35.1535036],[127.0274824,35.1538062],[127.0274234,35.1539466],[127.0275253,35.1540694],[127.027697,35.1542448],[127.0277828,35.1544641],[127.0278633,35.1546966],[127.0280403,35.1548062],[127.0281368,35.1549159],[127.0282119,35.1550431],[127.0283568,35.1550694],[127.0285284,35.1550343],[127.0286626,35.1550562],[127.0287162,35.1552229],[127.0288771,35.1553896],[127.029199,35.1555519],[127.0294136,35.1557054],[127.0297784,35.1558238],[127.0299178,35.1559597],[127.0301217,35.1561176],[127.030524,35.156486],[127.0307815,35.1567097],[127.0309746,35.1568676],[127.0311677,35.1572316],[127.031171,35.1572515],[127.0312643,35.1578237],[127.0313662,35.1582448],[127.0314413,35.1585167],[127.0315379,35.1588588],[127.031908,35.1591833],[127.0321923,35.1595166],[127.0323908,35.1597052],[127.0324928,35.1598762],[127.0327127,35.1600166],[127.0328093,35.1601701],[127.0328361,35.1604815],[127.0327234,35.1607271],[127.0326,35.1609069],[127.0325196,35.1612446],[127.0324337,35.1614945],[127.0323157,35.1617971],[127.0322621,35.1619989],[127.032246,35.1621743],[127.032423,35.1622401],[127.0327771,35.1622401],[127.0330989,35.1622225],[127.0334154,35.1622138],[127.033621,35.1623393],[127.0336582,35.1623958]]}},{"type":"Feature","properties":{"slot":"mudeungsan_osm_hiking_path","source":"openStreetMap","sourceType":"hiking_paths","name":"","sourceIndex":"4156"},"geometry":{"type":"LineString","coordinates":[[127.0282374,35.1669928],[127.0283058,35.167303],[127.0281449,35.1675903],[127.0279035,35.1678468],[127.0277613,35.1682744],[127.0276594,35.1684717],[127.0272329,35.1689848],[127.0270076,35.1691865],[127.0263183,35.1694101],[127.0260876,35.1694956],[127.0258945,35.1695154]]}},{"type":"Feature","properties":{"slot":"mudeungsan_osm_hiking_path","source":"openStreetMap","sourceType":"hiking_paths","name":"","sourceIndex":"4157"},"geometry":{"type":"LineString","coordinates":[[127.0257028,35.1723602],[127.02557,35.1720785],[127.0254064,35.1716838],[127.0253527,35.1715216],[127.0251462,35.1713176],[127.0249987,35.1711225],[127.0249477,35.1710524],[127.0250684,35.1708463],[127.025283,35.1706336],[127.025578,35.170285],[127.025747,35.1699276],[127.0258275,35.1696886],[127.0258945,35.1695154],[127.025688,35.1693926],[127.0253795,35.1692194],[127.0250818,35.168919],[127.0248029,35.1686537],[127.0244917,35.1684322],[127.0242074,35.168156],[127.0239365,35.1680814],[127.0238024,35.1678841],[127.0239419,35.1671123],[127.0239794,35.166643],[127.0240277,35.1662615],[127.0239955,35.1660203],[127.023856,35.1660379],[127.0233732,35.1662089],[127.0224506,35.1664106],[127.0220429,35.1663536],[127.0213991,35.1663054],[127.0207125,35.1662747],[127.0202351,35.1664062],[127.0196825,35.1665071],[127.0191193,35.1664896],[127.0187223,35.1663975],[127.0183008,35.1660702],[127.0179713,35.1658142],[127.0176816,35.1652354],[127.0173812,35.1646477],[127.0171934,35.1641609],[127.0170647,35.1637662],[127.0169413,35.1633759],[127.0169413,35.1630996],[127.0167911,35.1626699],[127.0166409,35.1623322],[127.0162547,35.1622182],[127.0156163,35.1620647],[127.0151925,35.1619024],[127.0146507,35.161784],[127.0139714,35.1613695]]}},{"type":"Feature","properties":{"slot":"mudeungsan_osm_hiking_path","source":"openStreetMap","sourceType":"hiking_paths","name":"무등산 등산로","sourceIndex":"4158"},"geometry":{"type":"LineString","coordinates":[[127.0176103,35.1313348],[127.0178975,35.1319512],[127.0179925,35.132066],[127.0180467,35.1322267],[127.018107,35.1323878],[127.0182235,35.1325531],[127.0182601,35.1326951],[127.0180563,35.1328296],[127.017748,35.1330435],[127.0175648,35.1333394],[127.0173601,35.1338073],[127.0172524,35.1341721],[127.0172361,35.1344774],[127.017199,35.1348772],[127.017195,35.1350145],[127.0171802,35.1352003],[127.0169447,35.1356793],[127.0167419,35.1360163],[127.0165565,35.1362071],[127.0162947,35.1363975],[127.0161696,35.1364884],[127.0160401,35.1365367],[127.0158398,35.136548],[127.0155787,35.13671],[127.015501,35.1367188],[127.0151983,35.1369147],[127.015045,35.1370094]]}},{"type":"Feature","properties":{"slot":"mudeungsan_osm_hiking_path","source":"openStreetMap","sourceType":"hiking_paths","name":"무등산 등산로","sourceIndex":"4159"},"geometry":{"type":"LineString","coordinates":[[127.0085416,35.1168378],[127.008703,35.116876],[127.0091465,35.1169092],[127.0094418,35.1169116],[127.0097811,35.1170705],[127.0102129,35.1170564],[127.0106454,35.1170887],[127.010878,35.1170659],[127.0110631,35.117056],[127.0113683,35.1169868],[127.0116098,35.1168597],[127.012057,35.1169063],[127.0122135,35.1169493],[127.0130986,35.1169772],[127.0134463,35.1169439],[127.0139208,35.1170067],[127.0141919,35.1170681],[127.0148695,35.1171057],[127.015224,35.1173619],[127.0156472,35.1174661],[127.0157891,35.1175182],[127.015945,35.1176782],[127.0160695,35.1178058],[127.016228,35.1179684],[127.0163014,35.1180436],[127.0166185,35.1181367],[127.0170494,35.1186089],[127.0170639,35.1186727],[127.0170483,35.1189082],[127.0171518,35.1190286],[127.0174407,35.1192033],[127.0175096,35.1193347],[127.0175742,35.1195152],[127.0177695,35.1198231],[127.0181066,35.1203115],[127.0182026,35.1204628],[127.01824,35.1207507],[127.0181601,35.1210602],[127.018178,35.1213143],[127.018252,35.1215424],[127.0183724,35.1217241],[127.0184255,35.1218615],[127.0184722,35.1221248],[127.0185991,35.1223858],[127.0186593,35.1226592],[127.0187915,35.1228668],[127.018963,35.1231524],[127.0190753,35.1234033],[127.0191724,35.1236481],[127.0194285,35.123957],[127.0195437,35.1243093],[127.0196168,35.1245623],[127.019656,35.1248856],[127.0196132,35.1251555],[127.019515,35.1254697],[127.0193422,35.1257979],[127.0191822,35.1260191],[127.0189517,35.1263086],[127.0186429,35.126598],[127.018516,35.1266632],[127.0183055,35.1267305],[127.0181315,35.1268463],[127.0178393,35.1271769],[127.0177799,35.1273437],[127.017766,35.1275859],[127.0180469,35.1282464],[127.0182244,35.1287964],[127.0182617,35.1292853],[127.0180096,35.1299804],[127.0177761,35.1306221],[127.0177097,35.130792],[127.017664,35.1309735],[127.0176103,35.1313348]]}},{"type":"Feature","properties":{"slot":"mudeungsan_osm_hiking_path","source":"openStreetMap","sourceType":"hiking_paths","name":"","sourceIndex":"4160"},"geometry":{"type":"LineString","coordinates":[[127.0102161,35.128914],[127.0102448,35.1290663],[127.0102541,35.1291815],[127.0102648,35.129256],[127.0102622,35.1294919],[127.0102514,35.1295204],[127.01023,35.1295862],[127.0102219,35.1296246],[127.0102286,35.129663],[127.0102394,35.1296882],[127.0102715,35.129765],[127.0102836,35.1298034],[127.0102796,35.1298878],[127.0102782,35.130003],[127.0102648,35.1300172],[127.0102581,35.130117],[127.0102608,35.1302267],[127.0102836,35.1303035],[127.010285,35.1303671],[127.0103024,35.1304252],[127.0103279,35.1304812],[127.0103802,35.1306863],[127.0104043,35.1307839],[127.0104083,35.1308464],[127.0104057,35.13091],[127.010415,35.1310691],[127.0103359,35.131204],[127.0103225,35.1312763],[127.0103614,35.1313564],[127.0103935,35.1314189],[127.0104284,35.1314595],[127.010474,35.1315242],[127.0104834,35.1315538],[127.0104351,35.1316778],[127.0104638,35.1318634],[127.0104343,35.1321278],[127.0105094,35.1323208],[127.0106274,35.1325709],[127.0106918,35.1327529],[127.0107642,35.1328121],[127.0109385,35.1328034],[127.011432,35.1328911],[127.0115608,35.132867],[127.0117271,35.1328714],[127.0119175,35.1327683],[127.0121241,35.132777],[127.012285,35.1327902],[127.0124674,35.1326827],[127.012631,35.132573],[127.0127222,35.1327441],[127.0128375,35.1326564],[127.0128482,35.1328319],[127.0130119,35.1328034],[127.0131353,35.132742],[127.0131594,35.1328582],[127.013433,35.1328714],[127.0135832,35.132957],[127.0136288,35.1331456],[127.0138272,35.1330359],[127.0138165,35.1333013],[127.0138997,35.1334132],[127.0140445,35.1334856],[127.0144415,35.1335009],[127.0146024,35.1336325],[127.014699,35.1338782],[127.0146722,35.1341261],[127.0147633,35.1341941],[127.0148867,35.1344705],[127.015045,35.1348653],[127.0154285,35.1354137],[127.0156029,35.1356264],[127.0158684,35.135848],[127.0159811,35.1360322],[127.0159999,35.1361726],[127.0161539,35.1363091],[127.0162947,35.1363975],[127.0163921,35.1364829],[127.0164589,35.1365449],[127.0165772,35.1366268],[127.0167001,35.1367112],[127.0168352,35.136762],[127.0169141,35.1368402],[127.0170097,35.1368799],[127.01709,35.1369285],[127.0171867,35.1370774],[127.0173611,35.1372134],[127.0175931,35.1373516],[127.0178318,35.137447],[127.0183495,35.1375709],[127.0184702,35.1376883],[127.0186928,35.1377727],[127.0188618,35.1378802],[127.0190227,35.138002],[127.0192778,35.1381029]]}},{"type":"Feature","properties":{"slot":"mudeungsan_osm_hiking_path","source":"openStreetMap","sourceType":"hiking_paths","name":"","sourceIndex":"4161"},"geometry":{"type":"LineString","coordinates":[[127.0139986,35.1616339],[127.013846,35.161591],[127.0135939,35.1615472],[127.0134437,35.1615033],[127.0134239,35.1614145],[127.013551,35.161341],[127.0137227,35.1612095],[127.0138514,35.1610849]]}},{"type":"Feature","properties":{"slot":"mudeungsan_osm_hiking_path","source":"openStreetMap","sourceType":"hiking_paths","name":"","sourceIndex":"4162"},"geometry":{"type":"LineString","coordinates":[[127.0000273,35.161113],[127.0000756,35.1611875],[127.0001829,35.1613235],[127.0002659,35.1614287],[127.0002955,35.1616349],[127.0001507,35.1619155],[127.0000702,35.1621611],[127.0000809,35.1625646],[127.0000595,35.1632838],[127.0000648,35.1634812]]}},{"type":"Feature","properties":{"slot":"mudeungsan_osm_hiking_path","source":"openStreetMap","sourceType":"hiking_paths","name":"","sourceIndex":"4163"},"geometry":{"type":"LineString","coordinates":[[127.0141143,35.1626813],[127.0134491,35.1629357],[127.0134598,35.1629883],[127.0140016,35.1640716]]}},{"type":"Feature","properties":{"slot":"mudeungsan_osm_hiking_path","source":"openStreetMap","sourceType":"hiking_paths","name":"","sourceIndex":"4164"},"geometry":{"type":"LineString","coordinates":[[127.0371866,35.1328034],[127.0370529,35.1326675],[127.0360011,35.1323065],[127.0355236,35.1322934],[127.0352827,35.1323385],[127.0350999,35.1323987],[127.0348911,35.1325139],[127.0344615,35.1327804],[127.034167,35.1329307],[127.0339846,35.1330008],[127.033689,35.1330788],[127.0334321,35.1332553],[127.033233,35.1333114],[127.0329434,35.1334342],[127.032724,35.1335536],[127.0320636,35.133952],[127.0316994,35.1341458],[127.0314312,35.1342642],[127.0311844,35.1344265],[127.0309698,35.1345186],[127.0301646,35.1347242],[127.0297944,35.1348032],[127.0293176,35.1348476],[127.028861,35.1348559],[127.0287061,35.1348827],[127.0282609,35.1350275],[127.0281536,35.1351284],[127.0280403,35.1353385],[127.0279122,35.1356592],[127.02788,35.1357908],[127.0278686,35.1359265],[127.0278425,35.1360013],[127.0278103,35.1360276],[127.0277291,35.1360537],[127.0275575,35.1360581],[127.0274341,35.1360888],[127.0272899,35.1361549],[127.0268984,35.1362294],[127.0267743,35.1362951],[127.0267099,35.1364004],[127.0266992,35.1364443],[127.0268547,35.1365276],[127.0273375,35.13669],[127.0276058,35.1367558],[127.027638,35.1367865],[127.0276333,35.1368304],[127.0275796,35.1368611],[127.0272088,35.1369313],[127.0267482,35.1370629],[127.0260956,35.1369977],[127.025916,35.1369096],[127.0257229,35.1369184],[127.025519,35.1369008],[127.0253903,35.1368438],[127.0251113,35.1368789],[127.0248485,35.1369359],[127.0246392,35.1370676],[127.0241886,35.1370939],[127.0238292,35.1370325],[127.0232713,35.1370149],[127.0231426,35.13705],[127.0229065,35.1369886],[127.0226276,35.1369974],[127.0224237,35.1371553],[127.0224291,35.137322],[127.0225632,35.1374887],[127.0228368,35.1375984],[127.0230782,35.137594],[127.0233142,35.1375984],[127.0236576,35.1376642],[127.0240009,35.1378133],[127.0247358,35.1379405],[127.0250983,35.1380817]]}},{"type":"Feature","properties":{"slot":"mudeungsan_osm_hiking_path","source":"openStreetMap","sourceType":"hiking_paths","name":"","sourceIndex":"4165"},"geometry":{"type":"LineString","coordinates":[[127.0260956,35.1369977],[127.0264363,35.1372518],[127.026785,35.1374053],[127.0270693,35.1374887],[127.0273215,35.137651],[127.0276004,35.1378747],[127.0277882,35.1379932],[127.027933,35.1381248],[127.0281851,35.138173],[127.028454,35.138164],[127.0285714,35.1381642],[127.0286143,35.1381817],[127.0286304,35.1382086],[127.0286196,35.1382569],[127.0285606,35.1383402],[127.0284104,35.1384235],[127.0281959,35.1384542],[127.0277131,35.1384624],[127.0272678,35.1384367],[127.0268977,35.1383665],[127.0267796,35.1383792],[127.0265865,35.138309],[127.0262754,35.1381911],[127.0261306,35.1381861],[127.0255244,35.1381165],[127.0250983,35.1380817],[127.0249343,35.1380683],[127.0246446,35.1380809],[127.0243013,35.1381598],[127.0239633,35.1382519],[127.0236897,35.1381955],[127.0231694,35.138156],[127.0227939,35.13823],[127.0223969,35.1383402],[127.0221877,35.1383616],[127.0218337,35.1383747],[127.0211899,35.1383227],[127.0210505,35.1383314],[127.0207044,35.1384406],[127.0203665,35.1384713],[127.0201707,35.1384757],[127.0200299,35.138458]]}},{"type":"Feature","properties":{"slot":"mudeungsan_osm_hiking_path","source":"openStreetMap","sourceType":"hiking_paths","name":"","sourceIndex":"4166"},"geometry":{"type":"LineString","coordinates":[[127.0000273,35.161113],[126.9998127,35.16092],[126.9994318,35.1609069],[126.9992387,35.1607095],[126.9990402,35.1603981],[126.9990992,35.1602885],[126.999346,35.160192],[126.9995338,35.1602534],[126.999861,35.1602885],[127.0000273,35.1601701],[127.000199,35.1599508],[127.0004082,35.1596964],[127.0007086,35.1595298],[127.0012718,35.1595035],[127.0015722,35.1595298],[127.0017385,35.1595824],[127.0019102,35.1597227],[127.0021677,35.1600034],[127.0022696,35.1600122],[127.0022964,35.1599069],[127.0022481,35.1597447],[127.0023286,35.1592491],[127.0023286,35.1589026],[127.0021784,35.1585868],[127.0018458,35.1582535],[127.0017815,35.1581439],[127.0018405,35.1580518],[127.0021999,35.1580474],[127.0023125,35.1579641],[127.0023286,35.1578895],[127.0022589,35.1578149],[127.0020819,35.1576878],[127.0018566,35.1575562],[127.0018351,35.157429],[127.0019853,35.1572711],[127.0022589,35.1570825],[127.0024681,35.1570211],[127.0027631,35.157122],[127.0029455,35.1571571],[127.0031172,35.1570343],[127.00327,35.1568238],[127.0032889,35.1566878],[127.0031682,35.1565145],[127.0031172,35.1563786],[127.0031332,35.1562689],[127.0032191,35.1562448],[127.0033452,35.1562251],[127.0035785,35.1562711],[127.0037046,35.1562514],[127.0037582,35.156133],[127.0037287,35.1559904],[127.0036831,35.1557909],[127.0036054,35.1557273],[127.0034445,35.1555584],[127.0034525,35.1554926],[127.0035839,35.1554203],[127.0037663,35.155429],[127.0039755,35.1553413],[127.0042518,35.155337],[127.0044557,35.1554356],[127.0046085,35.1554795],[127.0046944,35.1555475],[127.0047507,35.1556815],[127.0048097,35.1558084],[127.0049182,35.1558335],[127.0050469,35.1557655],[127.0052496,35.1555214],[127.0057136,35.1549709],[127.0057726,35.1548832],[127.0058596,35.1546754],[127.0059294,35.1545877],[127.006191,35.1544315],[127.0062876,35.1543525],[127.0063251,35.1542911],[127.0063412,35.1542209],[127.0063251,35.1541639],[127.0062232,35.1539841],[127.0061761,35.1537674],[127.0061964,35.1537166],[127.0062849,35.1536884],[127.0063958,35.1536759],[127.0066252,35.1536821],[127.0067391,35.1537022],[127.0068237,35.1537391],[127.0071027,35.1539146],[127.0073172,35.1540286],[127.0077678,35.1541996],[127.0078644,35.154261],[127.0079771,35.1544058],[127.0080525,35.1545981],[127.0081061,35.1546727],[127.0081139,35.1547295],[127.0081234,35.1547983],[127.0082241,35.1550893],[127.0084548,35.155449],[127.0085632,35.1558028],[127.0087874,35.1562384],[127.0091683,35.1565586],[127.0093705,35.156751],[127.0094955,35.15687],[127.0097798,35.1571683],[127.0104235,35.1577121],[127.0107626,35.1578382],[127.0109653,35.15787],[127.0114385,35.1578558],[127.0119642,35.1578031],[127.0123333,35.1578349],[127.0124899,35.1578645],[127.0125854,35.1579007],[127.0127678,35.1580586],[127.0132087,35.1585576],[127.0132667,35.158677],[127.0132774,35.1587823],[127.0132463,35.1588823],[127.0131755,35.1589621],[127.012859,35.1591244],[127.0127141,35.159234],[127.0126283,35.1593744],[127.0126122,35.1594621],[127.0126294,35.1595446],[127.0127249,35.1596989],[127.0128214,35.1598086],[127.0131916,35.1601375],[127.0132399,35.1602428],[127.0132613,35.1603393],[127.0136261,35.1608787],[127.0138514,35.1610849],[127.0139265,35.1611989],[127.0139587,35.161291],[127.0139714,35.1613695],[127.0139919,35.1614967],[127.0139802,35.161541],[127.0139986,35.1616339],[127.0140123,35.1617033],[127.0141143,35.1626813],[127.0141475,35.1627294],[127.0141796,35.1629487],[127.0141679,35.1631243],[127.014185,35.1632777],[127.0143674,35.1639357],[127.0143288,35.1640294],[127.0140016,35.1640716]]}},{"type":"Feature","properties":{"slot":"mudeungsan_osm_hiking_path","source":"openStreetMap","sourceType":"hiking_paths","name":"","sourceIndex":"4168"},"geometry":{"type":"LineString","coordinates":[[126.993093,35.1398268],[126.9933808,35.1396953],[126.9935471,35.1396996],[126.9937026,35.1398269],[126.9937456,35.1399234],[126.9936812,35.1400725],[126.9937241,35.1403577],[126.9937241,35.1405419],[126.9934452,35.140827],[126.9931769,35.1411034],[126.9930482,35.1412569],[126.9929624,35.1415026],[126.9927692,35.1417482],[126.9924581,35.1418579],[126.992147,35.141972],[126.9918412,35.1422264],[126.9913208,35.1425949],[126.9909551,35.1428528]]}},{"type":"Feature","properties":{"slot":"mudeungsan_osm_hiking_path","source":"openStreetMap","sourceType":"hiking_paths","name":"","sourceIndex":"4169"},"geometry":{"type":"LineString","coordinates":[[126.9482231,35.1387302],[126.947971,35.1385591],[126.9478261,35.1384538],[126.9477457,35.1383222],[126.9476813,35.1381774],[126.9475847,35.1379756],[126.9473916,35.1377344],[126.9473058,35.1376773],[126.9470966,35.1376422],[126.946882,35.1376466],[126.9465387,35.1377344],[126.946013,35.1373834],[126.9458145,35.1372079],[126.9455945,35.1369491],[126.9453478,35.1366596],[126.9452673,35.1365104],[126.9452459,35.1362735],[126.9453746,35.1360849],[126.9454765,35.1358787],[126.9454604,35.1356681],[126.9453961,35.1353698],[126.9455248,35.1349837],[126.9455523,35.1349273],[126.945616,35.1349092],[126.9458038,35.1348916],[126.9459915,35.1347732],[126.9460183,35.1344573],[126.9460291,35.134238],[126.9461631,35.1341437]]}},{"type":"Feature","properties":{"slot":"mudeungsan_osm_hiking_path","source":"openStreetMap","sourceType":"hiking_paths","name":"","sourceIndex":"4170"},"geometry":{"type":"LineString","coordinates":[[126.9580083,35.1400475],[126.9580775,35.1398005],[126.9581366,35.139568],[126.9581258,35.1393706],[126.9581526,35.1392478],[126.958276,35.138853],[126.958335,35.1386688],[126.9583297,35.1384143],[126.958437,35.1382652],[126.9586247,35.1378879],[126.9587159,35.13773],[126.9586623,35.1374668],[126.9585603,35.1372035],[126.9583297,35.136857],[126.958158,35.1366289],[126.9579434,35.1363788],[126.9576055,35.1360717],[126.9565433,35.1350846]]}},{"type":"Feature","properties":{"slot":"mudeungsan_osm_hiking_path","source":"openStreetMap","sourceType":"hiking_paths","name":"","sourceIndex":"4171"},"geometry":{"type":"LineString","coordinates":[[126.9595884,35.1289597],[126.9594186,35.1288461],[126.959247,35.1287978],[126.958968,35.1288461],[126.9585925,35.1290172],[126.9574124,35.129219],[126.9569886,35.1293155],[126.9567954,35.1295261],[126.9566131,35.1296753],[126.9562858,35.129706],[126.9556636,35.1298639],[126.9554436,35.1299999],[126.955052,35.1303729],[126.9546336,35.1309037],[126.9544834,35.131031],[126.9541508,35.1310748],[126.953609,35.1311099],[126.9530404,35.1312152],[126.952697,35.131303],[126.9524664,35.1313688],[126.9520426,35.1313293],[126.9514096,35.1313205],[126.9506639,35.1314346],[126.950385,35.1315618],[126.9499397,35.1316583],[126.9495106,35.1315881],[126.9492102,35.1314083],[126.94884,35.1314697],[126.9485182,35.1314784],[126.9483626,35.131417],[126.9482338,35.1314357],[126.9481799,35.1311589]]}},{"type":"Feature","properties":{"slot":"mudeungsan_osm_hiking_path","source":"openStreetMap","sourceType":"hiking_paths","name":"","sourceIndex":"4172"},"geometry":{"type":"LineString","coordinates":[[126.9608528,35.1174879],[126.9608778,35.1171661],[126.9607705,35.1167537],[126.9606471,35.1166001],[126.9604754,35.1165694],[126.9602233,35.1166703],[126.9598532,35.11678],[126.9591665,35.1167756],[126.9587588,35.1166966],[126.9584531,35.1166001],[126.9581151,35.1164597],[126.9578737,35.1163719],[126.9576323,35.1163982],[126.9573909,35.1163851],[126.9570603,35.1162671]]}},{"type":"Feature","properties":{"slot":"mudeungsan_osm_hiking_path","source":"openStreetMap","sourceType":"hiking_paths","name":"","sourceIndex":"4173"},"geometry":{"type":"LineString","coordinates":[[126.957389,35.12168],[126.9573788,35.1216472],[126.95747,35.1215353],[126.9575921,35.1212227],[126.9577302,35.1210044],[126.9578013,35.1204329],[126.9578455,35.1202793],[126.9579662,35.1200161],[126.9579434,35.1199239],[126.9579126,35.1197715],[126.9579971,35.1195828],[126.958213,35.1194116],[126.9583216,35.1192943],[126.9584162,35.1191539],[126.9584738,35.1190513],[126.9586086,35.1188571],[126.9587441,35.1187568]]}},{"type":"Feature","properties":{"slot":"mudeungsan_osm_hiking_path","source":"openStreetMap","sourceType":"hiking_paths","name":"","sourceIndex":"4174"},"geometry":{"type":"LineString","coordinates":[[126.9271007,35.1225357],[126.9273314,35.1226553],[126.9275057,35.1227474],[126.9276345,35.1228133],[126.9276828,35.1228922],[126.9277391,35.1230326],[126.9277927,35.1231533],[126.9279054,35.1232389],[126.9282272,35.123421],[126.9284525,35.1235372],[126.9286725,35.1236886],[126.9288468,35.1238115],[126.9288924,35.1238531],[126.9289649,35.1238795],[126.9290534,35.1238553],[126.9291607,35.1237851],[126.9292787,35.1237391],[126.9293752,35.1237391],[126.9294235,35.1236952],[126.9295228,35.123421],[126.929563,35.1234144],[126.9296354,35.1234736],[126.92985,35.1235504],[126.9299465,35.1236074],[126.9300592,35.1236798],[126.9301906,35.1237385]]}},{"type":"Feature","properties":{"slot":"mudeungsan_osm_hiking_path","source":"openStreetMap","sourceType":"hiking_paths","name":"","sourceIndex":"4179"},"geometry":{"type":"LineString","coordinates":[[126.9270015,35.1118872],[126.927495,35.1116854],[126.9278169,35.1116108],[126.9279993,35.1115406],[126.9283372,35.1115318],[126.9286269,35.1115669],[126.929056,35.1116722],[126.9294047,35.1117688],[126.9295335,35.1117907],[126.9297159,35.111918],[126.92985,35.1120013],[126.9302523,35.1120189],[126.9305956,35.1120145],[126.9307995,35.1120277],[126.9309443,35.1120277],[126.9310248,35.112133],[126.9311106,35.1122822],[126.9311964,35.1123261],[126.9314325,35.112269],[126.9315827,35.1122251],[126.9317517,35.1122339],[126.9319287,35.1122624],[126.9320816,35.1121791],[126.9323149,35.1120781],[126.9324142,35.1120299],[126.9325963,35.1120367]]}},{"type":"Feature","properties":{"slot":"mudeungsan_osm_hiking_path","source":"openStreetMap","sourceType":"hiking_paths","name":"","sourceIndex":"4187"},"geometry":{"type":"LineString","coordinates":[[126.9314861,35.0915978],[126.9313252,35.0912862],[126.9312286,35.0908648],[126.9312072,35.0905575],[126.9312179,35.0904785],[126.9314057,35.090259],[126.9316805,35.0899429],[126.9317091,35.0897067]]}},{"type":"Feature","properties":{"slot":"mudeungsan_osm_hiking_path","source":"openStreetMap","sourceType":"hiking_paths","name":"","sourceIndex":"4188"},"geometry":{"type":"LineString","coordinates":[[126.9212508,35.0970667],[126.9214091,35.0970009],[126.9215003,35.0969943],[126.921578,35.0970821],[126.9217551,35.0971633],[126.9220635,35.0972269],[126.9223291,35.0972774],[126.9226429,35.0973411],[126.9228145,35.0973542],[126.9229433,35.0973476],[126.9232008,35.0972818],[126.9234368,35.0971765],[126.9236809,35.0970229],[126.9239947,35.0968231],[126.9241369,35.0967332],[126.9242629,35.0966783],[126.9245338,35.0966037],[126.9248933,35.0965335],[126.9251239,35.0964479],[126.925832,35.0961823],[126.926052,35.096099],[126.9262397,35.0960331],[126.926913,35.0958312],[126.9272804,35.0956666],[126.9275218,35.0955086],[126.9277954,35.0952804],[126.9283158,35.0948897],[126.9284123,35.0948502],[126.9286591,35.094723],[126.9289541,35.0946001],[126.9291097,35.0944859],[126.9292223,35.0940997],[126.9293404,35.0936871],[126.9293135,35.093551],[126.9293082,35.093472],[126.9293994,35.0933404],[126.9294369,35.0932175],[126.9294369,35.0931648],[126.9300538,35.0927478],[126.9307083,35.0923176],[126.9310033,35.0920718],[126.9314861,35.0915978],[126.9316149,35.0916241],[126.9317329,35.0916329],[126.9320118,35.0913959],[126.9321352,35.091273],[126.9322532,35.091093],[126.9324946,35.090957],[126.9326287,35.0908077],[126.932736,35.0906585],[126.9328219,35.0906036],[126.9333583,35.0904631],[126.9335407,35.090371],[126.9337231,35.0903007],[126.9338357,35.0902151],[126.9339403,35.0900922],[126.9340047,35.0899298],[126.9340208,35.0898179],[126.934045,35.089684],[126.9340959,35.0896028],[126.9342193,35.0895962],[126.9343856,35.0895611],[126.9344446,35.0895282],[126.9347048,35.0893175],[126.934855,35.0891595],[126.9350186,35.0889159],[126.9350803,35.0888544],[126.9351232,35.0888347],[126.9351956,35.0888347],[126.9352841,35.088872],[126.9353512,35.0889751],[126.9354692,35.0890739],[126.9355953,35.0891639],[126.9356811,35.0891792],[126.9358769,35.0890739],[126.9360995,35.0889905],[126.9369847,35.0887491],[126.9371027,35.0886964],[126.9373065,35.0885208],[126.9374165,35.0884177],[126.9374111,35.088185],[126.9374299,35.088117],[126.9375747,35.0878755],[126.9375882,35.0877065],[126.9375399,35.0875968],[126.9374514,35.0874937],[126.9373307,35.0874037],[126.9372421,35.0873817],[126.9367433,35.0873817],[126.9365233,35.0873378],[126.9363677,35.0872588],[126.9361773,35.0870876],[126.9361424,35.0870415],[126.9361033,35.0868309]]}},{"type":"Feature","properties":{"slot":"mudeungsan_osm_hiking_path","source":"openStreetMap","sourceType":"hiking_paths","name":"","sourceIndex":"4195"},"geometry":{"type":"LineString","coordinates":[[126.9439262,35.073358],[126.9440094,35.0734261],[126.9440335,35.0737685],[126.944004,35.0738585],[126.9439879,35.0739683],[126.9440147,35.074381],[126.9440711,35.0746246],[126.9442025,35.0750285],[126.9442669,35.0754631],[126.9443017,35.0756563],[126.9444331,35.0760536],[126.9445297,35.0762907],[126.9445834,35.0765431],[126.944637,35.0770239],[126.9447094,35.0771995],[126.944932,35.0775199],[126.944991,35.0776955],[126.9450179,35.077915],[126.9450152,35.0787075],[126.9449428,35.0787557],[126.9447818,35.079254],[126.9447738,35.0794406],[126.9447792,35.0795547],[126.9449696,35.0797896],[126.9451493,35.0800157],[126.9452646,35.0804744],[126.9454417,35.0811066],[126.9455892,35.081449],[126.9455972,35.081528],[126.9454846,35.0816838],[126.9452351,35.0819824],[126.9451252,35.0822194],[126.9449723,35.0825662],[126.944814,35.0826738],[126.9447255,35.0827835],[126.9446182,35.0829372],[126.9442803,35.0832444],[126.9442642,35.0833147],[126.9443902,35.0835375],[126.9444747,35.0836516],[126.9452298,35.0835803],[126.9456804,35.0835693],[126.9458011,35.0835737],[126.9460988,35.0836746],[126.9463134,35.0837185],[126.9468257,35.0836966],[126.9470483,35.0837119],[126.9473085,35.08378],[126.9477886,35.084028],[126.9480327,35.08414],[126.9482741,35.0842058],[126.9485959,35.0842694],[126.9487703,35.0843397],[126.9488803,35.084377],[126.9489849,35.084535],[126.9490895,35.0847743],[126.9491136,35.0849521],[126.9492745,35.0852692]]}},{"type":"Feature","properties":{"slot":"mudeungsan_osm_hiking_path","source":"openStreetMap","sourceType":"hiking_paths","name":"","sourceIndex":"4196"},"geometry":{"type":"LineString","coordinates":[[126.926759,35.0859555],[126.9268374,35.0855466],[126.9269833,35.0853569],[126.927066,35.0851547],[126.9271672,35.085038],[126.9272543,35.0850148],[126.9274122,35.0850326],[126.9276179,35.0849979],[126.9277856,35.084923],[126.9281862,35.0846291],[126.9282679,35.0844972],[126.928331,35.084474],[126.928576,35.0845026],[126.9288013,35.0844945],[126.9290343,35.0842896],[126.9293576,35.0841569],[126.9295329,35.0841435],[126.9295917,35.084156],[126.9297996,35.0843048],[126.9299912,35.0843217],[126.9307739,35.0843208],[126.930959,35.0844313],[126.931069,35.0844455],[126.9311452,35.084417],[126.9311702,35.0843527],[126.9311528,35.0842923]]}},{"type":"Feature","properties":{"slot":"mudeungsan_osm_hiking_path","source":"openStreetMap","sourceType":"hiking_paths","name":"","sourceIndex":"4197"},"geometry":{"type":"LineString","coordinates":[[126.9322472,35.0878522],[126.9322413,35.0877767],[126.9323324,35.0875946],[126.9323597,35.0875031],[126.9323857,35.0873612],[126.932665,35.087014],[126.9329278,35.0867806],[126.9330901,35.0866632],[126.9332042,35.0866278],[126.9336252,35.0865774],[126.9339203,35.0865246],[126.9340758,35.0864709],[126.9341938,35.0863998],[126.9342702,35.0863093],[126.9343135,35.0862083],[126.9343114,35.0861375],[126.9342758,35.0860466],[126.9342859,35.0859154],[126.9343052,35.0858625]]}},{"type":"Feature","properties":{"slot":"mudeungsan_osm_hiking_path","source":"openStreetMap","sourceType":"hiking_paths","name":"","sourceIndex":"4228"},"geometry":{"type":"LineString","coordinates":[[126.9784684,35.1295623],[126.9782638,35.1295963],[126.9779419,35.1296292],[126.9776147,35.1296051],[126.9773626,35.1295568],[126.9771105,35.1294515],[126.9769067,35.1293024],[126.9768088,35.1292848],[126.9764265,35.1292881],[126.9760376,35.1292892],[126.9758874,35.129298],[126.9755119,35.1291707],[126.9752598,35.1291795],[126.9747502,35.1289251],[126.974439,35.1288066],[126.974203,35.1287452],[126.9737953,35.1286969],[126.9736397,35.1286355],[126.9734144,35.1285039],[126.9732401,35.1284841],[126.9729692,35.1283986],[126.9728968,35.1283657],[126.9726661,35.1280936],[126.9724998,35.1281419],[126.9723496,35.1280959],[126.9722611,35.1280695],[126.9722021,35.1280125],[126.9720572,35.1279423],[126.9718078,35.1278918],[126.971553,35.1278962],[126.971451,35.1279554],[126.9711641,35.1279949],[126.9710218,35.1279158]]}},{"type":"Feature","properties":{"slot":"mudeungsan_osm_hiking_path","source":"openStreetMap","sourceType":"hiking_paths","name":"","sourceIndex":"4229"},"geometry":{"type":"LineString","coordinates":[[126.9834306,35.1363372],[126.9834137,35.1367561],[126.9831779,35.1372534]]}},{"type":"Feature","properties":{"slot":"mudeungsan_osm_hiking_path","source":"openStreetMap","sourceType":"hiking_paths","name":"","sourceIndex":"4230"},"geometry":{"type":"LineString","coordinates":[[127.0028569,35.1211482],[127.0029885,35.1211701],[127.0031655,35.1212425],[127.003333,35.1213137],[127.003411,35.1213882],[127.0036621,35.1216545],[127.0037891,35.1216955],[127.0039393,35.1217723],[127.0041512,35.1218897],[127.0043966,35.1220043],[127.0048875,35.1223109],[127.0051437,35.1224345],[127.0054041,35.1225448],[127.0054948,35.1226981],[127.0056302,35.1228083],[127.0059567,35.1229658],[127.0060515,35.1230568],[127.0064619,35.1233793],[127.0066148,35.1235657],[127.006647,35.123614],[127.0067516,35.1236184],[127.0068991,35.1237807],[127.0071512,35.1238773],[127.0072404,35.1239434],[127.0074586,35.123951]]}},{"type":"Feature","properties":{"slot":"mudeungsan_osm_hiking_path","source":"openStreetMap","sourceType":"hiking_paths","name":"","sourceIndex":"4231"},"geometry":{"type":"LineString","coordinates":[[126.9597532,35.1340273],[126.9601536,35.1343871],[126.960277,35.1344924],[126.9605774,35.1346152],[126.9609421,35.1349399],[126.9613498,35.1352557],[126.9617844,35.1354926],[126.9623262,35.1358568],[126.9625139,35.1359313],[126.9627929,35.1359664],[126.9629967,35.1360015],[126.9632167,35.1360937],[126.9634017,35.1362845],[126.9634741,35.1363305],[126.9636351,35.136313],[126.9637263,35.1362516],[126.9636887,35.1357383],[126.9637531,35.1356111],[126.9638604,35.1355146],[126.9637853,35.1352601],[126.9636673,35.1351197],[126.9634956,35.1350539],[126.963399,35.1350057],[126.9631523,35.1345231],[126.963227,35.1342287]]}},{"type":"Feature","properties":{"slot":"mudeungsan_osm_hiking_path","source":"openStreetMap","sourceType":"hiking_paths","name":"","sourceIndex":"4232"},"geometry":{"type":"LineString","coordinates":[[126.9598438,35.133764],[126.9598371,35.1338541],[126.9597532,35.1340273],[126.9597244,35.1340866],[126.959542,35.1344222],[126.9593891,35.1345143],[126.9590673,35.1345955],[126.9588366,35.1346065],[126.958504,35.1347425],[126.9581392,35.134907],[126.9581205,35.1350276],[126.9582117,35.1353084],[126.9582438,35.1354203],[126.9581795,35.1355014]]}},{"type":"Feature","properties":{"slot":"mudeungsan_osm_hiking_path","source":"openStreetMap","sourceType":"hiking_paths","name":"","sourceIndex":"4723"},"geometry":{"type":"LineString","coordinates":[[126.9529117,35.1526435],[126.9528611,35.152634],[126.9527911,35.152508],[126.9526071,35.152358],[126.9522571,35.152091],[126.9521741,35.151975],[126.9521753,35.1517446],[126.9521866,35.1515136],[126.9522411,35.151341],[126.9521071,35.151191],[126.9520571,35.151091],[126.9519241,35.150925],[126.9518661,35.1507483],[126.9518648,35.1506171],[126.9517316,35.1505175],[126.9516459,35.150426],[126.9516411,35.150291],[126.9516642,35.1501728],[126.9515921,35.1500777]]}},{"type":"Feature","properties":{"slot":"mudeungsan_osm_hiking_path","source":"openStreetMap","sourceType":"hiking_paths","name":"","sourceIndex":"4724"},"geometry":{"type":"LineString","coordinates":[[126.9470576,35.149497],[126.9471744,35.1497107],[126.9472736,35.1497809],[126.9473273,35.1499114],[126.9476169,35.1501855],[126.9477832,35.15026],[126.9479342,35.1502957],[126.9480358,35.1503827],[126.9480706,35.1505115],[126.9481158,35.150606],[126.9482238,35.1506919],[126.948283,35.150732],[126.9483596,35.1508007],[126.9483944,35.1508122],[126.9484258,35.1507893],[126.9484433,35.1507235],[126.9484538,35.1505575],[126.94844,35.1503829],[126.948447,35.1502885],[126.9484923,35.1502341],[126.9485203,35.1501826],[126.9485447,35.1500968],[126.9485587,35.1500224],[126.9486005,35.1499566],[126.9486354,35.1499108],[126.9486737,35.1499165],[126.9487364,35.1499538],[126.9488131,35.1499624],[126.948935,35.1499624],[126.9490988,35.1499539],[126.9492661,35.1499225],[126.9493881,35.1498367],[126.9494369,35.149811],[126.9495101,35.1497881],[126.9497122,35.1497682],[126.9498202,35.1497854],[126.9499107,35.1498341],[126.9499665,35.1498856],[126.9500222,35.1499457],[126.9500674,35.1500173],[126.9501057,35.1500516],[126.950144,35.1500774],[126.9501823,35.1501175],[126.9502032,35.1501948],[126.9501648,35.1503178],[126.9501334,35.1503779],[126.9500637,35.1504637],[126.9500323,35.1505267],[126.9500008,35.1506354],[126.9500148,35.1506726],[126.9500426,35.1507098],[126.9500426,35.1507585],[126.9500216,35.1508043],[126.9499798,35.1508615],[126.9499484,35.1509416],[126.9499483,35.151016],[126.9499274,35.1511047],[126.9499064,35.1511619],[126.9498959,35.1512507],[126.9499377,35.1513651],[126.9499376,35.1514338],[126.9499306,35.1515082],[126.9499027,35.1515855],[126.9498538,35.1517457],[126.949791,35.1518659],[126.9497666,35.1519317],[126.9497525,35.1521091],[126.9497455,35.1521435],[126.9497455,35.152298],[126.9498116,35.1524182],[126.9498742,35.1525213],[126.9499369,35.1526015],[126.9500205,35.1526845],[126.9500901,35.1527417],[126.9501912,35.1527876],[126.9502678,35.1528048],[126.9503898,35.1528191],[126.9504211,35.1528191],[126.9506476,35.1527992],[126.9507522,35.1528164],[126.9508567,35.1528136],[126.9509054,35.1528794],[126.9509158,35.1529911],[126.9509193,35.1529968],[126.9509611,35.1530226],[126.9509924,35.1531313],[126.9510516,35.1531829],[126.9512118,35.1532745],[126.9512641,35.1533489],[126.9513581,35.1534033],[126.951386,35.1534491],[126.9514452,35.1535064],[126.9516193,35.1536124],[126.9516855,35.1536439],[126.951738,35.1537014],[126.9517259,35.1537346],[126.9516898,35.1537985]]}},{"type":"Feature","properties":{"slot":"mudeungsan_osm_hiking_path","source":"openStreetMap","sourceType":"hiking_paths","name":"","sourceIndex":"4725"},"geometry":{"type":"LineString","coordinates":[[126.9514251,35.1682285],[126.9513461,35.1681456],[126.9509634,35.1678856],[126.9507329,35.1676725],[126.9502719,35.1675599],[126.9497172,35.1673881],[126.9494002,35.1673347],[126.9478295,35.1674169],[126.9474765,35.1673516],[126.9472244,35.1673338],[126.9469362,35.1672449],[126.9466985,35.1672093],[126.9465934,35.1672035],[126.9465336,35.1671988],[126.9464175,35.1671914],[126.946187,35.1671677],[126.9458844,35.1671024],[126.9457188,35.1670077],[126.9455171,35.1669011],[126.9454379,35.1668064],[126.9453372,35.1666585],[126.9451787,35.166546],[126.9450275,35.1664927],[126.9448041,35.1664926],[126.9446504,35.1664545],[126.9445887,35.166415],[126.9446048,35.1663821],[126.9447684,35.1663427]]}},{"type":"Feature","properties":{"slot":"mudeungsan_osm_hiking_path","source":"openStreetMap","sourceType":"hiking_paths","name":"","sourceIndex":"4727"},"geometry":{"type":"LineString","coordinates":[[126.9534404,35.1133951],[126.9535258,35.1133611],[126.9536083,35.1133666],[126.9536667,35.1134072],[126.9537096,35.1135021],[126.9538128,35.113591],[126.953963,35.1136425],[126.9541629,35.1136963],[126.9543171,35.1136491],[126.9546121,35.1135306],[126.9548227,35.1134176],[126.9553792,35.1132037],[126.955732,35.1130732],[126.9559653,35.1130468],[126.9562054,35.1130413],[126.9563194,35.1129744],[126.9563529,35.1129031],[126.9563408,35.1128548]]}},{"type":"Feature","properties":{"slot":"mudeungsan_osm_hiking_path","source":"openStreetMap","sourceType":"hiking_paths","name":"","sourceIndex":"4728"},"geometry":{"type":"LineString","coordinates":[[126.9491552,35.1004111],[126.9492732,35.1003311],[126.9492893,35.1002751],[126.9492128,35.1002202],[126.9490197,35.10015],[126.9489875,35.1000995],[126.9494462,35.0999503],[126.9495964,35.0998801],[126.9498753,35.0998801],[126.9500899,35.0999942],[126.9504064,35.1000996],[126.9507873,35.100082],[126.9509643,35.1001259],[126.9511038,35.1001039],[126.9513727,35.0999585]]}},{"type":"Feature","properties":{"slot":"mudeungsan_osm_hiking_path","source":"openStreetMap","sourceType":"hiking_paths","name":"","sourceIndex":"4729"},"geometry":{"type":"LineString","coordinates":[[126.9532222,35.1051976],[126.9537806,35.1056425]]}},{"type":"Feature","properties":{"slot":"mudeungsan_osm_hiking_path","source":"openStreetMap","sourceType":"hiking_paths","name":"","sourceIndex":"4730"},"geometry":{"type":"LineString","coordinates":[[126.9586006,35.0996672],[126.9584231,35.099653],[126.9583655,35.0996291],[126.9580562,35.0994194],[126.95802,35.0993992],[126.9579966,35.0993919],[126.9579749,35.0993943],[126.9579547,35.0994064],[126.9578603,35.0995031],[126.9578332,35.099521],[126.9578246,35.0995223],[126.9578086,35.0995159],[126.9577604,35.0994676],[126.9577312,35.099448],[126.9576911,35.0994432],[126.9576305,35.0994506],[126.9573004,35.099515],[126.9572244,35.0995349],[126.9571533,35.0995669],[126.9569748,35.099662],[126.9569191,35.0996822],[126.9568909,35.0996836],[126.9568627,35.0996784],[126.9566763,35.0996079],[126.9566374,35.0995984],[126.9566161,35.0996003],[126.9566077,35.0996055],[126.9565947,35.0996227],[126.9565739,35.0996832],[126.9565675,35.0997336],[126.9565731,35.0997558],[126.9565799,35.0997654],[126.9565996,35.0997823],[126.9566375,35.0998044],[126.9569892,35.0999724],[126.9570665,35.1000183],[126.9571145,35.1000706],[126.9572921,35.1003133],[126.9573114,35.1003445],[126.9573145,35.1003667],[126.9572994,35.1003719],[126.9572602,35.1003705],[126.9568361,35.1003098],[126.9567557,35.1003042],[126.9567249,35.1003078],[126.9566807,35.1003204],[126.9566235,35.100343],[126.9565707,35.10037],[126.9565405,35.1003969],[126.9565157,35.100444],[126.9563715,35.100857],[126.9563321,35.1009569],[126.9563056,35.100998],[126.9562559,35.1010127],[126.9560112,35.1009116],[126.9559295,35.1008697],[126.9558718,35.1008484],[126.9557939,35.1008339],[126.9551562,35.1007476],[126.9550574,35.1008632],[126.9546282,35.1007535],[126.9543922,35.100556],[126.9538075,35.1003672],[126.9535714,35.1001566],[126.9533193,35.1001259],[126.9531637,35.1002092],[126.9528633,35.1000556],[126.9524127,35.100082],[126.9522357,35.0999942],[126.9520708,35.099778]]}},{"type":"Feature","properties":{"slot":"mudeungsan_osm_hiking_path","source":"openStreetMap","sourceType":"hiking_paths","name":"","sourceIndex":"4731"},"geometry":{"type":"LineString","coordinates":[[126.9550574,35.1008632],[126.9551378,35.1009312],[126.9551486,35.1010892],[126.955162,35.101166],[126.9553176,35.1013065],[126.9554517,35.1015413],[126.9555243,35.1016775],[126.9555677,35.1017725],[126.9556091,35.1018176],[126.9556276,35.1018503],[126.955632,35.101888],[126.9555537,35.1024239],[126.9555479,35.1024901],[126.9555504,35.1025155],[126.955559,35.1025386],[126.9556216,35.1026185],[126.9556318,35.1026468],[126.9556241,35.1026661],[126.9556078,35.102685],[126.9555106,35.1027699],[126.9554959,35.1027899],[126.9554908,35.1028115],[126.9554955,35.1028346],[126.9555116,35.1028707],[126.9556788,35.1031646],[126.955689,35.1032001],[126.9556799,35.1032328],[126.9556356,35.1032833],[126.9554462,35.1034624],[126.9554029,35.1034998],[126.9553667,35.1035222],[126.9553385,35.1035317],[126.9552924,35.1035404],[126.9550193,35.103571],[126.9549423,35.1035868],[126.9548867,35.1036124],[126.9547417,35.1036987],[126.9546723,35.1037324],[126.9545809,35.1037602],[126.9540833,35.1038922],[126.954025,35.1039132],[126.9539888,35.1039363],[126.9539481,35.1039747],[126.9538532,35.1040784],[126.9538182,35.1041212],[126.9537965,35.1041563],[126.9534613,35.1049256],[126.9534247,35.1049995],[126.9533999,35.1050323],[126.9533705,35.1050625],[126.9532222,35.1051976]]}},{"type":"Feature","properties":{"slot":"mudeungsan_osm_hiking_path","source":"openStreetMap","sourceType":"hiking_paths","name":"","sourceIndex":"4732"},"geometry":{"type":"LineString","coordinates":[[126.9532222,35.1051976],[126.9528063,35.1046824],[126.9526349,35.1044692],[126.9526057,35.1044375],[126.9525714,35.1044103],[126.9525024,35.1043755],[126.9519907,35.104158],[126.9519066,35.1041172],[126.9518513,35.1040723],[126.9517368,35.1039491],[126.9516848,35.1039016],[126.9516341,35.1038706],[126.9514439,35.1037748],[126.9514104,35.1037505],[126.9513953,35.1037304],[126.9513866,35.1037067],[126.9513779,35.1036547],[126.95131,35.1029708],[126.9512999,35.1029178],[126.9512702,35.1028266],[126.9512356,35.1027368],[126.9512066,35.10269],[126.9511535,35.1026396],[126.9509682,35.1024861],[126.9509426,35.1024551],[126.9509348,35.1024325],[126.950935,35.1024083],[126.9509458,35.1023573],[126.9509988,35.1021751],[126.9510233,35.1021128],[126.9510572,35.1020705],[126.9511869,35.1019577],[126.9512106,35.1019266],[126.9512191,35.1019025],[126.9512254,35.1018371],[126.9512392,35.1011371],[126.9512343,35.1010595],[126.9512165,35.1010278],[126.9511694,35.1009964],[126.9503836,35.1006778]]}},{"type":"Feature","properties":{"slot":"mudeungsan_osm_hiking_path","source":"openStreetMap","sourceType":"hiking_paths","name":"","sourceIndex":"4733"},"geometry":{"type":"LineString","coordinates":[[126.9520073,35.1135388],[126.9519883,35.1135106],[126.9519651,35.1134891],[126.9519187,35.1134843],[126.9517155,35.1134843],[126.9516691,35.1135009],[126.9516197,35.1134938],[126.9515994,35.1134818],[126.9515907,35.1134413],[126.951614,35.1134103],[126.9516778,35.1133888],[126.9517591,35.1133436],[126.9519217,35.1132172],[126.9519827,35.1131648],[126.9520785,35.1131035],[126.9521429,35.1130268],[126.952293,35.1127484],[126.9524543,35.1123836],[126.9525088,35.1121232],[126.9524892,35.1120468],[126.9524672,35.1120142],[126.9524264,35.1119758],[126.9523182,35.1119298],[126.9522964,35.1119112],[126.9522584,35.1118719],[126.9522457,35.1118494],[126.952238,35.1118243],[126.9522274,35.1117446],[126.9521655,35.1110654],[126.9521448,35.1109738],[126.9520645,35.1107114],[126.9520551,35.1106595],[126.9520555,35.1106198],[126.952098,35.1103001],[126.9521761,35.1100941],[126.9522049,35.1098052],[126.9522172,35.1097529],[126.952241,35.1096891],[126.9522684,35.1095178],[126.9523981,35.1091997],[126.9524347,35.1091292],[126.9524532,35.1091122],[126.9524769,35.1091025],[126.952626,35.1090845],[126.9526661,35.1090726],[126.9526878,35.1090578],[126.9527149,35.1090288],[126.9527467,35.1089852],[126.9527736,35.1089395],[126.9527854,35.1089029],[126.9527875,35.1088634],[126.9527843,35.1088096],[126.9527561,35.1086013],[126.9527504,35.1085206],[126.952753,35.1084675],[126.9527639,35.1084292],[126.9527905,35.1083661],[126.9529009,35.1082798],[126.9529198,35.1082325],[126.9529231,35.1082043],[126.9529195,35.108198],[126.9529045,35.1081919],[126.9528455,35.1081876],[126.9528227,35.1081816],[126.9527952,35.108159],[126.9527674,35.1081159],[126.9527386,35.1080559],[126.9527219,35.1080056],[126.9526753,35.1077587],[126.9526589,35.1076951],[126.9526345,35.1076477],[126.9525865,35.1075802],[126.952534,35.1075154],[126.9525029,35.1074874],[126.9524644,35.1074661],[126.9523387,35.1074132],[126.9523164,35.1073987],[126.9523011,35.1073801],[126.9522931,35.1073574],[126.9522879,35.1073197],[126.95228,35.1070944],[126.9522734,35.1070289],[126.9522516,35.1069648],[126.9521946,35.106853],[126.9521703,35.1068187],[126.9521399,35.1067903],[126.9520725,35.106731],[126.9520328,35.1066918]]}},{"type":"Feature","properties":{"slot":"mudeungsan_osm_hiking_path","source":"openStreetMap","sourceType":"hiking_paths","name":"","sourceIndex":"4734"},"geometry":{"type":"LineString","coordinates":[[126.9381252,35.10977],[126.9378377,35.1097663],[126.9378565,35.1102537],[126.9378694,35.1103183],[126.9379266,35.1105067],[126.937929,35.1105441],[126.9379191,35.1106263],[126.9379256,35.1106558],[126.9379422,35.1106716],[126.9379791,35.1106901],[126.9382439,35.1107833],[126.9382817,35.1108045],[126.938302,35.1108231],[126.9383432,35.1108782],[126.9385336,35.1111681],[126.9385714,35.1112094],[126.9387072,35.1113352],[126.9387559,35.1113872],[126.9391043,35.1118451],[126.9391526,35.1119156],[126.9392115,35.1120365],[126.9392322,35.1120691],[126.939261,35.1120925],[126.9393523,35.1121207],[126.9394068,35.1121453],[126.9394833,35.1121909],[126.9395283,35.112227],[126.9395747,35.1122818],[126.9399736,35.1128069],[126.9400163,35.1128462],[126.9401269,35.1129223],[126.9401699,35.1129587],[126.94019,35.1129919],[126.9402208,35.1131203],[126.9402441,35.1131682],[126.9402882,35.1132231],[126.9405921,35.1135664],[126.9406213,35.1136127],[126.940658,35.1136986],[126.9406825,35.1137295],[126.9407371,35.1137726],[126.9408025,35.1138078],[126.9411497,35.1139309],[126.9411933,35.1139485],[126.9412324,35.1139702],[126.94128,35.114021],[126.9414153,35.1142179],[126.9414588,35.1142723],[126.94148,35.1142903],[126.9415042,35.1143037],[126.9416579,35.1143577],[126.9417065,35.1143872],[126.9417573,35.1144372],[126.9420466,35.1147423],[126.9424671,35.1147878]]}},{"type":"Feature","properties":{"slot":"mudeungsan_osm_hiking_path","source":"openStreetMap","sourceType":"hiking_paths","name":"","sourceIndex":"4735"},"geometry":{"type":"LineString","coordinates":[[126.9371588,35.1090067],[126.9372892,35.1089478],[126.937382,35.1089118],[126.9374159,35.1088937],[126.9374405,35.1088748],[126.9379772,35.1082967],[126.9380111,35.1082684],[126.9380362,35.1082528],[126.9381458,35.1081989],[126.9381842,35.1081761],[126.9382172,35.1081483],[126.938257,35.1081071],[126.9384584,35.107884],[126.9385107,35.1078176],[126.9388464,35.1071799],[126.9388749,35.107132],[126.938909,35.1070862],[126.9390018,35.1069751],[126.939053,35.106923],[126.9392828,35.1067513],[126.9393828,35.1066826],[126.9395929,35.1065587],[126.9396605,35.1065292],[126.9397039,35.1065264],[126.9398103,35.1065468],[126.9398551,35.1065517],[126.9398835,35.106548],[126.9399107,35.1065382],[126.9399762,35.1065023],[126.9402873,35.1063122],[126.9403279,35.1062917],[126.9403722,35.1062767],[126.9404513,35.1062604],[126.9420436,35.1059827],[126.9421404,35.1059686],[126.9422027,35.1059674],[126.9422798,35.1059723],[126.9423407,35.1059795],[126.9423856,35.1059894],[126.9424592,35.1060167],[126.942763,35.1061453],[126.9428226,35.1061645],[126.9428833,35.1061769],[126.9429603,35.1061882],[126.9430218,35.1061913],[126.9430686,35.1061856],[126.9431927,35.1061601],[126.9432546,35.1061562],[126.9433318,35.106169],[126.9437641,35.1062728],[126.9438571,35.1062907],[126.9439356,35.1062906],[126.9441415,35.1062698],[126.9442042,35.1062718],[126.9442665,35.106285],[126.9445289,35.1063591],[126.9446228,35.1063818],[126.9450922,35.1064494],[126.9451721,35.1064637],[126.9452468,35.1064883],[126.9454486,35.1065731],[126.9455081,35.1065913],[126.9455531,35.1065965],[126.9457078,35.1065992],[126.9457709,35.1066048],[126.946408,35.1067225],[126.946452,35.1067371],[126.9465028,35.1067674],[126.9468637,35.1070523],[126.9469001,35.1070777],[126.9469399,35.1070984],[126.9470447,35.1071294],[126.9472298,35.1071752],[126.9473072,35.1071906],[126.9473693,35.1071933],[126.9475406,35.107185],[126.9476027,35.1071916],[126.947926,35.1072843],[126.9480446,35.1073286],[126.9490563,35.1077637],[126.9493586,35.1080807]]}},{"type":"Feature","properties":{"slot":"mudeungsan_osm_hiking_path","source":"openStreetMap","sourceType":"hiking_paths","name":"","sourceIndex":"4740"},"geometry":{"type":"LineString","coordinates":[[126.9376437,35.0778994],[126.9377735,35.0780433],[126.9378411,35.0781493],[126.9379638,35.0783245],[126.9380614,35.078447],[126.9382638,35.0785905],[126.9383891,35.0786654],[126.9384362,35.0787156],[126.9384908,35.0788495],[126.9385468,35.0789405],[126.9386369,35.0790589],[126.9387082,35.0791233],[126.938746,35.0791791],[126.9388345,35.0792714],[126.938923,35.0793179],[126.9390006,35.0793834],[126.9390667,35.0795221],[126.9390786,35.0796649],[126.939082,35.0798308],[126.9390651,35.079974],[126.9390845,35.0800724],[126.9391306,35.0801538],[126.9391806,35.0802215],[126.9392529,35.0804253],[126.9393236,35.0805448],[126.9393372,35.0806405],[126.9393374,35.0807655],[126.9393227,35.080891],[126.9391503,35.0812362],[126.9391104,35.0813016],[126.9389633,35.0814979],[126.9389238,35.081589],[126.9388528,35.0816701],[126.9388199,35.0817328],[126.9388585,35.0818438],[126.9388866,35.0819583],[126.9388671,35.0821335],[126.9388999,35.0822421],[126.938916,35.0823496],[126.9389271,35.0824955],[126.9389539,35.0825732],[126.9390241,35.0826454],[126.9390366,35.0827438],[126.9390474,35.0828975],[126.9390838,35.0830776],[126.9391015,35.0832369],[126.9391331,35.0833746],[126.9392008,35.0835017],[126.9392114,35.083566],[126.9392186,35.0837102],[126.9392099,35.083877],[126.93922,35.0843087],[126.9392524,35.0844279],[126.9393068,35.0845401],[126.939426,35.0846909],[126.9394595,35.0847447],[126.9395249,35.0848575],[126.9395802,35.0849743],[126.9396228,35.0850808],[126.9396307,35.0851255],[126.9396405,35.0851813],[126.9396297,35.0853028],[126.9394635,35.0856158],[126.9394332,35.0857108],[126.9394106,35.0858313],[126.9393634,35.0859442],[126.9393291,35.0860807],[126.9392663,35.086148],[126.9391418,35.0861736],[126.939027,35.0861817],[126.9389352,35.0861719],[126.9388776,35.0861863],[126.9388335,35.0862573]]}},{"type":"Feature","properties":{"slot":"mudeungsan_osm_hiking_path","source":"openStreetMap","sourceType":"hiking_paths","name":"도원길","sourceIndex":"4802"},"geometry":{"type":"LineString","coordinates":[[127.031326,35.1135899],[127.0312375,35.1135515],[127.0311061,35.113456],[127.0309988,35.1134472],[127.0308968,35.113445],[127.0305669,35.1133288],[127.0302638,35.1131883],[127.0301224,35.1131302],[127.02994,35.1128603],[127.0298763,35.1127808],[127.0298494,35.1126179],[127.0298173,35.1125493],[127.0296711,35.112337],[127.0295919,35.1123008],[127.0293606,35.1122975],[127.0292184,35.1122515],[127.0289368,35.1121066],[127.0287759,35.1119958],[127.0286453,35.1118886],[127.0285995,35.111851],[127.0285204,35.1117934],[127.0284406,35.1117627],[127.0283514,35.1117238],[127.028157,35.111715],[127.028045,35.1117545],[127.0278861,35.1118148],[127.0278143,35.1118231],[127.0277211,35.1118165],[127.027591,35.1117737],[127.027473,35.1116848],[127.027296,35.1115822],[127.0272162,35.1115471],[127.027066,35.1115488],[127.0269795,35.111546],[127.0269151,35.1115279],[127.0268501,35.1114983],[127.0268078,35.1114188],[127.0267716,35.1111149]]}},{"type":"Feature","properties":{"slot":"mudeungsan_osm_hiking_path","source":"openStreetMap","sourceType":"hiking_paths","name":"","sourceIndex":"4804"},"geometry":{"type":"LineString","coordinates":[[126.963501,35.1075361],[126.9635627,35.1074352],[126.9636619,35.1073211],[126.963737,35.1071895],[126.9638067,35.1070666],[126.9637987,35.1068384],[126.9637987,35.1067221],[126.9637156,35.1065312],[126.9636914,35.106439],[126.9637021,35.106382],[126.9637638,35.1063249],[126.9637263,35.1061143],[126.9637424,35.105976],[126.9637933,35.1058707],[126.9637343,35.1056644],[126.9637129,35.1055218],[126.9638738,35.1050939],[126.9639569,35.1049008],[126.9639382,35.1045827],[126.9640213,35.1044751],[126.9640347,35.1040428],[126.9641179,35.103887],[126.9643405,35.1035952],[126.964421,35.1034965],[126.9644397,35.1032485],[126.9644666,35.1030883],[126.964539,35.1029566],[126.9647636,35.1028257]]}},{"type":"Feature","properties":{"slot":"mudeungsan_osm_hiking_path","source":"openStreetMap","sourceType":"hiking_paths","name":"","sourceIndex":"4805"},"geometry":{"type":"LineString","coordinates":[[126.9779786,35.1270608],[126.9779313,35.1272842],[126.9777757,35.1275211],[126.9774324,35.1279686],[126.9772822,35.1281441],[126.9772822,35.1283723],[126.9770381,35.1286004]]}},{"type":"Feature","properties":{"slot":"mudeungsan_osm_hiking_path","source":"openStreetMap","sourceType":"hiking_paths","name":"","sourceIndex":"4806"},"geometry":{"type":"LineString","coordinates":[[126.9784684,35.1295623],[126.9783309,35.1294252],[126.9781432,35.1293462],[126.9780117,35.1292673],[126.977832,35.1292563],[126.9776067,35.1291356],[126.9774082,35.1290062],[126.9773653,35.1289492],[126.9773573,35.1288812],[126.9771588,35.1286662],[126.9770381,35.1286004],[126.9769549,35.1285719],[126.9768369,35.1284775],[126.9766116,35.1284227],[126.9762871,35.1283415],[126.9762039,35.1283569],[126.9761288,35.1283108],[126.9759786,35.1283218],[126.9758579,35.1283657],[126.9757077,35.1283788],[126.9755119,35.1282582],[126.9752946,35.1282691],[126.9749808,35.1283152],[126.9748038,35.1282801],[126.9747019,35.1282604],[126.9745946,35.1282538],[126.9741198,35.1282911],[126.9736987,35.1283832],[126.9735566,35.1284271],[126.9734144,35.1285039]]}},{"type":"Feature","properties":{"slot":"mudeungsan_osm_hiking_path","source":"openStreetMap","sourceType":"hiking_paths","name":"","sourceIndex":"5190"},"geometry":{"type":"LineString","coordinates":[[126.9453323,35.13116],[126.9453212,35.1318754]]}},{"type":"Feature","properties":{"slot":"mudeungsan_osm_hiking_path","source":"openStreetMap","sourceType":"hiking_paths","name":"의재로109번길","sourceIndex":"5191"},"geometry":{"type":"LineString","coordinates":[[126.9420782,35.1394386],[126.9418716,35.139375],[126.9416249,35.139299]]}},{"type":"Feature","properties":{"slot":"mudeungsan_osm_hiking_path","source":"openStreetMap","sourceType":"hiking_paths","name":"","sourceIndex":"5219"},"geometry":{"type":"LineString","coordinates":[[126.9390764,35.1374348],[126.9391023,35.1379943],[126.9391277,35.1383397],[126.9391076,35.138501],[126.9390634,35.1385613],[126.9388743,35.1386139],[126.9388729,35.1386786],[126.9388823,35.1387291]]}},{"type":"Feature","properties":{"slot":"mudeungsan_osm_hiking_path","source":"openStreetMap","sourceType":"hiking_paths","name":"","sourceIndex":"5222"},"geometry":{"type":"LineString","coordinates":[[127.008726,35.1068421],[127.0087954,35.106924],[127.0087686,35.1069722],[127.008723,35.1070666],[127.0087203,35.1071851],[127.0086479,35.1072794],[127.008605,35.1073058],[127.0085192,35.1074286],[127.0085111,35.1075076],[127.008318,35.1077336],[127.0082214,35.1078675],[127.0081651,35.1079794],[127.0081291,35.1080992]]}},{"type":"Feature","properties":{"slot":"mudeungsan_osm_hiking_path","source":"openStreetMap","sourceType":"hiking_paths","name":"","sourceIndex":"5223"},"geometry":{"type":"LineString","coordinates":[[127.0108516,35.1024938],[127.0109412,35.1024585],[127.0111155,35.102351],[127.011247,35.1023181],[127.0115125,35.1022874],[127.0116761,35.1022281],[127.0118397,35.1021842],[127.0119309,35.1021754],[127.0121723,35.1021645],[127.0122796,35.1021623],[127.0124003,35.1021359],[127.0126122,35.102204],[127.0127678,35.102193],[127.013028,35.1021864],[127.0132399,35.1022259],[127.0133874,35.1022852],[127.0134598,35.1023422],[127.0135489,35.1023802]]}},{"type":"Feature","properties":{"slot":"mudeungsan_osm_hiking_path","source":"openStreetMap","sourceType":"hiking_paths","name":"","sourceIndex":"5224"},"geometry":{"type":"LineString","coordinates":[[126.9926137,35.1042074],[126.992638,35.1043093],[126.99267,35.1044883],[126.9927049,35.1045519],[126.9927343,35.1046309],[126.9927049,35.1046803],[126.992721,35.104733],[126.9927728,35.1047345],[126.99286,35.1046748]]}},{"type":"Feature","properties":{"slot":"mudeungsan_osm_hiking_path","source":"openStreetMap","sourceType":"hiking_paths","name":"","sourceIndex":"5225"},"geometry":{"type":"LineString","coordinates":[[126.9889122,35.0878843],[126.989049,35.0879019],[126.9892073,35.0878404],[126.9892502,35.087779],[126.9892207,35.087588],[126.9892421,35.0874146],[126.9893038,35.0872127],[126.9893682,35.0871578],[126.989336,35.0870898],[126.9892234,35.0868659],[126.9890571,35.0866004],[126.9889954,35.0864511],[126.9890839,35.086326],[126.9891858,35.0862163],[126.9892341,35.0861175],[126.9892099,35.0858914],[126.9891456,35.0857312],[126.9889659,35.0854964],[126.9887969,35.0853186],[126.9887191,35.0851211],[126.9887459,35.0849455],[126.9888854,35.084715],[126.9889122,35.084614],[126.9888934,35.0843726],[126.9888881,35.0841817],[126.9890758,35.0838019],[126.9891939,35.083589],[126.9892448,35.0834639],[126.9892099,35.0833586],[126.9889471,35.0830557],[126.9888827,35.0828274],[126.9887996,35.0826782],[126.9887298,35.0826386],[126.9885609,35.0825816],[126.9884133,35.0825772]]}},{"type":"Feature","properties":{"slot":"mudeungsan_osm_hiking_path","source":"openStreetMap","sourceType":"hiking_paths","name":"","sourceIndex":"5226"},"geometry":{"type":"LineString","coordinates":[[126.9869033,35.0938875],[126.9868898,35.0933974],[126.9869381,35.0931297],[126.9871098,35.0928839],[126.9871527,35.0925415],[126.9869918,35.0920718],[126.9867879,35.0915495],[126.986686,35.0912028],[126.9866538,35.0909877],[126.9868094,35.0908823],[126.9870293,35.090439],[126.9872922,35.0902195],[126.9875497,35.0900966],[126.987614,35.090044],[126.9875443,35.0889115],[126.9874585,35.0884813],[126.9872332,35.088196],[126.9869542,35.0876385],[126.9867825,35.087362],[126.9864821,35.0871425],[126.9860101,35.0868001],[126.9859511,35.0866113],[126.9857258,35.0858827],[126.985656,35.0856676],[126.9858223,35.0852593],[126.985935,35.085154],[126.9861109,35.084977]]}},{"type":"Feature","properties":{"slot":"mudeungsan_osm_hiking_path","source":"openStreetMap","sourceType":"hiking_paths","name":"","sourceIndex":"5227"},"geometry":{"type":"LineString","coordinates":[[126.988703,35.0951399],[126.9886816,35.0950214],[126.9884911,35.0949117],[126.9884241,35.0947976],[126.9883168,35.0947493],[126.9881558,35.0946308],[126.9879654,35.0944925],[126.9878688,35.0944025],[126.9877481,35.0942599],[126.9876033,35.0941172],[126.9874585,35.094036],[126.9874169,35.0939726]]}},{"type":"Feature","properties":{"slot":"mudeungsan_osm_hiking_path","source":"openStreetMap","sourceType":"hiking_paths","name":"","sourceIndex":"5228"},"geometry":{"type":"LineString","coordinates":[[126.9821476,35.0741439],[126.981917,35.0739485],[126.9817078,35.0737663],[126.9814074,35.0734326],[126.9812357,35.07329],[126.9806805,35.0728641],[126.9802621,35.0725721],[126.9800395,35.0723636],[126.9796452,35.071997],[126.9794467,35.0717599],[126.9792616,35.0715031],[126.9791812,35.0713362],[126.9791785,35.0710377],[126.9792214,35.0709104],[126.97909,35.0710157],[126.9788861,35.0712484],[126.9787708,35.0715206],[126.9787708,35.0717577],[126.97887,35.0722626],[126.9789264,35.0726863],[126.9790283,35.0729058],[126.9790122,35.0729651],[126.9789049,35.0730924],[126.9787359,35.0732263],[126.9787145,35.0732965],[126.9787735,35.0734436],[126.9788083,35.0735424],[126.9787627,35.0736785],[126.9787145,35.0738585],[126.9787171,35.0742031],[126.9786394,35.0743788],[126.9786823,35.0744885],[126.9787118,35.0746729],[126.978642,35.075281],[126.9786742,35.0753731],[126.9790041,35.0759153],[126.9791061,35.0760163],[126.9791356,35.07608],[126.9791838,35.0762622],[126.9795379,35.0769668],[126.9796184,35.0771797],[126.9796211,35.0772697],[126.9795111,35.0776297],[126.9795406,35.0777438],[126.9796398,35.0779414],[126.9797042,35.0782202],[126.9796827,35.0784792],[126.9797042,35.078725],[126.9796398,35.0789687],[126.9796425,35.0794516],[126.9796157,35.079592],[126.9793957,35.0800662],[126.9793582,35.0801869],[126.9793448,35.0806808],[126.979326,35.0808805],[126.9792616,35.0810056],[126.9792321,35.0815961],[126.9791999,35.0817387],[126.9790336,35.0820789],[126.9788995,35.0823884],[126.9788727,35.0824916],[126.978921,35.0833586],[126.9789505,35.0837646],[126.9790699,35.0839097],[126.9792026,35.0839292],[126.9792965,35.0839622],[126.9793045,35.0840697],[126.9793341,35.0841048],[126.9793206,35.0841926],[126.9793716,35.0841904],[126.9794172,35.0842673],[126.979495,35.0842212],[126.9795138,35.084276],[126.9795942,35.0842168],[126.9796157,35.0843441],[126.9797069,35.0843419],[126.9798222,35.0843485],[126.9798276,35.0844011],[126.9799429,35.0843924],[126.9800341,35.0844802],[126.9800663,35.0845394],[126.9801977,35.0846053],[126.9802487,35.0846557],[126.9803882,35.0846228],[126.9805115,35.0846294],[126.9806457,35.0846053],[126.9807717,35.0845636],[126.9808522,35.0845811],[126.9809353,35.0845745],[126.9810024,35.0846009],[126.9811204,35.0846996],[126.9811606,35.0848006],[126.9811794,35.0849235],[126.9811875,35.0849455],[126.9812384,35.0849455],[126.9812706,35.0848972],[126.9813055,35.0847282],[126.9813591,35.0846514],[126.9814128,35.0846294],[126.9814637,35.0845175],[126.9814932,35.0845175],[126.9815546,35.0845643]]}},{"type":"Feature","properties":{"slot":"mudeungsan_osm_hiking_path","source":"openStreetMap","sourceType":"hiking_paths","name":"","sourceIndex":"5229"},"geometry":{"type":"LineString","coordinates":[[127.0117217,35.1041231],[127.01155,35.1039217],[127.0111632,35.1036308],[127.0110602,35.1034765],[127.0110675,35.1032397],[127.0111316,35.1030971],[127.0111665,35.1029676],[127.0111114,35.1028252],[127.0110503,35.1027679],[127.010905,35.1027035],[127.0108516,35.1024938]]}},{"type":"Feature","properties":{"slot":"mudeungsan_osm_hiking_path","source":"openStreetMap","sourceType":"hiking_paths","name":"","sourceIndex":"5230"},"geometry":{"type":"LineString","coordinates":[[126.9817344,35.1174437],[126.9815254,35.1175632],[126.9813699,35.1176488],[126.9811901,35.117708],[126.9809005,35.1177102],[126.9806932,35.1177403]]}},{"type":"Feature","properties":{"slot":"mudeungsan_osm_hiking_path","source":"openStreetMap","sourceType":"hiking_paths","name":"무등산 등산로","sourceIndex":"5231"},"geometry":{"type":"LineString","coordinates":[[126.9691634,35.1283214],[126.969253,35.1282176],[126.9693537,35.1281071],[126.9694615,35.1279754],[126.9695118,35.1278929],[126.969617,35.1277431],[126.9696914,35.1275298],[126.9698378,35.1274216],[126.9699348,35.1272908],[126.9701014,35.127216]]}},{"type":"Feature","properties":{"slot":"mudeungsan_osm_hiking_path","source":"openStreetMap","sourceType":"hiking_paths","name":"","sourceIndex":"5232"},"geometry":{"type":"LineString","coordinates":[[126.9784684,35.1295623],[126.9785804,35.1296731],[126.9786581,35.1297433],[126.9788538,35.1297599]]}},{"type":"Feature","properties":{"slot":"mudeungsan_osm_hiking_path","source":"openStreetMap","sourceType":"hiking_paths","name":"","sourceIndex":"5233"},"geometry":{"type":"LineString","coordinates":[[126.9784276,35.1270578],[126.9781046,35.1270781],[126.9779786,35.1270608],[126.9778388,35.1270416],[126.9773888,35.1270938],[126.9772219,35.1270443],[126.976792,35.1270481],[126.976591,35.1270906],[126.9763527,35.1272154],[126.9761197,35.127278],[126.9758687,35.1273112],[126.9756717,35.1273156],[126.9753476,35.1273936],[126.9748847,35.1274342],[126.9739877,35.1275343],[126.9738763,35.1275263],[126.9736864,35.1274974],[126.9733552,35.1274646],[126.9731237,35.1274533],[126.9725232,35.127329],[126.9720856,35.1274094],[126.9718734,35.1274097],[126.9716084,35.1274586],[126.9714388,35.1275794],[126.9713443,35.1277796],[126.9710218,35.1279158],[126.9708878,35.1279247],[126.9706562,35.1277935],[126.9706169,35.1277756],[126.9704962,35.1278041],[126.9703487,35.1278458],[126.9702896,35.1278831],[126.9702092,35.1278151],[126.9700965,35.1278129],[126.9699705,35.1278918],[126.9699195,35.127962],[126.9698042,35.1280893],[126.969654,35.1281595],[126.9695896,35.1281968],[126.9695359,35.1281726],[126.9694608,35.1282648],[126.9693857,35.1281968],[126.9693537,35.1281071]]}},{"type":"Feature","properties":{"slot":"mudeungsan_osm_hiking_path","source":"openStreetMap","sourceType":"hiking_paths","name":"","sourceIndex":"5234"},"geometry":{"type":"LineString","coordinates":[[126.9718172,35.1260326],[126.9718266,35.1260765],[126.9718239,35.1261303],[126.9717769,35.1261621],[126.9717379,35.1261878]]}},{"type":"Feature","properties":{"slot":"mudeungsan_osm_hiking_path","source":"openStreetMap","sourceType":"hiking_paths","name":"","sourceIndex":"5235"},"geometry":{"type":"LineString","coordinates":[[126.9413452,35.1307006],[126.9414948,35.1306098],[126.941704,35.1305736],[126.9419065,35.1304573],[126.9419661,35.130409],[126.9420487,35.1303422],[126.9422458,35.1302829],[126.9424631,35.1301294],[126.9427662,35.1299659],[126.943316,35.1297115],[126.9437519,35.1293155],[126.9440174,35.129004],[126.9443285,35.1284227]]}},{"type":"Feature","properties":{"slot":"mudeungsan_osm_hiking_path","source":"openStreetMap","sourceType":"hiking_paths","name":"","sourceIndex":"5236"},"geometry":{"type":"LineString","coordinates":[[126.9567378,35.1251102],[126.9566292,35.1253581],[126.956479,35.1256696],[126.9565272,35.125957],[126.9565862,35.1262027],[126.9564629,35.126422],[126.9563153,35.1266458],[126.9563073,35.1268937],[126.9562456,35.1271262],[126.9561893,35.1271876],[126.9558111,35.1271767],[126.9556153,35.1272798],[126.9552666,35.1274597],[126.9549608,35.1277054],[126.9547677,35.1279686],[126.9544029,35.1280783],[126.9542474,35.1281924],[126.9538826,35.1286092],[126.9535661,35.1289426],[126.9533998,35.1292234],[126.9533139,35.129276],[126.9529277,35.1293243],[126.952638,35.1293638],[126.9521767,35.1295481],[126.9516563,35.1297192],[126.951254,35.1298596],[126.9510663,35.1298771],[126.9509858,35.1298771],[126.9509241,35.1298837],[126.950853,35.1295711]]}},{"type":"Feature","properties":{"slot":"mudeungsan_osm_hiking_path","source":"openStreetMap","sourceType":"hiking_paths","name":"","sourceIndex":"5237"},"geometry":{"type":"LineString","coordinates":[[126.9557131,35.1255568],[126.955736,35.1255698]]}},{"type":"Feature","properties":{"slot":"mudeungsan_osm_hiking_path","source":"openStreetMap","sourceType":"hiking_paths","name":"","sourceIndex":"5238"},"geometry":{"type":"LineString","coordinates":[[126.9556166,35.1255022],[126.9556401,35.1255155]]}},{"type":"Feature","properties":{"slot":"mudeungsan_osm_hiking_path","source":"openStreetMap","sourceType":"hiking_paths","name":"","sourceIndex":"5239"},"geometry":{"type":"LineString","coordinates":[[126.9556401,35.1255155],[126.9557131,35.1255568]]}},{"type":"Feature","properties":{"slot":"mudeungsan_osm_hiking_path","source":"openStreetMap","sourceType":"hiking_paths","name":"","sourceIndex":"5240"},"geometry":{"type":"LineString","coordinates":[[126.9536772,35.1277335],[126.9535081,35.127591]]}},{"type":"Feature","properties":{"slot":"mudeungsan_osm_hiking_path","source":"openStreetMap","sourceType":"hiking_paths","name":"","sourceIndex":"5241"},"geometry":{"type":"LineString","coordinates":[[126.9537643,35.127807],[126.9536772,35.1277335]]}},{"type":"Feature","properties":{"slot":"mudeungsan_osm_hiking_path","source":"openStreetMap","sourceType":"hiking_paths","name":"","sourceIndex":"5242"},"geometry":{"type":"LineString","coordinates":[[126.9537832,35.1278229],[126.9537643,35.127807]]}},{"type":"Feature","properties":{"slot":"mudeungsan_osm_hiking_path","source":"openStreetMap","sourceType":"hiking_paths","name":"","sourceIndex":"5243"},"geometry":{"type":"LineString","coordinates":[[126.9532885,35.128551],[126.9533139,35.1285642]]}},{"type":"Feature","properties":{"slot":"mudeungsan_osm_hiking_path","source":"openStreetMap","sourceType":"hiking_paths","name":"","sourceIndex":"5244"},"geometry":{"type":"LineString","coordinates":[[126.9532241,35.1284896],[126.9532885,35.128551]]}},{"type":"Feature","properties":{"slot":"mudeungsan_osm_hiking_path","source":"openStreetMap","sourceType":"hiking_paths","name":"","sourceIndex":"5245"},"geometry":{"type":"LineString","coordinates":[[126.9523429,35.1289841],[126.9527963,35.1287397],[126.9531476,35.1285203],[126.9532093,35.1284743],[126.9532241,35.1284896]]}},{"type":"Feature","properties":{"slot":"mudeungsan_osm_hiking_path","source":"openStreetMap","sourceType":"hiking_paths","name":"","sourceIndex":"5246"},"geometry":{"type":"LineString","coordinates":[[126.9524758,35.1290808],[126.9527842,35.1288735],[126.9531745,35.1286607],[126.9533139,35.1285642],[126.9534387,35.1284337],[126.9535178,35.1282944],[126.9535419,35.1281518],[126.9536023,35.128018],[126.9537832,35.1278229],[126.9538893,35.1277087],[126.9543251,35.1273259],[126.9545974,35.1272337]]}},{"type":"Feature","properties":{"slot":"mudeungsan_osm_hiking_path","source":"openStreetMap","sourceType":"hiking_paths","name":"","sourceIndex":"5247"},"geometry":{"type":"LineString","coordinates":[[126.9574117,35.121753],[126.957389,35.12168]]}},{"type":"Feature","properties":{"slot":"mudeungsan_osm_hiking_path","source":"openStreetMap","sourceType":"hiking_paths","name":"","sourceIndex":"5248"},"geometry":{"type":"LineString","coordinates":[[126.9574191,35.1217767],[126.9574117,35.121753]]}},{"type":"Feature","properties":{"slot":"mudeungsan_osm_hiking_path","source":"openStreetMap","sourceType":"hiking_paths","name":"","sourceIndex":"5249"},"geometry":{"type":"LineString","coordinates":[[126.9566399,35.1224271],[126.9570556,35.122539],[126.9571656,35.1225994],[126.9573091,35.1227749]]}},{"type":"Feature","properties":{"slot":"mudeungsan_osm_hiking_path","source":"openStreetMap","sourceType":"hiking_paths","name":"","sourceIndex":"5250"},"geometry":{"type":"LineString","coordinates":[[126.9591893,35.1333282],[126.9591303,35.1332382]]}},{"type":"Feature","properties":{"slot":"mudeungsan_osm_hiking_path","source":"openStreetMap","sourceType":"hiking_paths","name":"","sourceIndex":"5251"},"geometry":{"type":"LineString","coordinates":[[126.9592013,35.1333442],[126.9591893,35.1333282]]}},{"type":"Feature","properties":{"slot":"mudeungsan_osm_hiking_path","source":"openStreetMap","sourceType":"hiking_paths","name":"","sourceIndex":"5252"},"geometry":{"type":"LineString","coordinates":[[126.9591303,35.1332382],[126.9591176,35.1332103],[126.9591739,35.1330617],[126.9590748,35.133035]]}},{"type":"Feature","properties":{"slot":"mudeungsan_osm_hiking_path","source":"openStreetMap","sourceType":"hiking_paths","name":"","sourceIndex":"5253"},"geometry":{"type":"LineString","coordinates":[[126.9596647,35.1329235],[126.9595397,35.1328441]]}},{"type":"Feature","properties":{"slot":"mudeungsan_osm_hiking_path","source":"openStreetMap","sourceType":"hiking_paths","name":"","sourceIndex":"5254"},"geometry":{"type":"LineString","coordinates":[[126.9597687,35.132991],[126.9596647,35.1329235]]}},{"type":"Feature","properties":{"slot":"mudeungsan_osm_hiking_path","source":"openStreetMap","sourceType":"hiking_paths","name":"","sourceIndex":"5255"},"geometry":{"type":"LineString","coordinates":[[126.9625515,35.1315311],[126.9625327,35.1315092],[126.9623235,35.1316309],[126.9621478,35.1317592],[126.9617897,35.1318788],[126.9615524,35.1319698],[126.961378,35.1321047],[126.9609824,35.132176],[126.9605687,35.1322188],[126.9603655,35.1322616],[126.9602072,35.1323471],[126.9597526,35.1326674],[126.9595239,35.1328341],[126.9594361,35.1329185],[126.9592922,35.1328865]]}},{"type":"Feature","properties":{"slot":"mudeungsan_osm_hiking_path","source":"openStreetMap","sourceType":"hiking_paths","name":"","sourceIndex":"5256"},"geometry":{"type":"LineString","coordinates":[[126.9626511,35.1316475],[126.9625515,35.1315311]]}},{"type":"Feature","properties":{"slot":"mudeungsan_osm_hiking_path","source":"openStreetMap","sourceType":"hiking_paths","name":"","sourceIndex":"5257"},"geometry":{"type":"LineString","coordinates":[[126.9627487,35.1317611],[126.9626511,35.1316475]]}},{"type":"Feature","properties":{"slot":"mudeungsan_osm_hiking_path","source":"openStreetMap","sourceType":"hiking_paths","name":"","sourceIndex":"5258"},"geometry":{"type":"LineString","coordinates":[[126.9605713,35.1322325],[126.9605687,35.1322188]]}},{"type":"Feature","properties":{"slot":"mudeungsan_osm_hiking_path","source":"openStreetMap","sourceType":"hiking_paths","name":"","sourceIndex":"5259"},"geometry":{"type":"LineString","coordinates":[[126.9605854,35.1323043],[126.9605713,35.1322325]]}},{"type":"Feature","properties":{"slot":"mudeungsan_osm_hiking_path","source":"openStreetMap","sourceType":"hiking_paths","name":"","sourceIndex":"5260"},"geometry":{"type":"LineString","coordinates":[[126.9606551,35.1324612],[126.9605854,35.1323043]]}},{"type":"Feature","properties":{"slot":"mudeungsan_osm_hiking_path","source":"openStreetMap","sourceType":"hiking_paths","name":"","sourceIndex":"5261"},"geometry":{"type":"LineString","coordinates":[[126.9604238,35.1329117],[126.960462,35.1328165],[126.9604728,35.1326641],[126.9605743,35.1325622],[126.9606551,35.1324612],[126.9608534,35.1324379],[126.9611765,35.1324021],[126.96142,35.1324257],[126.9614826,35.1324469]]}},{"type":"Feature","properties":{"slot":"mudeungsan_osm_hiking_path","source":"openStreetMap","sourceType":"hiking_paths","name":"","sourceIndex":"5262"},"geometry":{"type":"LineString","coordinates":[[126.9595397,35.1328441],[126.9595239,35.1328341]]}},{"type":"Feature","properties":{"slot":"mudeungsan_osm_hiking_path","source":"openStreetMap","sourceType":"hiking_paths","name":"","sourceIndex":"5263"},"geometry":{"type":"LineString","coordinates":[[126.9460903,35.1179398],[126.946064,35.1179261]]}},{"type":"Feature","properties":{"slot":"mudeungsan_osm_hiking_path","source":"openStreetMap","sourceType":"hiking_paths","name":"","sourceIndex":"5264"},"geometry":{"type":"LineString","coordinates":[[126.9461746,35.1179839],[126.9460903,35.1179398]]}},{"type":"Feature","properties":{"slot":"mudeungsan_osm_hiking_path","source":"openStreetMap","sourceType":"hiking_paths","name":"","sourceIndex":"5265"},"geometry":{"type":"LineString","coordinates":[[126.9462033,35.117999],[126.9461746,35.1179839]]}},{"type":"Feature","properties":{"slot":"mudeungsan_osm_hiking_path","source":"openStreetMap","sourceType":"hiking_paths","name":"","sourceIndex":"5266"},"geometry":{"type":"LineString","coordinates":[[126.9533756,35.1134209],[126.9534404,35.1133951]]}},{"type":"Feature","properties":{"slot":"mudeungsan_osm_hiking_path","source":"openStreetMap","sourceType":"hiking_paths","name":"","sourceIndex":"5267"},"geometry":{"type":"LineString","coordinates":[[126.9497568,35.1149184],[126.9501288,35.1148514],[126.9502703,35.1147873],[126.9504292,35.1146847],[126.9506593,35.1144379],[126.9511273,35.1140808],[126.9512701,35.1139173],[126.9514512,35.1137912],[126.9520073,35.1135388],[126.9520553,35.1135257],[126.9525214,35.1135394],[126.9527131,35.1135756],[126.9528795,35.1135368],[126.9533756,35.1134209]]}},{"type":"Feature","properties":{"slot":"mudeungsan_osm_hiking_path","source":"openStreetMap","sourceType":"hiking_paths","name":"","sourceIndex":"5268"},"geometry":{"type":"LineString","coordinates":[[126.9562751,35.1127901],[126.9561329,35.1127342],[126.9559358,35.1127276],[126.9555415,35.1127616],[126.9546577,35.1127737],[126.9544807,35.1128077],[126.9541803,35.1129119],[126.9540408,35.112936],[126.95366,35.1128998],[126.9535299,35.1128669],[126.9533166,35.1131126]]}},{"type":"Feature","properties":{"slot":"mudeungsan_osm_hiking_path","source":"openStreetMap","sourceType":"hiking_paths","name":"","sourceIndex":"5269"},"geometry":{"type":"LineString","coordinates":[[126.9563408,35.1128548],[126.9562751,35.1127901]]}},{"type":"Feature","properties":{"slot":"mudeungsan_osm_hiking_path","source":"openStreetMap","sourceType":"hiking_paths","name":"","sourceIndex":"5270"},"geometry":{"type":"LineString","coordinates":[[126.9538128,35.113591],[126.9537686,35.1136217],[126.9534829,35.1137171],[126.9522813,35.1140561],[126.9516644,35.1143962],[126.9511963,35.1145596],[126.9504373,35.1150478],[126.9496675,35.1156051]]}},{"type":"Feature","properties":{"slot":"mudeungsan_osm_hiking_path","source":"openStreetMap","sourceType":"hiking_paths","name":"","sourceIndex":"5271"},"geometry":{"type":"LineString","coordinates":[[126.9496923,35.1149732],[126.9497568,35.1149184]]}},{"type":"Feature","properties":{"slot":"mudeungsan_osm_hiking_path","source":"openStreetMap","sourceType":"hiking_paths","name":"","sourceIndex":"5272"},"geometry":{"type":"LineString","coordinates":[[126.9491076,35.1152919],[126.9491722,35.115307],[126.9492459,35.1152808],[126.949366,35.1152047],[126.9495996,35.1150123],[126.9496923,35.1149732]]}},{"type":"Feature","properties":{"slot":"mudeungsan_osm_hiking_path","source":"openStreetMap","sourceType":"hiking_paths","name":"","sourceIndex":"5273"},"geometry":{"type":"LineString","coordinates":[[126.9490481,35.1152619],[126.9491076,35.1152919]]}},{"type":"Feature","properties":{"slot":"mudeungsan_osm_hiking_path","source":"openStreetMap","sourceType":"hiking_paths","name":"","sourceIndex":"5274"},"geometry":{"type":"LineString","coordinates":[[126.9484565,35.1151246],[126.9484404,35.1150621],[126.9484538,35.1150336],[126.9486684,35.1150807],[126.9490238,35.1151773],[126.9490481,35.1152619]]}},{"type":"Feature","properties":{"slot":"mudeungsan_osm_hiking_path","source":"openStreetMap","sourceType":"hiking_paths","name":"","sourceIndex":"5275"},"geometry":{"type":"LineString","coordinates":[[126.9470609,35.1174057],[126.9470443,35.1173771],[126.9471877,35.1172417],[126.9477259,35.1168561],[126.9479375,35.1166034],[126.9481638,35.1163747],[126.9483763,35.1160935]]}},{"type":"Feature","properties":{"slot":"mudeungsan_osm_hiking_path","source":"openStreetMap","sourceType":"hiking_paths","name":"","sourceIndex":"5284"},"geometry":{"type":"LineString","coordinates":[[126.9533166,35.1131126],[126.9529277,35.1134769],[126.9528795,35.1135368]]}},{"type":"Feature","properties":{"slot":"mudeungsan_osm_hiking_path","source":"openStreetMap","sourceType":"hiking_paths","name":"","sourceIndex":"5306"},"geometry":{"type":"LineString","coordinates":[[126.931744,35.1221113],[126.9317362,35.122097]]}},{"type":"Feature","properties":{"slot":"mudeungsan_osm_hiking_path","source":"openStreetMap","sourceType":"hiking_paths","name":"","sourceIndex":"5307"},"geometry":{"type":"LineString","coordinates":[[126.9318062,35.1222264],[126.931744,35.1221113]]}},{"type":"Feature","properties":{"slot":"mudeungsan_osm_hiking_path","source":"openStreetMap","sourceType":"hiking_paths","name":"","sourceIndex":"5308"},"geometry":{"type":"LineString","coordinates":[[126.9318614,35.1222721],[126.9318189,35.1222427],[126.9318062,35.1222264]]}},{"type":"Feature","properties":{"slot":"mudeungsan_osm_hiking_path","source":"openStreetMap","sourceType":"hiking_paths","name":"","sourceIndex":"5333"},"geometry":{"type":"LineString","coordinates":[[127.0162721,35.168327],[127.0161554,35.1685726],[127.016075,35.1688379],[127.0160454,35.1690527],[127.0160052,35.1693816],[127.0160079,35.1696491],[127.0160776,35.1699188],[127.0161581,35.1701841],[127.0162091,35.1703595],[127.0165417,35.1710962],[127.016724,35.1714053],[127.016767,35.1714887],[127.0167509,35.1717364],[127.0166597,35.1720785],[127.0164371,35.172381],[127.0163137,35.1728546],[127.0161071,35.1731133],[127.0160615,35.1731703],[127.0158872,35.1735671],[127.0156807,35.173839],[127.0156485,35.1739728],[127.0156297,35.1742315],[127.0156807,35.1743542],[127.015737,35.1744814],[127.0157182,35.1747489],[127.01569,35.1748936],[127.0157437,35.1750745]]}},{"type":"Feature","properties":{"slot":"mudeungsan_osm_hiking_path","source":"openStreetMap","sourceType":"hiking_paths","name":"","sourceIndex":"5334"},"geometry":{"type":"LineString","coordinates":[[127.0083421,35.1542098],[127.0083582,35.1540716],[127.0084052,35.1539356],[127.0083998,35.1537953],[127.0083891,35.1536144],[127.00844,35.1535047],[127.0085701,35.1532328],[127.0085929,35.1531122],[127.0087016,35.1524828],[127.0087351,35.1521681],[127.0087284,35.151929],[127.008719,35.1517832],[127.0086372,35.1514608],[127.0085688,35.1513029],[127.0085326,35.1512108],[127.0085178,35.151088],[127.0085607,35.1509268],[127.0086466,35.1506614],[127.0087324,35.1503336],[127.0088196,35.1499728],[127.008841,35.1498894],[127.0088518,35.1497491],[127.0089081,35.1495473],[127.0091549,35.1490977],[127.0092112,35.1489705],[127.0093185,35.148749],[127.0094016,35.1486109],[127.009466,35.148499],[127.0096511,35.1483718],[127.0098227,35.1482468],[127.0099434,35.148181]]}},{"type":"Feature","properties":{"slot":"mudeungsan_osm_hiking_path","source":"openStreetMap","sourceType":"hiking_paths","name":"","sourceIndex":"5335"},"geometry":{"type":"LineString","coordinates":[[127.0070143,35.1378646],[127.0068133,35.1381072],[127.0066309,35.1383178],[127.0065182,35.1385635],[127.0063734,35.138796],[127.0062768,35.1389144],[127.0059174,35.1390943],[127.0057082,35.1390811],[127.0054561,35.1390636],[127.0053112,35.139103],[127.0050377,35.139068],[127.0046315,35.139105]]}},{"type":"Feature","properties":{"slot":"mudeungsan_osm_hiking_path","source":"openStreetMap","sourceType":"hiking_paths","name":"","sourceIndex":"5357"},"geometry":{"type":"LineString","coordinates":[[127.0021587,35.1660256],[127.0021959,35.16596],[127.0022213,35.1658263],[127.002338,35.1655007],[127.0023796,35.165436],[127.0024563,35.1653918],[127.0026708,35.1652953],[127.0027137,35.1652602],[127.0028532,35.1650848],[127.0030356,35.1649313],[127.0031159,35.1648176],[127.0032527,35.1643056],[127.0032044,35.1642366],[127.0029,35.1635382],[127.0028167,35.1634702],[127.0026747,35.1634592],[127.0025244,35.1634559],[127.0023609,35.163331],[127.002334,35.1632487],[127.0023622,35.1631161],[127.0023863,35.1630174],[127.0024279,35.1629308],[127.0025647,35.1628244],[127.002735,35.1627324],[127.002967,35.162512],[127.0031226,35.1623892],[127.0031561,35.1622861],[127.0031829,35.1622192],[127.0031628,35.1621403],[127.0030434,35.1621206]]}},{"type":"Feature","properties":{"slot":"mudeungsan_osm_hiking_path","source":"openStreetMap","sourceType":"hiking_paths","name":"","sourceIndex":"5358"},"geometry":{"type":"LineString","coordinates":[[127.0021587,35.1660256],[127.0020591,35.1661223],[127.0019987,35.1662089],[127.0018072,35.166372],[127.0016999,35.1665343],[127.0016114,35.1667887],[127.0015953,35.1670607],[127.0015658,35.1672142],[127.0014853,35.1672843],[127.0012547,35.1673457],[127.0010401,35.1674335],[127.0009661,35.1674741],[127.000898,35.1675408],[127.0008176,35.1676308],[127.0007059,35.167826],[127.0007046,35.1678819],[127.0007743,35.1679718],[127.0007971,35.1680178],[127.0008038,35.168065],[127.0007086,35.168225],[127.0004497,35.1684859],[127.0004377,35.1685506],[127.0004873,35.1687666],[127.0004123,35.1689199],[127.0004041,35.1689365]]}},{"type":"Feature","properties":{"slot":"mudeungsan_osm_hiking_path","source":"openStreetMap","sourceType":"hiking_paths","name":"","sourceIndex":"5359"},"geometry":{"type":"LineString","coordinates":[[127.0093705,35.156751],[127.0091549,35.1568325],[127.0088088,35.1569751],[127.0086372,35.1570562],[127.0085514,35.1571264],[127.0082241,35.1574071],[127.0081356,35.1574926],[127.0080659,35.1575255],[127.0076287,35.1577075],[127.0075187,35.1577404],[127.0071834,35.1579904],[127.0070815,35.1580825],[127.0070305,35.1581285],[127.007052,35.1582162],[127.0071164,35.158339],[127.0070815,35.1584048],[127.0069125,35.1586965],[127.0067409,35.1589421],[127.0066631,35.1590386],[127.0063466,35.1593521],[127.0056599,35.1600012],[127.0054829,35.1600933],[127.005322,35.1601832],[127.0052442,35.1602402],[127.004984,35.1604683],[127.0049196,35.16051],[127.0046675,35.1605867],[127.0045495,35.1606284],[127.0042652,35.1608257],[127.0041686,35.1609025],[127.0041177,35.16092],[127.0039353,35.1609134],[127.0037797,35.1609112],[127.0037663,35.1609463],[127.0038012,35.1609705],[127.0040265,35.1610319],[127.0041391,35.1611218],[127.0041981,35.1612182],[127.0041552,35.1612731],[127.0040828,35.1613542],[127.0038629,35.1615055],[127.0037502,35.161727],[127.0036483,35.1619199],[127.0035839,35.1620011],[127.0035169,35.1620822],[127.0033613,35.1622423],[127.0031561,35.1622861]]}},{"type":"Feature","properties":{"slot":"mudeungsan_osm_hiking_path","source":"openStreetMap","sourceType":"hiking_paths","name":"","sourceIndex":"5432"},"geometry":{"type":"LineString","coordinates":[[127.0237689,35.1596559],[127.023541,35.1597056],[127.0233191,35.1597006],[127.0232359,35.1596855],[127.0231527,35.1595218],[127.0229001,35.1593757],[127.0227152,35.1591993],[127.0225119,35.1589651],[127.0223794,35.1587661],[127.02229,35.1585595],[127.0222284,35.1583429],[127.0222038,35.1582295],[127.0221783,35.1582226]]}},{"type":"Feature","properties":{"slot":"mudeungsan_osm_hiking_path","source":"openStreetMap","sourceType":"hiking_paths","name":"","sourceIndex":"5433"},"geometry":{"type":"LineString","coordinates":[[127.0220836,35.1581968],[127.0220929,35.1580381],[127.0221175,35.1577837],[127.0221083,35.1575671],[127.0220158,35.1575393],[127.0218063,35.1575595],[127.0216769,35.1575343],[127.0216181,35.1574518],[127.0216228,35.1573143],[127.0215831,35.1571979],[127.021506,35.1571119],[127.0214243,35.1570318],[127.0213543,35.1569382],[127.0213543,35.1568943],[127.0213216,35.1566137]]}},{"type":"Feature","properties":{"slot":"mudeungsan_osm_hiking_path","source":"openStreetMap","sourceType":"hiking_paths","name":"","sourceIndex":"5434"},"geometry":{"type":"LineString","coordinates":[[127.0221783,35.1582226],[127.0220836,35.1581968]]}},{"type":"Feature","properties":{"slot":"mudeungsan_osm_hiking_path","source":"openStreetMap","sourceType":"hiking_paths","name":"","sourceIndex":"5435"},"geometry":{"type":"LineString","coordinates":[[127.0245011,35.1608509],[127.0243201,35.1608466],[127.0241404,35.1609891],[127.0239352,35.1611075],[127.0238614,35.1612731],[127.0238078,35.1613443],[127.0237045,35.1613619],[127.0235234,35.1613301],[127.0232673,35.1612599],[127.0231929,35.1613148],[127.0230715,35.1614452],[127.0230192,35.1614803],[127.0228637,35.1614656]]}},{"type":"Feature","properties":{"slot":"mudeungsan_osm_hiking_path","source":"openStreetMap","sourceType":"hiking_paths","name":"","sourceIndex":"5436"},"geometry":{"type":"LineString","coordinates":[[127.0250448,35.1608247],[127.0248928,35.1608566],[127.0246674,35.1608652],[127.0245923,35.1608597]]}},{"type":"Feature","properties":{"slot":"mudeungsan_osm_hiking_path","source":"openStreetMap","sourceType":"hiking_paths","name":"","sourceIndex":"5437"},"geometry":{"type":"LineString","coordinates":[[127.0245923,35.1608597],[127.0245011,35.1608509]]}},{"type":"Feature","properties":{"slot":"mudeungsan_osm_hiking_path","source":"openStreetMap","sourceType":"hiking_paths","name":"","sourceIndex":"5438"},"geometry":{"type":"LineString","coordinates":[[127.0253773,35.1618113],[127.0253551,35.1618416],[127.0252851,35.1618913],[127.025201,35.1619905],[127.0250586,35.1620841],[127.0248765,35.16217],[127.0246803,35.1622215],[127.0246822,35.1622686],[127.0247063,35.1623113]]}},{"type":"Feature","properties":{"slot":"mudeungsan_osm_hiking_path","source":"openStreetMap","sourceType":"hiking_paths","name":"","sourceIndex":"5439"},"geometry":{"type":"LineString","coordinates":[[127.0260904,35.1614945],[127.0256704,35.1616221],[127.025398,35.1616962],[127.0253782,35.1617234]]}},{"type":"Feature","properties":{"slot":"mudeungsan_osm_hiking_path","source":"openStreetMap","sourceType":"hiking_paths","name":"","sourceIndex":"5440"},"geometry":{"type":"LineString","coordinates":[[127.0253782,35.1617234],[127.0253773,35.1618113]]}},{"type":"Feature","properties":{"slot":"mudeungsan_osm_hiking_path","source":"openStreetMap","sourceType":"hiking_paths","name":"","sourceIndex":"5441"},"geometry":{"type":"LineString","coordinates":[[127.0293046,35.1628555],[127.0291962,35.1628997],[127.0290649,35.1629681],[127.0289025,35.162982],[127.0287161,35.16296],[127.0284975,35.1629502],[127.0284412,35.1629315],[127.0283581,35.1628658],[127.0282937,35.1627342],[127.0282239,35.1626673],[127.0280764,35.1626816],[127.027827,35.162698]]}},{"type":"Feature","properties":{"slot":"mudeungsan_osm_hiking_path","source":"openStreetMap","sourceType":"hiking_paths","name":"","sourceIndex":"5442"},"geometry":{"type":"LineString","coordinates":[[127.0270158,35.1618043],[127.0270975,35.1617563],[127.0272316,35.1617168],[127.0273563,35.1616916],[127.0274072,35.1616762],[127.0274394,35.1616367],[127.0274408,35.1615611],[127.0274515,35.1614504],[127.0275132,35.1613747],[127.0275453,35.1613376],[127.0275776,35.1613002],[127.0275977,35.1611971],[127.0276419,35.1610896],[127.027886,35.1610129],[127.0280027,35.1608298],[127.0280845,35.1607103],[127.0282347,35.1606292],[127.0284412,35.1605601],[127.0287256,35.1605195],[127.0289428,35.1605184],[127.029211,35.1605195]]}},{"type":"Feature","properties":{"slot":"mudeungsan_osm_hiking_path","source":"openStreetMap","sourceType":"hiking_paths","name":"","sourceIndex":"5443"},"geometry":{"type":"LineString","coordinates":[[127.0285968,35.1620095],[127.0289629,35.1617902],[127.0289133,35.161708],[127.028845,35.1616009],[127.0288785,35.1615351],[127.0290099,35.1614814],[127.0290595,35.1614507],[127.029022,35.1612818]]}},{"type":"Feature","properties":{"slot":"mudeungsan_osm_hiking_path","source":"openStreetMap","sourceType":"hiking_paths","name":"","sourceIndex":"5444"},"geometry":{"type":"LineString","coordinates":[[127.0335549,35.1640853],[127.0334825,35.1641138],[127.0331365,35.1641565],[127.0328321,35.1641653],[127.0324263,35.164211],[127.0321178,35.1643481],[127.0318147,35.1644566],[127.0312877,35.1647109],[127.0309189,35.1649971],[127.030762,35.1650826],[127.0305568,35.1652635],[127.0304495,35.1653501],[127.0301974,35.1655672],[127.0300351,35.1657064],[127.0299586,35.1657634],[127.0298661,35.1657558],[127.0297564,35.1657129],[127.0295926,35.1656598]]}},{"type":"Feature","properties":{"slot":"mudeungsan_osm_hiking_path","source":"openStreetMap","sourceType":"hiking_paths","name":"","sourceIndex":"5516"},"geometry":{"type":"LineString","coordinates":[[126.9302131,35.1060096],[126.9302335,35.1060562]]}},{"type":"Feature","properties":{"slot":"mudeungsan_osm_hiking_path","source":"openStreetMap","sourceType":"hiking_paths","name":"","sourceIndex":"5517"},"geometry":{"type":"LineString","coordinates":[[126.9302008,35.1059803],[126.9302131,35.1060096]]}},{"type":"Feature","properties":{"slot":"mudeungsan_osm_hiking_path","source":"openStreetMap","sourceType":"hiking_paths","name":"","sourceIndex":"5518"},"geometry":{"type":"LineString","coordinates":[[126.9304045,35.1061295],[126.9299953,35.1066075],[126.9298372,35.1066913],[126.9292557,35.1071981],[126.9292367,35.1073235],[126.929293,35.1073507],[126.9294131,35.1073996],[126.9295067,35.107409],[126.9296038,35.1073774],[126.9296234,35.107353]]}},{"type":"Feature","properties":{"slot":"mudeungsan_osm_hiking_path","source":"openStreetMap","sourceType":"hiking_paths","name":"","sourceIndex":"5519"},"geometry":{"type":"LineString","coordinates":[[126.9302335,35.1060562],[126.9304045,35.1061295],[126.9305252,35.1061728],[126.9306562,35.1061861]]}},{"type":"Feature","properties":{"slot":"mudeungsan_osm_hiking_path","source":"openStreetMap","sourceType":"hiking_paths","name":"","sourceIndex":"5523"},"geometry":{"type":"LineString","coordinates":[[126.9338595,35.1076739],[126.9337673,35.1076383],[126.9335923,35.1076094],[126.933462,35.107535],[126.933025,35.1071687],[126.9328567,35.1071098],[126.9324781,35.1070521],[126.9318498,35.1068634],[126.9317331,35.1068545],[126.931406,35.1067368]]}},{"type":"Feature","properties":{"slot":"mudeungsan_osm_hiking_path","source":"openStreetMap","sourceType":"hiking_paths","name":"","sourceIndex":"5524"},"geometry":{"type":"LineString","coordinates":[[126.93228,35.107706],[126.9322895,35.1077826],[126.9324632,35.107978],[126.9326776,35.1080946],[126.9328866,35.1083133],[126.9331879,35.1085054],[126.9332679,35.1086819],[126.9333005,35.1086741],[126.9333534,35.1086164],[126.9333656,35.1085176],[126.933424,35.1083999],[126.9336018,35.108129],[126.9337958,35.1077016],[126.9338595,35.1076739]]}},{"type":"Feature","properties":{"slot":"mudeungsan_osm_hiking_path","source":"openStreetMap","sourceType":"hiking_paths","name":"","sourceIndex":"5526"},"geometry":{"type":"LineString","coordinates":[[126.9351598,35.1037175],[126.9353342,35.1037639],[126.9353894,35.1038624],[126.9355454,35.10391],[126.9355964,35.1039436],[126.9357835,35.1040016],[126.9359508,35.1040306],[126.9361535,35.1039738],[126.9362107,35.1039967]]}},{"type":"Feature","properties":{"slot":"mudeungsan_osm_hiking_path","source":"openStreetMap","sourceType":"hiking_paths","name":"","sourceIndex":"5527"},"geometry":{"type":"LineString","coordinates":[[126.9357487,35.1043819],[126.9352335,35.1041895],[126.9351385,35.1041269],[126.9351116,35.1040689],[126.9351201,35.1039587],[126.9351598,35.1037175],[126.93513,35.1035957],[126.9351456,35.103518],[126.9350308,35.1031829],[126.9350762,35.1030588]]}},{"type":"Feature","properties":{"slot":"mudeungsan_osm_hiking_path","source":"openStreetMap","sourceType":"hiking_paths","name":"","sourceIndex":"5528"},"geometry":{"type":"LineString","coordinates":[[126.9385787,35.109663],[126.9383119,35.1092064]]}},{"type":"Feature","properties":{"slot":"mudeungsan_osm_hiking_path","source":"openStreetMap","sourceType":"hiking_paths","name":"","sourceIndex":"5533"},"geometry":{"type":"LineString","coordinates":[[126.941063,35.1456172],[126.9411877,35.1455031],[126.9412105,35.1454428],[126.9412091,35.145411]]}},{"type":"Feature","properties":{"slot":"mudeungsan_osm_hiking_path","source":"openStreetMap","sourceType":"hiking_paths","name":"","sourceIndex":"5534"},"geometry":{"type":"LineString","coordinates":[[126.9491431,35.1004616],[126.9491552,35.1004111]]}},{"type":"Feature","properties":{"slot":"mudeungsan_osm_hiking_path","source":"openStreetMap","sourceType":"hiking_paths","name":"","sourceIndex":"5535"},"geometry":{"type":"LineString","coordinates":[[126.9491351,35.1005307],[126.9491431,35.1004616]]}},{"type":"Feature","properties":{"slot":"mudeungsan_osm_hiking_path","source":"openStreetMap","sourceType":"hiking_paths","name":"","sourceIndex":"5536"},"geometry":{"type":"LineString","coordinates":[[126.9514119,35.0999664],[126.9515061,35.0999854],[126.951596,35.099936],[126.9517099,35.0998845],[126.9518669,35.0998066],[126.9520708,35.099778],[126.9522357,35.0994676],[126.9524436,35.0993413],[126.9524355,35.0991899],[126.9524959,35.0991219],[126.9526984,35.0990473],[126.9528888,35.0990155]]}},{"type":"Feature","properties":{"slot":"mudeungsan_osm_hiking_path","source":"openStreetMap","sourceType":"hiking_paths","name":"","sourceIndex":"5537"},"geometry":{"type":"LineString","coordinates":[[126.9513727,35.0999585],[126.9514119,35.0999664]]}},{"type":"Feature","properties":{"slot":"mudeungsan_osm_hiking_path","source":"openStreetMap","sourceType":"hiking_paths","name":"","sourceIndex":"5538"},"geometry":{"type":"LineString","coordinates":[[126.9405672,35.1019373],[126.9406968,35.1018435],[126.9408356,35.101775],[126.9408088,35.1017223],[126.9400947,35.1019264],[126.9400961,35.1020624]]}},{"type":"Feature","properties":{"slot":"mudeungsan_osm_hiking_path","source":"openStreetMap","sourceType":"hiking_paths","name":"","sourceIndex":"5539"},"geometry":{"type":"LineString","coordinates":[[126.9460465,35.1033099],[126.9458279,35.1032693],[126.945553,35.103186],[126.9453531,35.1032463],[126.9451895,35.1032671],[126.9440107,35.1032233],[126.943548,35.1032024],[126.9432971,35.1032133],[126.9430988,35.1032452]]}},{"type":"Feature","properties":{"slot":"mudeungsan_osm_hiking_path","source":"openStreetMap","sourceType":"hiking_paths","name":"","sourceIndex":"5540"},"geometry":{"type":"LineString","coordinates":[[126.948038,35.1036468],[126.947688,35.1036128],[126.9474077,35.1035765],[126.9471449,35.1035557],[126.9464891,35.1034076],[126.9460465,35.1033099]]}},{"type":"Feature","properties":{"slot":"mudeungsan_osm_hiking_path","source":"openStreetMap","sourceType":"hiking_paths","name":"","sourceIndex":"5541"},"geometry":{"type":"LineString","coordinates":[[126.9405098,35.0967447],[126.9403627,35.0967186]]}},{"type":"Feature","properties":{"slot":"mudeungsan_osm_hiking_path","source":"openStreetMap","sourceType":"hiking_paths","name":"","sourceIndex":"5542"},"geometry":{"type":"LineString","coordinates":[[126.9377592,35.1056342],[126.9378373,35.1056064],[126.9380397,35.1054355],[126.9388362,35.1041644],[126.9390712,35.1038375],[126.9392293,35.103505],[126.9394202,35.1030269],[126.9396013,35.1024542],[126.9398141,35.1021658],[126.9398487,35.102075],[126.9398663,35.101996],[126.9397658,35.1018261],[126.9397436,35.1016851],[126.939818,35.1007633],[126.940053,35.0990872],[126.9402463,35.0978759],[126.9403323,35.0974598],[126.9405098,35.0967447],[126.9405981,35.0965183],[126.9406926,35.0962763],[126.9407539,35.0960198],[126.9407826,35.0957545]]}},{"type":"Feature","properties":{"slot":"mudeungsan_osm_hiking_path","source":"openStreetMap","sourceType":"hiking_paths","name":"","sourceIndex":"5543"},"geometry":{"type":"LineString","coordinates":[[126.9405981,35.0965183],[126.9407736,35.0965244],[126.9411568,35.0964609],[126.9414792,35.0964298],[126.9416024,35.096436],[126.9419081,35.0965343],[126.9420556,35.0964709],[126.9422016,35.0963576],[126.9422655,35.0963265],[126.9425468,35.0963377],[126.9427658,35.0963352],[126.9429787,35.0964161],[126.9433711,35.0964373]]}},{"type":"Feature","properties":{"slot":"mudeungsan_osm_hiking_path","source":"openStreetMap","sourceType":"hiking_paths","name":"남계길","sourceIndex":"5544"},"geometry":{"type":"LineString","coordinates":[[126.9377108,35.0926832],[126.9374918,35.092621],[126.9372519,35.0926022],[126.9369762,35.0925239],[126.9364744,35.0925028],[126.9362006,35.0925314],[126.9360029,35.0924517],[126.9358539,35.0923086],[126.935571,35.0922079],[126.9354722,35.0921319],[126.9353657,35.092076]]}},{"type":"Feature","properties":{"slot":"mudeungsan_osm_hiking_path","source":"openStreetMap","sourceType":"hiking_paths","name":"남계길","sourceIndex":"5545"},"geometry":{"type":"LineString","coordinates":[[126.9381989,35.0926558],[126.9377108,35.0926832],[126.9375906,35.0927404],[126.93758,35.0927914],[126.9376117,35.0929329],[126.9376499,35.0929831],[126.9378416,35.0929893],[126.9380058,35.0930229],[126.9380605,35.093059],[126.9380758,35.0931486],[126.9381016,35.0932021],[126.9381366,35.0932257]]}},{"type":"Feature","properties":{"slot":"mudeungsan_osm_hiking_path","source":"openStreetMap","sourceType":"hiking_paths","name":"","sourceIndex":"5546"},"geometry":{"type":"LineString","coordinates":[[126.941001,35.0895944],[126.9409309,35.0895907],[126.9408733,35.0897026],[126.9408065,35.0898184],[126.9407941,35.089915],[126.9408221,35.0900053],[126.9408174,35.0901096],[126.9407646,35.0902292]]}},{"type":"Feature","properties":{"slot":"mudeungsan_osm_hiking_path","source":"openStreetMap","sourceType":"hiking_paths","name":"","sourceIndex":"5547"},"geometry":{"type":"LineString","coordinates":[[126.9395106,35.091799],[126.9394557,35.091804]]}},{"type":"Feature","properties":{"slot":"mudeungsan_osm_hiking_path","source":"openStreetMap","sourceType":"hiking_paths","name":"","sourceIndex":"5548"},"geometry":{"type":"LineString","coordinates":[[126.939344,35.0920834],[126.9392973,35.0920713]]}},{"type":"Feature","properties":{"slot":"mudeungsan_osm_hiking_path","source":"openStreetMap","sourceType":"hiking_paths","name":"","sourceIndex":"5549"},"geometry":{"type":"LineString","coordinates":[[126.9397106,35.0923056],[126.9396494,35.0922283],[126.9393989,35.0920012],[126.9393643,35.0919733],[126.9392182,35.0918793]]}},{"type":"Feature","properties":{"slot":"mudeungsan_osm_hiking_path","source":"openStreetMap","sourceType":"hiking_paths","name":"","sourceIndex":"5550"},"geometry":{"type":"LineString","coordinates":[[126.9394566,35.0922309],[126.9393875,35.0922239],[126.9393276,35.0921762],[126.9392903,35.0921209],[126.9392973,35.0920713],[126.9393643,35.0919733],[126.9394349,35.0918729],[126.9394557,35.091804],[126.9394652,35.0917724],[126.939459,35.0916955],[126.939438,35.0916459],[126.9393377,35.0915352]]}},{"type":"Feature","properties":{"slot":"mudeungsan_osm_hiking_path","source":"openStreetMap","sourceType":"hiking_paths","name":"","sourceIndex":"5551"},"geometry":{"type":"LineString","coordinates":[[126.9396494,35.0922283],[126.939574,35.0922411],[126.9394566,35.0922309],[126.9393649,35.0921762],[126.9393377,35.092133],[126.939344,35.0920834],[126.9393989,35.0920012],[126.9394543,35.0919301],[126.9394978,35.091843],[126.9395106,35.091799],[126.9395196,35.091768],[126.9394123,35.0915848],[126.9393377,35.0915352],[126.9392328,35.0915041]]}},{"type":"Feature","properties":{"slot":"mudeungsan_osm_hiking_path","source":"openStreetMap","sourceType":"hiking_paths","name":"","sourceIndex":"5552"},"geometry":{"type":"LineString","coordinates":[[126.9410684,35.090401],[126.94092,35.0903958],[126.9407754,35.0903462],[126.9406542,35.0903207]]}},{"type":"Feature","properties":{"slot":"mudeungsan_osm_hiking_path","source":"openStreetMap","sourceType":"hiking_paths","name":"","sourceIndex":"5553"},"geometry":{"type":"LineString","coordinates":[[126.9388064,35.0863163],[126.9388419,35.0864105]]}},{"type":"Feature","properties":{"slot":"mudeungsan_osm_hiking_path","source":"openStreetMap","sourceType":"hiking_paths","name":"","sourceIndex":"5554"},"geometry":{"type":"LineString","coordinates":[[126.9388335,35.0862573],[126.9388064,35.0863163]]}},{"type":"Feature","properties":{"slot":"mudeungsan_osm_hiking_path","source":"openStreetMap","sourceType":"hiking_paths","name":"","sourceIndex":"5555"},"geometry":{"type":"LineString","coordinates":[[126.9397981,35.0849514],[126.9398393,35.0849324]]}},{"type":"Feature","properties":{"slot":"mudeungsan_osm_hiking_path","source":"openStreetMap","sourceType":"hiking_paths","name":"","sourceIndex":"5556"},"geometry":{"type":"LineString","coordinates":[[126.9397348,35.0849807],[126.9397981,35.0849514]]}},{"type":"Feature","properties":{"slot":"mudeungsan_osm_hiking_path","source":"openStreetMap","sourceType":"hiking_paths","name":"","sourceIndex":"5557"},"geometry":{"type":"LineString","coordinates":[[126.9396307,35.0851255],[126.9396631,35.0850895],[126.9396789,35.0850014],[126.9397348,35.0849807]]}},{"type":"Feature","properties":{"slot":"mudeungsan_osm_hiking_path","source":"openStreetMap","sourceType":"hiking_paths","name":"","sourceIndex":"5558"},"geometry":{"type":"LineString","coordinates":[[126.9316744,35.0845082],[126.9317951,35.084474],[126.9318539,35.0843939],[126.9318876,35.0843066],[126.9319638,35.0842406],[126.9319725,35.0841533],[126.9320825,35.0840295],[126.9322349,35.0840607],[126.9323764,35.0840527]]}},{"type":"Feature","properties":{"slot":"mudeungsan_osm_hiking_path","source":"openStreetMap","sourceType":"hiking_paths","name":"육판서길","sourceIndex":"5562"},"geometry":{"type":"LineString","coordinates":[[126.9316391,35.0894958],[126.9317222,35.0893602],[126.9317946,35.0892999],[126.9316677,35.0891393],[126.9314866,35.0889101],[126.9313854,35.0888648]]}},{"type":"Feature","properties":{"slot":"mudeungsan_osm_hiking_path","source":"openStreetMap","sourceType":"hiking_paths","name":"","sourceIndex":"5563"},"geometry":{"type":"LineString","coordinates":[[126.9925159,35.1041314],[126.992289,35.1040375],[126.9920959,35.1040452],[126.9920263,35.1041855]]}},{"type":"Feature","properties":{"slot":"mudeungsan_osm_hiking_path","source":"openStreetMap","sourceType":"hiking_paths","name":"","sourceIndex":"5585"},"geometry":{"type":"LineString","coordinates":[[126.9412172,35.1587272],[126.9410938,35.1584158],[126.9410294,35.1582228],[126.9409221,35.1581176],[126.9409098,35.1578523]]}},{"type":"Feature","properties":{"slot":"mudeungsan_osm_hiking_path","source":"openStreetMap","sourceType":"hiking_paths","name":"","sourceIndex":"5586"},"geometry":{"type":"LineString","coordinates":[[126.9579864,35.1452005],[126.9579139,35.1452016],[126.9578361,35.1451665],[126.9576859,35.1450393],[126.9576082,35.1450042],[126.9575143,35.1450283],[126.9574553,35.1450897],[126.9573265,35.1451226],[126.9571884,35.1451237],[126.9570677,35.1450656],[126.9567995,35.1448364],[126.9567056,35.1447958],[126.9563797,35.1448068],[126.9560525,35.1445721],[126.955909,35.1444515],[126.955858,35.1443802],[126.9557212,35.1443484],[126.9555764,35.1442464],[126.9550949,35.1441652],[126.9546939,35.1441247],[126.9543774,35.1440545],[126.9540395,35.1439415],[126.9535741,35.1438659],[126.9533998,35.1438001],[126.9532916,35.1437002],[126.9532228,35.1436367],[126.9531423,35.143527],[126.953149,35.1434173]]}},{"type":"Feature","properties":{"slot":"mudeungsan_osm_hiking_path","source":"openStreetMap","sourceType":"hiking_paths","name":"","sourceIndex":"5587"},"geometry":{"type":"LineString","coordinates":[[126.9587508,35.1463409],[126.9583565,35.14658],[126.9581956,35.1466458],[126.9579408,35.146648],[126.9576994,35.1465668],[126.957529,35.146512],[126.9575143,35.1464363],[126.9575518,35.1463618],[126.9576524,35.1463354]]}},{"type":"Feature","properties":{"slot":"mudeungsan_osm_hiking_path","source":"openStreetMap","sourceType":"hiking_paths","name":"","sourceIndex":"5588"},"geometry":{"type":"LineString","coordinates":[[126.9576994,35.1465668],[126.9575438,35.1466853],[126.9573185,35.1467445],[126.9570261,35.1468256],[126.9561517,35.1470559],[126.9557333,35.1470537],[126.9552666,35.1471787],[126.9548643,35.1472621],[126.9546497,35.1472796],[126.9541562,35.1472884],[126.9538343,35.1472226],[126.9537443,35.1471454],[126.95355,35.1470559],[126.953491,35.1469375],[126.9532764,35.1469375],[126.9529974,35.1469901],[126.952799,35.1471085],[126.9526917,35.147148],[126.9525093,35.1470866],[126.952284,35.1469638],[126.9520801,35.1468498],[126.9518334,35.1467883],[126.9516081,35.1469813],[126.9514203,35.1471831],[126.9506693,35.1474112],[126.9504011,35.1474945],[126.9501436,35.1475998],[126.9499665,35.1479244],[126.950047,35.1484639],[126.9501218,35.1489817]]}},{"type":"Feature","properties":{"slot":"mudeungsan_osm_hiking_path","source":"openStreetMap","sourceType":"hiking_paths","name":"","sourceIndex":"5589"},"geometry":{"type":"LineString","coordinates":[[126.9689566,35.1509092],[126.9688748,35.1507162],[126.9688332,35.1505748],[126.9688359,35.1505035],[126.9688989,35.1504432],[126.9690478,35.1503303],[126.9691095,35.1502842],[126.969143,35.1501822],[126.9691537,35.149828],[126.9691604,35.1496537],[126.9691457,35.1495451],[126.9690719,35.1493653],[126.9690505,35.1492359],[126.9689982,35.1490802],[126.9689324,35.1490056],[126.9688211,35.1488773],[126.9687702,35.1487666],[126.9686991,35.1485955],[126.9686159,35.1483883],[126.9685744,35.1483356],[126.9684429,35.1482161],[126.9682391,35.148067],[126.9680366,35.1479189],[126.9679186,35.1477994],[126.9677945,35.1476618],[126.9676343,35.1474595],[126.9674063,35.1472292],[126.9672453,35.1471458],[126.9669905,35.1470559],[126.9668242,35.1469726],[126.9666821,35.1468585],[126.9665426,35.1468147],[126.9664299,35.1467642],[126.9661617,35.1466918],[126.9658774,35.1466765],[126.9657701,35.1466414],[126.9656628,35.1465186],[126.9655368,35.1463387],[126.9654161,35.14624],[126.9652149,35.1462071],[126.9646409,35.1462444],[126.9642144,35.1461786],[126.9634822,35.1463387],[126.9630396,35.1465252],[126.9628814,35.146591],[126.9625595,35.1468147],[126.9621652,35.1468552],[126.9620338,35.1468454],[126.9617589,35.146784],[126.9615765,35.1467774],[126.9613914,35.1469276],[126.9610374,35.1469989],[126.9608483,35.1471436],[126.9606028,35.1471612],[126.9604714,35.1471349],[126.9602367,35.147046],[126.9600222,35.1469945],[126.9596547,35.1468662],[126.9594119,35.1468026],[126.9587508,35.1463409],[126.9583297,35.1460865],[126.9582304,35.1459659],[126.95815,35.1456062],[126.9580266,35.1453649],[126.9579864,35.1452005],[126.9580051,35.145036],[126.9583404,35.1447552],[126.9584624,35.1444219]]}},{"type":"Feature","properties":{"slot":"mudeungsan_osm_hiking_path","source":"openStreetMap","sourceType":"hiking_paths","name":"","sourceIndex":"5590"},"geometry":{"type":"LineString","coordinates":[[126.9592443,35.1564685],[126.9591545,35.1564027],[126.9587535,35.1564137],[126.9586851,35.156372],[126.9584826,35.1563205],[126.9583029,35.1562163],[126.9582586,35.1561648],[126.9582707,35.1561023],[126.95839,35.1560157]]}},{"type":"Feature","properties":{"slot":"mudeungsan_osm_hiking_path","source":"openStreetMap","sourceType":"hiking_paths","name":"","sourceIndex":"5591"},"geometry":{"type":"LineString","coordinates":[[126.9627261,35.1563921],[126.9626601,35.1563402],[126.9626346,35.1562086],[126.9623584,35.155985],[126.9621518,35.155951],[126.961948,35.1558578],[126.9616127,35.1556308]]}},{"type":"Feature","properties":{"slot":"mudeungsan_osm_hiking_path","source":"openStreetMap","sourceType":"hiking_paths","name":"","sourceIndex":"5592"},"geometry":{"type":"LineString","coordinates":[[126.9673218,35.1537372],[126.9671796,35.1537448],[126.9670857,35.153781]]}},{"type":"Feature","properties":{"slot":"mudeungsan_osm_hiking_path","source":"openStreetMap","sourceType":"hiking_paths","name":"","sourceIndex":"5593"},"geometry":{"type":"LineString","coordinates":[[126.9674036,35.1543293],[126.9672936,35.1542108],[126.96724,35.1540727],[126.9673218,35.1537372],[126.9674049,35.1536747],[126.9678824,35.1533775],[126.9680795,35.1533172],[126.9683424,35.1531078],[126.9684792,35.1530376],[126.9686253,35.1528874],[126.9686294,35.1527075],[126.9685127,35.1523863],[126.9684362,35.1520935],[126.9684295,35.1519762]]}},{"type":"Feature","properties":{"slot":"mudeungsan_osm_hiking_path","source":"openStreetMap","sourceType":"hiking_paths","name":"","sourceIndex":"5594"},"geometry":{"type":"LineString","coordinates":[[126.9722342,35.1569937],[126.9720371,35.156804]]}},{"type":"Feature","properties":{"slot":"mudeungsan_osm_hiking_path","source":"openStreetMap","sourceType":"hiking_paths","name":"","sourceIndex":"5595"},"geometry":{"type":"LineString","coordinates":[[126.943198,35.091893],[126.9430599,35.092028],[126.9429512,35.0920707],[126.942852,35.0920598],[126.9428051,35.0919797],[126.9427045,35.091916],[126.9425723,35.0919187]]}},{"type":"Feature","properties":{"slot":"mudeungsan_osm_hiking_path","source":"openStreetMap","sourceType":"hiking_paths","name":"","sourceIndex":"5596"},"geometry":{"type":"LineString","coordinates":[[126.9451372,35.0930166],[126.9451547,35.092964],[126.9451077,35.0928323],[126.944924,35.0925887]]}},{"type":"Feature","properties":{"slot":"mudeungsan_osm_hiking_path","source":"openStreetMap","sourceType":"hiking_paths","name":"","sourceIndex":"5597"},"geometry":{"type":"LineString","coordinates":[[126.9457635,35.0941271],[126.9462477,35.0942358],[126.9467559,35.0943444],[126.9469799,35.0944695]]}},{"type":"Feature","properties":{"slot":"mudeungsan_osm_hiking_path","source":"openStreetMap","sourceType":"hiking_paths","name":"","sourceIndex":"5598"},"geometry":{"type":"LineString","coordinates":[[126.9457635,35.0941271],[126.9458775,35.094295],[126.9460881,35.0947668],[126.9460894,35.0949775],[126.9461229,35.095129],[126.9463161,35.0953309],[126.9463429,35.0954603]]}},{"type":"Feature","properties":{"slot":"mudeungsan_osm_hiking_path","source":"openStreetMap","sourceType":"hiking_paths","name":"","sourceIndex":"5599"},"geometry":{"type":"LineString","coordinates":[[126.9437604,35.0910336],[126.9439517,35.0912477],[126.944,35.0917569],[126.9439785,35.0918513],[126.9440013,35.0918952],[126.944346,35.0921915],[126.9444305,35.0922858],[126.9446343,35.0926128],[126.9448288,35.0927741],[126.9449642,35.0929585],[126.9450273,35.0929903],[126.9451372,35.0930166],[126.945211,35.0930715],[126.9452378,35.0931472],[126.9452056,35.0933513],[126.9451439,35.093584],[126.945156,35.0936619],[126.9452043,35.0937661],[126.9454645,35.094013],[126.9456241,35.0940931],[126.9457635,35.0941271]]}},{"type":"Feature","properties":{"slot":"mudeungsan_osm_hiking_path","source":"openStreetMap","sourceType":"hiking_paths","name":"","sourceIndex":"5600"},"geometry":{"type":"LineString","coordinates":[[126.9438046,35.0903691],[126.9438223,35.0903852]]}},{"type":"Feature","properties":{"slot":"mudeungsan_osm_hiking_path","source":"openStreetMap","sourceType":"hiking_paths","name":"","sourceIndex":"5601"},"geometry":{"type":"LineString","coordinates":[[126.9439956,35.0905559],[126.9439882,35.0905451]]}},{"type":"Feature","properties":{"slot":"mudeungsan_osm_hiking_path","source":"openStreetMap","sourceType":"hiking_paths","name":"","sourceIndex":"5602"},"geometry":{"type":"LineString","coordinates":[[126.9439584,35.090501],[126.9439264,35.0904687],[126.9438773,35.0904319]]}},{"type":"Feature","properties":{"slot":"mudeungsan_osm_hiking_path","source":"openStreetMap","sourceType":"hiking_paths","name":"","sourceIndex":"5603"},"geometry":{"type":"LineString","coordinates":[[126.9465119,35.0890388],[126.9464368,35.0889993],[126.9463751,35.0889082]]}},{"type":"Feature","properties":{"slot":"mudeungsan_osm_hiking_path","source":"openStreetMap","sourceType":"hiking_paths","name":"","sourceIndex":"5604"},"geometry":{"type":"LineString","coordinates":[[126.9456764,35.0896654],[126.9456723,35.0896138],[126.9460063,35.0893131],[126.9463751,35.0889082],[126.9465548,35.0888006],[126.9468552,35.0887085],[126.9472107,35.0886434]]}},{"type":"Feature","properties":{"slot":"mudeungsan_osm_hiking_path","source":"openStreetMap","sourceType":"hiking_paths","name":"","sourceIndex":"5605"},"geometry":{"type":"LineString","coordinates":[[126.9472107,35.0886434],[126.9470564,35.0887282],[126.946658,35.0888489],[126.9466071,35.0888928],[126.9465119,35.0890388],[126.9459486,35.0894876],[126.9456764,35.0896654],[126.9457738,35.0897632]]}},{"type":"Feature","properties":{"slot":"mudeungsan_osm_hiking_path","source":"openStreetMap","sourceType":"hiking_paths","name":"","sourceIndex":"5606"},"geometry":{"type":"LineString","coordinates":[[126.9477906,35.0883935],[126.9479648,35.0883955]]}},{"type":"Feature","properties":{"slot":"mudeungsan_osm_hiking_path","source":"openStreetMap","sourceType":"hiking_paths","name":"","sourceIndex":"5607"},"geometry":{"type":"LineString","coordinates":[[126.9477128,35.0882816],[126.947727,35.088306]]}},{"type":"Feature","properties":{"slot":"mudeungsan_osm_hiking_path","source":"openStreetMap","sourceType":"hiking_paths","name":"","sourceIndex":"5608"},"geometry":{"type":"LineString","coordinates":[[126.9494294,35.0859128],[126.9494663,35.0859875],[126.9494616,35.0860643],[126.949304,35.0863463],[126.9492222,35.0864276],[126.9493067,35.0865016],[126.9494569,35.086562],[126.9495951,35.0866321]]}},{"type":"Feature","properties":{"slot":"mudeungsan_osm_hiking_path","source":"openStreetMap","sourceType":"hiking_paths","name":"","sourceIndex":"5609"},"geometry":{"type":"LineString","coordinates":[[126.9490439,35.0886563],[126.9489163,35.0886022]]}},{"type":"Feature","properties":{"slot":"mudeungsan_osm_hiking_path","source":"openStreetMap","sourceType":"hiking_paths","name":"","sourceIndex":"5610"},"geometry":{"type":"LineString","coordinates":[[126.9488955,35.0888955],[126.9490348,35.088671]]}},{"type":"Feature","properties":{"slot":"mudeungsan_osm_hiking_path","source":"openStreetMap","sourceType":"hiking_paths","name":"","sourceIndex":"5611"},"geometry":{"type":"LineString","coordinates":[[126.948887,35.0889093],[126.9488955,35.0888955]]}},{"type":"Feature","properties":{"slot":"mudeungsan_osm_hiking_path","source":"openStreetMap","sourceType":"hiking_paths","name":"","sourceIndex":"5612"},"geometry":{"type":"LineString","coordinates":[[126.9490348,35.088671],[126.9490439,35.0886563]]}},{"type":"Feature","properties":{"slot":"mudeungsan_osm_hiking_path","source":"openStreetMap","sourceType":"hiking_paths","name":"","sourceIndex":"5613"},"geometry":{"type":"LineString","coordinates":[[126.9479053,35.0885526],[126.9477376,35.0886668],[126.9476484,35.0885967]]}},{"type":"Feature","properties":{"slot":"mudeungsan_osm_hiking_path","source":"openStreetMap","sourceType":"hiking_paths","name":"","sourceIndex":"5614"},"geometry":{"type":"LineString","coordinates":[[126.951406,35.0901895],[126.9509134,35.089999],[126.9506331,35.0898618],[126.9503742,35.0897027],[126.9500805,35.0895183],[126.9495951,35.0892341],[126.9492437,35.089053],[126.948887,35.0889093],[126.9480152,35.0885899],[126.9479053,35.0885526]]}},{"type":"Feature","properties":{"slot":"mudeungsan_osm_hiking_path","source":"openStreetMap","sourceType":"hiking_paths","name":"","sourceIndex":"5615"},"geometry":{"type":"LineString","coordinates":[[126.9482976,35.0884404],[126.948486,35.0885285],[126.9486751,35.0886075],[126.9488776,35.0886733],[126.9489163,35.0886022],[126.948946,35.0885624]]}},{"type":"Feature","properties":{"slot":"mudeungsan_osm_hiking_path","source":"openStreetMap","sourceType":"hiking_paths","name":"","sourceIndex":"5616"},"geometry":{"type":"LineString","coordinates":[[126.9481681,35.0885548],[126.9482446,35.0884956],[126.9482976,35.0884404]]}},{"type":"Feature","properties":{"slot":"mudeungsan_osm_hiking_path","source":"openStreetMap","sourceType":"hiking_paths","name":"","sourceIndex":"5617"},"geometry":{"type":"LineString","coordinates":[[126.9469625,35.0886108],[126.9470671,35.0885691],[126.9472843,35.0885746],[126.9474171,35.0885373],[126.9474989,35.0885142],[126.9476545,35.0885043],[126.9479576,35.0884989],[126.9481681,35.0885548]]}},{"type":"Feature","properties":{"slot":"mudeungsan_osm_hiking_path","source":"openStreetMap","sourceType":"hiking_paths","name":"배재길","sourceIndex":"5618"},"geometry":{"type":"LineString","coordinates":[[126.9797324,35.1652408],[126.9795164,35.1653592],[126.9794333,35.1654754],[126.9793059,35.1655686],[126.9792207,35.1656251],[126.9792053,35.165749],[126.9791778,35.165772],[126.9790759,35.1658597],[126.9790296,35.1658866],[126.9788633,35.1659173],[126.9787292,35.1660291],[126.9784529,35.1662012],[126.978296,35.1663503],[126.9781888,35.1665696],[126.9782022,35.1666737],[126.978237,35.1667286]]}},{"type":"Feature","properties":{"slot":"mudeungsan_osm_hiking_path","source":"openStreetMap","sourceType":"hiking_paths","name":"배재길","sourceIndex":"5619"},"geometry":{"type":"LineString","coordinates":[[126.977792,35.1656611],[126.9777422,35.1657046],[126.977478,35.1657802],[126.9773076,35.1658219]]}},{"type":"Feature","properties":{"slot":"mudeungsan_osm_hiking_path","source":"openStreetMap","sourceType":"hiking_paths","name":"배재길","sourceIndex":"5620"},"geometry":{"type":"LineString","coordinates":[[126.9773063,35.1652057],[126.9774672,35.1653702],[126.977537,35.1654678],[126.9777448,35.1656498],[126.977792,35.1656611],[126.9778495,35.165675],[126.9779031,35.1657769],[126.9781901,35.165778],[126.9787829,35.1658811],[126.9788633,35.1659173]]}},{"type":"Feature","properties":{"slot":"mudeungsan_osm_hiking_path","source":"openStreetMap","sourceType":"hiking_paths","name":"배재길","sourceIndex":"5621"},"geometry":{"type":"LineString","coordinates":[[126.9779862,35.165209],[126.977722,35.1652671],[126.9774672,35.1653702]]}},{"type":"Feature","properties":{"slot":"mudeungsan_osm_hiking_path","source":"openStreetMap","sourceType":"hiking_paths","name":"","sourceIndex":"5622"},"geometry":{"type":"LineString","coordinates":[[126.9817266,35.1635382],[126.9817588,35.163582],[126.9816568,35.1637202],[126.981685,35.1638441]]}},{"type":"Feature","properties":{"slot":"mudeungsan_osm_hiking_path","source":"openStreetMap","sourceType":"hiking_paths","name":"","sourceIndex":"5623"},"geometry":{"type":"LineString","coordinates":[[126.9830525,35.1647659],[126.9828317,35.1647113]]}},{"type":"Feature","properties":{"slot":"mudeungsan_osm_hiking_path","source":"openStreetMap","sourceType":"hiking_paths","name":"","sourceIndex":"5624"},"geometry":{"type":"LineString","coordinates":[[126.9807985,35.164287],[126.9811392,35.1641861],[126.981685,35.1638441],[126.9819479,35.1638397],[126.9820538,35.163855],[126.9825178,35.1639855],[126.982601,35.1640623],[126.9826747,35.1642201],[126.9828142,35.1643802],[126.982837,35.1644942],[126.9828317,35.1647113],[126.9827579,35.1648374]]}},{"type":"Feature","properties":{"slot":"mudeungsan_osm_hiking_path","source":"openStreetMap","sourceType":"hiking_paths","name":"배재길","sourceIndex":"5625"},"geometry":{"type":"LineString","coordinates":[[126.9797095,35.1647732],[126.9800958,35.1645995],[126.9806309,35.1643692],[126.9807985,35.164287],[126.9807208,35.16423],[126.9805813,35.1641752],[126.9804525,35.1641028],[126.9803573,35.1640009],[126.9803157,35.1639208],[126.9802085,35.1637969],[126.9799228,35.1635415],[126.9797914,35.1634011],[126.9796787,35.1633342]]}},{"type":"Feature","properties":{"slot":"mudeungsan_osm_hiking_path","source":"openStreetMap","sourceType":"hiking_paths","name":"배재길","sourceIndex":"5626"},"geometry":{"type":"LineString","coordinates":[[126.9792053,35.165749],[126.9793005,35.1657254],[126.9798276,35.1654371],[126.9799805,35.1654228],[126.9800569,35.1654382]]}},{"type":"Feature","properties":{"slot":"mudeungsan_osm_hiking_path","source":"openStreetMap","sourceType":"hiking_paths","name":"","sourceIndex":"5627"},"geometry":{"type":"LineString","coordinates":[[126.9304973,35.1408441],[126.9305014,35.1407947],[126.9305071,35.1407448]]}},{"type":"Feature","properties":{"slot":"mudeungsan_osm_hiking_path","source":"openStreetMap","sourceType":"hiking_paths","name":"","sourceIndex":"5628"},"geometry":{"type":"LineString","coordinates":[[126.9868657,35.166335],[126.9870226,35.1663712],[126.9871594,35.1664062],[126.9872774,35.1664775],[126.9874839,35.1666705],[126.9876637,35.1669127],[126.9877468,35.167007],[126.9878045,35.1670465],[126.987889,35.1671956],[126.9879185,35.167269]]}},{"type":"Feature","properties":{"slot":"mudeungsan_osm_hiking_path","source":"openStreetMap","sourceType":"hiking_paths","name":"","sourceIndex":"5629"},"geometry":{"type":"LineString","coordinates":[[126.9809903,35.1660521],[126.9810681,35.1660927],[126.9811875,35.1661234],[126.9812585,35.1661091],[126.9815107,35.1659907],[126.9816193,35.1659545],[126.9818607,35.1660401],[126.9819666,35.1660444],[126.9821222,35.1660214],[126.9823717,35.1659337],[126.9824575,35.1658361],[126.9828384,35.1656388],[126.982922,35.1655775],[126.9831415,35.1655982],[126.9832085,35.1655785],[126.9832581,35.1655379],[126.9835451,35.1655094]]}},{"type":"Feature","properties":{"slot":"mudeungsan_osm_hiking_path","source":"openStreetMap","sourceType":"hiking_paths","name":"","sourceIndex":"5630"},"geometry":{"type":"LineString","coordinates":[[126.9879185,35.167269],[126.9879399,35.1673918],[126.9879962,35.1675201],[126.9881089,35.1676418],[126.9882169,35.1677026],[126.9884294,35.167758],[126.9885639,35.1678233],[126.9886212,35.1678512],[126.9887285,35.1678556],[126.9888908,35.1678512],[126.9891509,35.1679992],[126.989383,35.1680639],[126.9894406,35.1680595],[126.9896619,35.1680661],[126.9898175,35.1680485],[126.9900535,35.1680058],[126.990484,35.1680112],[126.9906557,35.1680376],[126.9909118,35.1680507],[126.9910727,35.1680847],[126.991341,35.1681242],[126.9914496,35.1681231],[126.9916937,35.1681669],[126.9919176,35.1682228],[126.992218,35.1683489],[126.9923884,35.1684257],[126.9925533,35.1685035],[126.9927464,35.1685671],[126.992906,35.1686142],[126.993024,35.1686405],[126.9931729,35.1687534],[126.9934022,35.1688839],[126.9936021,35.1689804],[126.9939266,35.1691295],[126.9941761,35.1692534],[126.9944845,35.1694331],[126.9949244,35.1696546],[126.995202,35.1697412],[126.9955024,35.1697511],[126.9959289,35.1697851],[126.9959852,35.1698136],[126.9960831,35.1698859],[126.996173,35.1699462],[126.9962735,35.1699637],[126.9963916,35.1699385],[126.99646,35.1698026],[126.9964841,35.169579],[126.9965458,35.1695088],[126.9966638,35.1695099],[126.9968636,35.1695581]]}},{"type":"Feature","properties":{"slot":"mudeungsan_osm_hiking_path","source":"openStreetMap","sourceType":"hiking_paths","name":"","sourceIndex":"5631"},"geometry":{"type":"LineString","coordinates":[[126.9902171,35.1672033],[126.9902848,35.1673145],[126.9902915,35.1673617],[126.990256,35.1675661],[126.9903204,35.1677613],[126.9903284,35.1678402],[126.9904518,35.167952],[126.990484,35.1680112]]}},{"type":"Feature","properties":{"slot":"mudeungsan_osm_hiking_path","source":"openStreetMap","sourceType":"hiking_paths","name":"","sourceIndex":"5632"},"geometry":{"type":"LineString","coordinates":[[126.9892408,35.1666913],[126.9898215,35.1669171],[126.9900991,35.1671408],[126.9902171,35.1672033]]}},{"type":"Feature","properties":{"slot":"mudeungsan_osm_hiking_path","source":"openStreetMap","sourceType":"hiking_paths","name":"","sourceIndex":"5633"},"geometry":{"type":"LineString","coordinates":[[126.9894406,35.1680595],[126.9894513,35.168008],[126.989454,35.1679816]]}},{"type":"Feature","properties":{"slot":"mudeungsan_osm_hiking_path","source":"openStreetMap","sourceType":"hiking_paths","name":"","sourceIndex":"5634"},"geometry":{"type":"LineString","coordinates":[[126.9900535,35.1680058],[126.9899824,35.1679882],[126.9899355,35.1679696],[126.9899154,35.1679422]]}},{"type":"Feature","properties":{"slot":"mudeungsan_osm_hiking_path","source":"openStreetMap","sourceType":"hiking_paths","name":"","sourceIndex":"5635"},"geometry":{"type":"LineString","coordinates":[[126.9903204,35.1677613],[126.9904022,35.1676856]]}},{"type":"Feature","properties":{"slot":"mudeungsan_osm_hiking_path","source":"openStreetMap","sourceType":"hiking_paths","name":"","sourceIndex":"5636"},"geometry":{"type":"LineString","coordinates":[[126.9880727,35.1660817],[126.9881183,35.1660839],[126.9882457,35.1661322],[126.9883127,35.1661738],[126.9884428,35.1663777],[126.9885394,35.1664161],[126.9888706,35.1664852],[126.9889927,35.1665345],[126.9892408,35.1666913]]}},{"type":"Feature","properties":{"slot":"mudeungsan_osm_hiking_path","source":"openStreetMap","sourceType":"hiking_paths","name":"","sourceIndex":"5637"},"geometry":{"type":"LineString","coordinates":[[126.9919364,35.1674313],[126.9918264,35.1675058],[126.9916816,35.1675519],[126.9914912,35.1675585],[126.9914,35.1675102],[126.9912243,35.1675223],[126.990995,35.167564],[126.990665,35.167519],[126.9904022,35.1676856]]}},{"type":"Feature","properties":{"slot":"mudeungsan_osm_hiking_path","source":"openStreetMap","sourceType":"hiking_paths","name":"","sourceIndex":"5638"},"geometry":{"type":"LineString","coordinates":[[126.9910727,35.1680847],[126.9909909,35.1681625],[126.990995,35.1683445],[126.9909319,35.1684311],[126.9908233,35.1685145],[126.9907254,35.1685484],[126.9905014,35.1685704],[126.99037,35.1685462],[126.9902614,35.1684914],[126.9901983,35.1684783],[126.9899221,35.1685879],[126.9898617,35.1686274],[126.9898202,35.1687677],[126.9896941,35.168976],[126.9895962,35.1690549],[126.9895144,35.169079],[126.9893642,35.1690889],[126.9892086,35.1690275],[126.9891335,35.1690396],[126.9888572,35.1691963]]}},{"type":"Feature","properties":{"slot":"mudeungsan_osm_hiking_path","source":"openStreetMap","sourceType":"hiking_paths","name":"","sourceIndex":"5639"},"geometry":{"type":"LineString","coordinates":[[126.9885639,35.1678233],[126.9885233,35.1678874],[126.9885193,35.1679488],[126.9885461,35.1680825],[126.9885072,35.1681406],[126.9884066,35.168202],[126.9883557,35.1682634],[126.9883436,35.1683193]]}},{"type":"Feature","properties":{"slot":"mudeungsan_osm_hiking_path","source":"openStreetMap","sourceType":"hiking_paths","name":"","sourceIndex":"5640"},"geometry":{"type":"LineString","coordinates":[[127.0003314,35.1691102],[127.0003228,35.1691308],[127.0002727,35.1692775],[127.0002942,35.1694891],[127.0002754,35.1696327],[127.000325,35.1697664],[127.0003183,35.1699177],[127.0002149,35.1700379]]}},{"type":"Feature","properties":{"slot":"mudeungsan_osm_hiking_path","source":"openStreetMap","sourceType":"hiking_paths","name":"","sourceIndex":"5641"},"geometry":{"type":"LineString","coordinates":[[127.0004041,35.1689365],[127.0003314,35.1691102]]}},{"type":"Feature","properties":{"slot":"mudeungsan_osm_hiking_path","source":"openStreetMap","sourceType":"hiking_paths","name":"","sourceIndex":"5642"},"geometry":{"type":"LineString","coordinates":[[127.0000246,35.1679104],[126.9999482,35.1681889],[126.9999415,35.1683149],[127.0000608,35.1686899],[127.0000689,35.1687633],[127.0001225,35.1688839],[127.0003228,35.1691308],[127.0006295,35.1693367],[127.0007528,35.1693761],[127.0008455,35.1694264],[127.0017628,35.1699313],[127.002452,35.1703102],[127.0026921,35.1704242]]}},{"type":"Feature","properties":{"slot":"mudeungsan_osm_hiking_path","source":"openStreetMap","sourceType":"hiking_paths","name":"","sourceIndex":"5643"},"geometry":{"type":"LineString","coordinates":[[127.0004497,35.1684859],[127.0003773,35.1684136],[127.0003116,35.1683149],[127.0002955,35.1682294],[127.0003062,35.1681395]]}},{"type":"Feature","properties":{"slot":"mudeungsan_osm_hiking_path","source":"openStreetMap","sourceType":"hiking_paths","name":"","sourceIndex":"5644"},"geometry":{"type":"LineString","coordinates":[[127.0003264,35.1688565],[127.0004123,35.1689199],[127.0006241,35.1690275],[127.0008159,35.1690955],[127.0011632,35.1692884],[127.001422,35.1693904],[127.0018271,35.1696053],[127.0024922,35.1701107]]}},{"type":"Feature","properties":{"slot":"mudeungsan_osm_hiking_path","source":"openStreetMap","sourceType":"hiking_paths","name":"","sourceIndex":"5646"},"geometry":{"type":"LineString","coordinates":[[127.0008455,35.1694264],[127.0008346,35.169796],[127.0008923,35.1700284]]}},{"type":"Feature","properties":{"slot":"mudeungsan_osm_hiking_path","source":"openStreetMap","sourceType":"hiking_paths","name":"","sourceIndex":"5647"},"geometry":{"type":"LineString","coordinates":[[126.9999485,35.1652036],[127.0000085,35.1650978]]}},{"type":"Feature","properties":{"slot":"mudeungsan_osm_hiking_path","source":"openStreetMap","sourceType":"hiking_paths","name":"","sourceIndex":"5648"},"geometry":{"type":"LineString","coordinates":[[126.9995566,35.1659348],[126.9996746,35.1657375],[126.9998127,35.1655423],[126.9998838,35.1653176],[126.9999485,35.1652036]]}},{"type":"Feature","properties":{"slot":"mudeungsan_osm_hiking_path","source":"openStreetMap","sourceType":"hiking_paths","name":"","sourceIndex":"5649"},"geometry":{"type":"LineString","coordinates":[[126.9991784,35.165368],[126.999169,35.1652288],[126.9990537,35.1649832],[126.999004,35.1646905],[126.9989209,35.1645436],[126.9988337,35.1644674],[126.9986647,35.1642344],[126.998542,35.1641308],[126.998416,35.164094],[126.9983147,35.1640442],[126.9982403,35.1639806],[126.9981685,35.1637947],[126.9975838,35.163468],[126.9975302,35.1631884],[126.9974229,35.1630887],[126.9970715,35.1629911]]}},{"type":"Feature","properties":{"slot":"mudeungsan_osm_hiking_path","source":"openStreetMap","sourceType":"hiking_paths","name":"","sourceIndex":"5650"},"geometry":{"type":"LineString","coordinates":[[126.9996598,35.1646929],[126.9998422,35.1644646],[126.9998932,35.16431],[127.0000045,35.1642958],[127.0002539,35.1644186],[127.0006026,35.1645052]]}},{"type":"Feature","properties":{"slot":"mudeungsan_osm_hiking_path","source":"openStreetMap","sourceType":"hiking_paths","name":"","sourceIndex":"5653"},"geometry":{"type":"LineString","coordinates":[[127.0017628,35.1699313],[127.0016956,35.170479],[127.0016836,35.1705327],[127.0015065,35.1708243]]}},{"type":"Feature","properties":{"slot":"mudeungsan_osm_hiking_path","source":"openStreetMap","sourceType":"hiking_paths","name":"","sourceIndex":"5670"},"geometry":{"type":"LineString","coordinates":[[126.9320716,35.1443161],[126.9320238,35.1442568],[126.93198,35.1442025]]}},{"type":"Feature","properties":{"slot":"mudeungsan_osm_hiking_path","source":"openStreetMap","sourceType":"hiking_paths","name":"","sourceIndex":"5671"},"geometry":{"type":"LineString","coordinates":[[126.9316522,35.1446781],[126.9317793,35.1446488],[126.9318723,35.1446196],[126.9318948,35.1446102],[126.9320654,35.1445292]]}},{"type":"Feature","properties":{"slot":"mudeungsan_osm_hiking_path","source":"openStreetMap","sourceType":"hiking_paths","name":"","sourceIndex":"5672"},"geometry":{"type":"LineString","coordinates":[[126.9318723,35.1446196],[126.9319472,35.1447427]]}},{"type":"Feature","properties":{"slot":"mudeungsan_osm_hiking_path","source":"openStreetMap","sourceType":"hiking_paths","name":"","sourceIndex":"5673"},"geometry":{"type":"LineString","coordinates":[[126.9321078,35.1448476],[126.9322066,35.1448029],[126.9321617,35.1447347],[126.9323966,35.144642],[126.9325812,35.144644],[126.932676,35.144645],[126.9328747,35.1446584]]}},{"type":"Feature","properties":{"slot":"mudeungsan_osm_hiking_path","source":"openStreetMap","sourceType":"hiking_paths","name":"","sourceIndex":"5674"},"geometry":{"type":"LineString","coordinates":[[126.9313025,35.145651],[126.9316113,35.1454856]]}},{"type":"Feature","properties":{"slot":"mudeungsan_osm_hiking_path","source":"openStreetMap","sourceType":"hiking_paths","name":"","sourceIndex":"5675"},"geometry":{"type":"LineString","coordinates":[[126.9317439,35.1456726],[126.9316113,35.1454856],[126.9311635,35.1448543]]}},{"type":"Feature","properties":{"slot":"mudeungsan_osm_hiking_path","source":"openStreetMap","sourceType":"hiking_paths","name":"","sourceIndex":"5676"},"geometry":{"type":"LineString","coordinates":[[126.9305459,35.144985],[126.9313935,35.1446089],[126.9314935,35.1445737]]}},{"type":"Feature","properties":{"slot":"mudeungsan_osm_hiking_path","source":"openStreetMap","sourceType":"hiking_paths","name":"","sourceIndex":"5677"},"geometry":{"type":"LineString","coordinates":[[126.9328747,35.1446584],[126.9328622,35.1451138],[126.9328373,35.1451664]]}},{"type":"Feature","properties":{"slot":"mudeungsan_osm_hiking_path","source":"openStreetMap","sourceType":"hiking_paths","name":"","sourceIndex":"5678"},"geometry":{"type":"LineString","coordinates":[[126.9328753,35.1457318],[126.9329065,35.1457784]]}},{"type":"Feature","properties":{"slot":"mudeungsan_osm_hiking_path","source":"openStreetMap","sourceType":"hiking_paths","name":"","sourceIndex":"5679"},"geometry":{"type":"LineString","coordinates":[[126.9349238,35.1407849],[126.9349435,35.1406592],[126.9349945,35.1404618],[126.9350938,35.1403149],[126.9351045,35.1401792],[126.9350986,35.1401238]]}},{"type":"Feature","properties":{"slot":"mudeungsan_osm_hiking_path","source":"openStreetMap","sourceType":"hiking_paths","name":"","sourceIndex":"5680"},"geometry":{"type":"LineString","coordinates":[[126.9350986,35.1401238],[126.9352798,35.1393128]]}},{"type":"Feature","properties":{"slot":"mudeungsan_osm_hiking_path","source":"openStreetMap","sourceType":"hiking_paths","name":"무등산 등산로","sourceIndex":"5703"},"geometry":{"type":"LineString","coordinates":[[126.9702537,35.1270613],[126.9702735,35.1270243],[126.9703379,35.1270056],[126.9704751,35.1270399],[126.9706187,35.127014],[126.9707804,35.1269717],[126.9710142,35.1269415],[126.9711504,35.1269488]]}},{"type":"Feature","properties":{"slot":"mudeungsan_osm_hiking_path","source":"openStreetMap","sourceType":"hiking_paths","name":"무등산 등산로","sourceIndex":"5704"},"geometry":{"type":"LineString","coordinates":[[126.9711348,35.1267376],[126.971161,35.1267115],[126.9712571,35.1266968],[126.9713256,35.1266932]]}},{"type":"Feature","properties":{"slot":"mudeungsan_osm_hiking_path","source":"openStreetMap","sourceType":"hiking_paths","name":"무등산 등산로","sourceIndex":"5705"},"geometry":{"type":"LineString","coordinates":[[126.9715746,35.1263971],[126.9716442,35.1263299],[126.9717342,35.1262253],[126.9717379,35.1261878],[126.9717407,35.1261588],[126.9718172,35.1260326],[126.9719053,35.1259414],[126.972013,35.1257639],[126.9721511,35.1256389],[126.9723419,35.1253914],[126.9724,35.1253101],[126.9724915,35.1251461],[126.9725943,35.1249833],[126.9725799,35.1248431],[126.9727074,35.1246402],[126.9729994,35.1242513],[126.9731177,35.1241631],[126.9732454,35.1241032],[126.973505,35.1240908],[126.9736568,35.1240678],[126.9742545,35.1237877],[126.974503,35.1237451],[126.9747121,35.1236285],[126.9751444,35.1234567],[126.9753228,35.1233075],[126.9755266,35.1232172],[126.9757271,35.1231215],[126.9759084,35.1229563],[126.9759447,35.1229224]]}},{"type":"Feature","properties":{"slot":"mudeungsan_osm_hiking_path","source":"openStreetMap","sourceType":"hiking_paths","name":"무등산 등산로","sourceIndex":"5706"},"geometry":{"type":"LineString","coordinates":[[126.9760596,35.1229171],[126.9762951,35.1228243],[126.976642,35.1228139],[126.976955,35.1229577],[126.9777163,35.1231391],[126.9778113,35.1231583],[126.9781775,35.1230823],[126.9783809,35.1229298],[126.9785045,35.1228167],[126.97864,35.122751],[126.9788331,35.1226739],[126.9788667,35.1225495],[126.9788422,35.1224049],[126.9793109,35.1219501]]}},{"type":"Feature","properties":{"slot":"mudeungsan_osm_hiking_path","source":"openStreetMap","sourceType":"hiking_paths","name":"무등산 등산로","sourceIndex":"5707"},"geometry":{"type":"LineString","coordinates":[[126.979378,35.1218437],[126.9795667,35.1216596],[126.9797641,35.1214948],[126.9800062,35.1213601],[126.9803179,35.1212044],[126.980522,35.1210162],[126.9809026,35.1208994],[126.9810547,35.1208915],[126.9813493,35.1207929],[126.9813967,35.1205559],[126.9816344,35.1204193],[126.9820272,35.1202916],[126.9822536,35.1200812],[126.9823704,35.1200256],[126.9824923,35.1199287],[126.9826124,35.1197916],[126.9826827,35.1197246],[126.9828921,35.1196552],[126.9830985,35.1194446],[126.9831496,35.1194266],[126.9832236,35.1193695]]}},{"type":"Feature","properties":{"slot":"mudeungsan_osm_hiking_path","source":"openStreetMap","sourceType":"hiking_paths","name":"","sourceIndex":"5708"},"geometry":{"type":"LineString","coordinates":[[126.9843027,35.1189942],[126.9843138,35.1189598]]}},{"type":"Feature","properties":{"slot":"mudeungsan_osm_hiking_path","source":"openStreetMap","sourceType":"hiking_paths","name":"무등산 등산로","sourceIndex":"5709"},"geometry":{"type":"LineString","coordinates":[[126.9843138,35.1189598],[126.9844329,35.118969]]}},{"type":"Feature","properties":{"slot":"mudeungsan_osm_hiking_path","source":"openStreetMap","sourceType":"hiking_paths","name":"","sourceIndex":"5710"},"geometry":{"type":"LineString","coordinates":[[126.988378,35.1205382],[126.988567,35.120414],[126.9884613,35.1201713],[126.9883882,35.1200582],[126.9882089,35.119997],[126.9879614,35.1200314],[126.9877466,35.1201192],[126.9875505,35.1201421],[126.9871488,35.120081],[126.9869807,35.1200657],[126.9865091,35.1199512],[126.9862335,35.1198595],[126.9859346,35.1196838],[126.9858179,35.1194966],[126.9856731,35.1193782],[126.985477,35.1193285],[126.9852341,35.1192025],[126.9851263,35.1191722],[126.9849332,35.1190587]]}},{"type":"Feature","properties":{"slot":"mudeungsan_osm_hiking_path","source":"openStreetMap","sourceType":"hiking_paths","name":"","sourceIndex":"5711"},"geometry":{"type":"LineString","coordinates":[[126.9968324,35.1228484],[126.9971384,35.1227018]]}},{"type":"Feature","properties":{"slot":"mudeungsan_osm_hiking_path","source":"openStreetMap","sourceType":"hiking_paths","name":"","sourceIndex":"5712"},"geometry":{"type":"LineString","coordinates":[[126.9984016,35.1227015],[126.9984537,35.1226252],[126.9985808,35.1225314]]}},{"type":"Feature","properties":{"slot":"mudeungsan_osm_hiking_path","source":"openStreetMap","sourceType":"hiking_paths","name":"무등산 등산로","sourceIndex":"5713"},"geometry":{"type":"LineString","coordinates":[[127.0009044,35.1217428],[127.0008802,35.1218326],[127.0007902,35.1219002],[127.0007609,35.1219324],[127.0007403,35.1219724],[127.0007627,35.1220755]]}},{"type":"Feature","properties":{"slot":"mudeungsan_osm_hiking_path","source":"openStreetMap","sourceType":"hiking_paths","name":"무등산 등산로","sourceIndex":"5714"},"geometry":{"type":"LineString","coordinates":[[126.9992256,35.1227476],[126.9991864,35.1226882],[126.999021,35.1225975],[126.9988042,35.1225083],[126.9987523,35.1224714],[126.9986792,35.1224473]]}},{"type":"Feature","properties":{"slot":"mudeungsan_osm_hiking_path","source":"openStreetMap","sourceType":"hiking_paths","name":"무등산 등산로","sourceIndex":"5715"},"geometry":{"type":"LineString","coordinates":[[127.0022032,35.1174921],[127.0021843,35.1175239]]}},{"type":"Feature","properties":{"slot":"mudeungsan_osm_hiking_path","source":"openStreetMap","sourceType":"hiking_paths","name":"무등산 등산로","sourceIndex":"5716"},"geometry":{"type":"LineString","coordinates":[[127.0022588,35.1173641],[127.0022781,35.1174036],[127.0024856,35.1174788],[127.0026058,35.1175166],[127.002712,35.1176089],[127.0028138,35.1176135],[127.0028901,35.1176535],[127.0029697,35.1177684],[127.0029724,35.1178177],[127.0029407,35.1178633],[127.0029388,35.117911],[127.0028907,35.1179616],[127.0027997,35.1179924],[127.0027471,35.1180251],[127.002735,35.1180947],[127.0026854,35.1181392],[127.0026615,35.1181939],[127.0026049,35.1182982],[127.0025975,35.1184083],[127.0026277,35.118477],[127.0026743,35.1185274],[127.0026758,35.1186471],[127.0027233,35.1186809],[127.0027985,35.1187283],[127.0028114,35.1188719],[127.0027765,35.1189707],[127.0027983,35.1190606],[127.0028061,35.1192131],[127.002845,35.1193568],[127.00279,35.119416],[127.002802,35.1195246],[127.0028061,35.1195839],[127.0028651,35.1196958],[127.002849,35.1198252],[127.0028603,35.1198876],[127.0028483,35.1200228],[127.0027766,35.1201005],[127.0027625,35.1201773],[127.0027669,35.120358],[127.002862,35.1204819],[127.002821,35.1205808],[127.0027747,35.1206841],[127.0027723,35.1209137],[127.0028569,35.1211482],[127.0027158,35.1211113],[127.0025821,35.121226],[127.0024909,35.1212447],[127.0024171,35.1213105],[127.002282,35.1213678],[127.002039,35.1213467],[127.0018633,35.121384],[127.0017549,35.1213751],[127.0015825,35.1214236],[127.0014973,35.121371],[127.0014132,35.1214579],[127.0013489,35.1216051],[127.0012266,35.1216404]]}},{"type":"Feature","properties":{"slot":"mudeungsan_osm_hiking_path","source":"openStreetMap","sourceType":"hiking_paths","name":"","sourceIndex":"5717"},"geometry":{"type":"LineString","coordinates":[[127.0060987,35.1098947],[127.0062849,35.1097676],[127.0064804,35.1096895],[127.0066356,35.1096108],[127.0066693,35.1096066],[127.0067623,35.1094605],[127.0068294,35.1093508],[127.0069152,35.1092696],[127.0070305,35.1091665],[127.0071217,35.1090579],[127.007162,35.1089931],[127.0072411,35.1089624],[127.0073524,35.1089372],[127.0074758,35.108867],[127.0075925,35.1088336],[127.0076045,35.1088201],[127.0076367,35.1087265],[127.0077185,35.1085829],[127.007874,35.1085267],[127.0079889,35.1084693],[127.0081018,35.1083712],[127.0081115,35.108291],[127.0081291,35.1080992],[127.008082,35.1080496],[127.0080435,35.1079112],[127.0079786,35.1078461],[127.0080203,35.1077908]]}},{"type":"Feature","properties":{"slot":"mudeungsan_osm_hiking_path","source":"openStreetMap","sourceType":"hiking_paths","name":"","sourceIndex":"5718"},"geometry":{"type":"LineString","coordinates":[[127.0080194,35.1074439],[127.0081717,35.1073097]]}},{"type":"Feature","properties":{"slot":"mudeungsan_osm_hiking_path","source":"openStreetMap","sourceType":"hiking_paths","name":"","sourceIndex":"5719"},"geometry":{"type":"LineString","coordinates":[[127.0081717,35.1073097],[127.0082885,35.1072125],[127.0083087,35.1071652],[127.0084519,35.1069741],[127.008726,35.1068421],[127.0088008,35.1067769],[127.008898,35.106593]]}},{"type":"Feature","properties":{"slot":"mudeungsan_osm_hiking_path","source":"openStreetMap","sourceType":"hiking_paths","name":"","sourceIndex":"5720"},"geometry":{"type":"LineString","coordinates":[[127.009197,35.1064137],[127.0092167,35.1063546],[127.0092686,35.1061815],[127.0092863,35.1061571],[127.0093627,35.1061417],[127.0094496,35.1060843],[127.0095615,35.1060155],[127.0096419,35.1059426],[127.0096484,35.1058938],[127.0097331,35.1058224],[127.0097703,35.1057214],[127.0099103,35.1056753],[127.0099314,35.1056326],[127.0100177,35.1055822],[127.0102666,35.105422],[127.0105174,35.1053164],[127.0106862,35.1052611],[127.0108192,35.1051554],[127.0110002,35.1049267],[127.0110002,35.1048284],[127.0111621,35.1046635],[127.0112912,35.1045421],[127.0114035,35.104439],[127.011546,35.1043266],[127.0115595,35.1042541],[127.0116457,35.1041776],[127.0117217,35.1041231],[127.0118044,35.1040253],[127.0119618,35.1038443],[127.0121265,35.1036542],[127.0121814,35.1035831],[127.0122432,35.1035025],[127.012374,35.1032541],[127.0125143,35.1031257],[127.0126121,35.1029294],[127.0126333,35.1028644],[127.0126766,35.1028338],[127.0128603,35.1027657],[127.0130273,35.1026567],[127.0131862,35.1025935],[127.0134049,35.1024236],[127.0135489,35.1023802],[127.0137905,35.1022189],[127.0138822,35.1021842],[127.014079,35.1020533],[127.0142212,35.1019385],[127.0143586,35.1018953],[127.0148281,35.1017088],[127.0152902,35.1015278],[127.0155381,35.1014074],[127.0156121,35.1014083],[127.0156893,35.1013706],[127.0157811,35.1012763],[127.0159406,35.1012012],[127.0160643,35.1011386],[127.0163595,35.1010359],[127.0167083,35.1010284],[127.0169142,35.10094],[127.0170527,35.1009553],[127.0171508,35.1009491],[127.0174925,35.1009323],[127.0178701,35.100909],[127.0180387,35.1008899],[127.018173,35.1008024],[127.0183694,35.1007381],[127.0188057,35.1006978],[127.0189855,35.100613],[127.0191482,35.1006215],[127.0192292,35.1005187],[127.0193057,35.1004682],[127.0193382,35.1003882],[127.0193558,35.1002539],[127.0194271,35.1001394],[127.0195444,35.1000216],[127.0196653,35.0999407],[127.0198101,35.099677],[127.0198132,35.0996283]]}},{"type":"Feature","properties":{"slot":"mudeungsan_osm_hiking_path","source":"openStreetMap","sourceType":"hiking_paths","name":"","sourceIndex":"5721"},"geometry":{"type":"LineString","coordinates":[[127.0203147,35.0988285],[127.0204594,35.0987063],[127.0205061,35.0985763]]}},{"type":"Feature","properties":{"slot":"mudeungsan_osm_hiking_path","source":"openStreetMap","sourceType":"hiking_paths","name":"","sourceIndex":"5722"},"geometry":{"type":"LineString","coordinates":[[127.0204716,35.0985084],[127.020499,35.0984462],[127.0204734,35.0983738],[127.0204921,35.0982954],[127.0205661,35.098188],[127.0205998,35.0981706],[127.0206776,35.098085],[127.0206626,35.0980413],[127.0207442,35.0979569],[127.0208823,35.0977682],[127.0209452,35.0976247],[127.0209547,35.097545],[127.0210378,35.0974842],[127.0211407,35.0973444],[127.0211838,35.0972654],[127.0212429,35.0972144],[127.0213412,35.0971266],[127.0214696,35.0969418],[127.0214814,35.0969058]]}},{"type":"Feature","properties":{"slot":"mudeungsan_osm_hiking_path","source":"openStreetMap","sourceType":"hiking_paths","name":"","sourceIndex":"5723"},"geometry":{"type":"LineString","coordinates":[[127.0217367,35.0966408],[127.0218571,35.0966064],[127.0219412,35.0965752],[127.0220554,35.096522]]}},{"type":"Feature","properties":{"slot":"mudeungsan_osm_hiking_path","source":"openStreetMap","sourceType":"hiking_paths","name":"","sourceIndex":"5724"},"geometry":{"type":"LineString","coordinates":[[127.0221307,35.0964834],[127.0221421,35.0964698],[127.0222046,35.0963678],[127.0222268,35.0963413],[127.0223325,35.0963096],[127.0223663,35.096175],[127.0224767,35.0960226],[127.0225425,35.095975],[127.0226323,35.0959069],[127.0226971,35.0958908],[127.0227674,35.0958482],[127.022846,35.0957535]]}},{"type":"Feature","properties":{"slot":"mudeungsan_osm_hiking_path","source":"openStreetMap","sourceType":"hiking_paths","name":"","sourceIndex":"5725"},"geometry":{"type":"LineString","coordinates":[[127.0234171,35.0953704],[127.0235591,35.0952816],[127.0235476,35.0951619],[127.0234269,35.0949995],[127.0235074,35.0948239],[127.023699,35.094724],[127.023949,35.0947074],[127.0240914,35.0946033],[127.0240662,35.094511],[127.0240697,35.0944317],[127.0240637,35.094322],[127.0240235,35.0942383],[127.0240271,35.0941546],[127.0240015,35.0940709],[127.024029,35.0939707],[127.0240235,35.0937868],[127.0240713,35.0936576],[127.0241057,35.0936238],[127.0241112,35.0935236],[127.0241743,35.09335],[127.024308,35.0931834],[127.0244734,35.0929647],[127.024553,35.0928866],[127.0245752,35.0927903],[127.024623,35.0927122],[127.0246262,35.0926159],[127.0245851,35.0925247],[127.0245787,35.0924081],[127.024608,35.0922406],[127.0246787,35.0920785],[127.0247089,35.0920171],[127.0247264,35.0918068],[127.0247502,35.0915641],[127.0246802,35.0914704],[127.0246739,35.0913767],[127.0247464,35.0913046],[127.0248093,35.0911784],[127.0249069,35.0910918],[127.024957,35.0910539]]}},{"type":"Feature","properties":{"slot":"mudeungsan_osm_hiking_path","source":"openStreetMap","sourceType":"hiking_paths","name":"","sourceIndex":"5726"},"geometry":{"type":"LineString","coordinates":[[127.0265342,35.091115],[127.0265034,35.0913059],[127.0265383,35.0913981],[127.0263318,35.0915364],[127.0263264,35.0915977]]}},{"type":"Feature","properties":{"slot":"mudeungsan_osm_hiking_path","source":"openStreetMap","sourceType":"hiking_paths","name":"","sourceIndex":"5727"},"geometry":{"type":"LineString","coordinates":[[127.0265031,35.0946384],[127.0264808,35.0946881],[127.0262967,35.0946179],[127.0261574,35.0948151],[127.0260895,35.0948451],[127.0259847,35.0947088],[127.025831,35.0947666],[127.025704,35.0946568],[127.0256666,35.0946813],[127.025586,35.0948287],[127.0255332,35.0949708],[127.0254444,35.0949207],[127.0250928,35.0946312]]}},{"type":"Feature","properties":{"slot":"mudeungsan_osm_hiking_path","source":"openStreetMap","sourceType":"hiking_paths","name":"","sourceIndex":"5728"},"geometry":{"type":"LineString","coordinates":[[127.0244185,35.0952493],[127.0242396,35.0950543],[127.0240559,35.0949686],[127.0240975,35.0951433],[127.0240938,35.0952282],[127.0240776,35.0953271],[127.0240407,35.095432],[127.0239633,35.0955598],[127.0239315,35.0954937],[127.0239035,35.0954069],[127.0237869,35.0953048],[127.0237369,35.0953636],[127.0236515,35.0954689],[127.0234171,35.0953704],[127.0233574,35.0953948]]}},{"type":"Feature","properties":{"slot":"mudeungsan_osm_hiking_path","source":"openStreetMap","sourceType":"hiking_paths","name":"","sourceIndex":"5729"},"geometry":{"type":"LineString","coordinates":[[126.9711211,35.119687],[126.970721,35.1197477],[126.9705874,35.1198822],[126.9704264,35.119913],[126.9701421,35.120027]]}},{"type":"Feature","properties":{"slot":"mudeungsan_osm_hiking_path","source":"openStreetMap","sourceType":"hiking_paths","name":"","sourceIndex":"5730"},"geometry":{"type":"LineString","coordinates":[[126.9697689,35.120089],[126.9696674,35.1201719],[126.9695844,35.1202897]]}},{"type":"Feature","properties":{"slot":"mudeungsan_osm_hiking_path","source":"openStreetMap","sourceType":"hiking_paths","name":"","sourceIndex":"5731"},"geometry":{"type":"LineString","coordinates":[[126.9693075,35.1205842],[126.9691224,35.1206676],[126.9690102,35.1207225],[126.9687952,35.1207509],[126.9684599,35.1206544],[126.9680831,35.1206917],[126.9678538,35.1208738],[126.9676232,35.1210205],[126.9674206,35.1212559],[126.9672132,35.1213769],[126.9671595,35.1215759],[126.967086,35.1216299],[126.9668778,35.1218032],[126.966703,35.1219164],[126.9665085,35.1219563],[126.9661361,35.1219581],[126.9657737,35.1219584],[126.9655636,35.1220234],[126.9654515,35.1220387],[126.9653114,35.1221609],[126.9652761,35.1222293]]}},{"type":"Feature","properties":{"slot":"mudeungsan_osm_hiking_path","source":"openStreetMap","sourceType":"hiking_paths","name":"","sourceIndex":"5732"},"geometry":{"type":"LineString","coordinates":[[126.9647699,35.1228005],[126.9647347,35.1228561],[126.9646168,35.1230897],[126.9644822,35.1232108],[126.9641979,35.1234384],[126.9640121,35.123828],[126.9638926,35.123954],[126.9638568,35.1240975],[126.9637475,35.1243163],[126.9637914,35.1247468],[126.9637343,35.1249303],[126.9636418,35.1251214],[126.9636606,35.125293],[126.9635392,35.1255069],[126.9633758,35.125759],[126.963245,35.1262097],[126.9629928,35.1264541],[126.9626976,35.1266545],[126.9624651,35.1268437],[126.9621709,35.1270538],[126.9616424,35.1272584],[126.9614726,35.1275781],[126.9613019,35.1278256],[126.9611575,35.1280048],[126.9609053,35.1280774],[126.9606625,35.128276],[126.9603589,35.1284059],[126.9601068,35.1285739],[126.9597939,35.1287229],[126.9595884,35.1289597],[126.9594914,35.1292041],[126.9593543,35.1294384],[126.9592003,35.1296966],[126.9590467,35.1298458],[126.9589315,35.1300255],[126.9588019,35.1302807],[126.9586509,35.1307261],[126.9586247,35.1308862],[126.958498,35.1311678],[126.9584997,35.1314667],[126.9585672,35.131846],[126.9584755,35.1320186],[126.9583029,35.1321464],[126.9580268,35.1323116],[126.957871,35.1324129],[126.9579037,35.1325784],[126.9580306,35.132731],[126.9580775,35.132824]]}},{"type":"Feature","properties":{"slot":"mudeungsan_osm_hiking_path","source":"openStreetMap","sourceType":"hiking_paths","name":"무등산 등산로","sourceIndex":"5733"},"geometry":{"type":"LineString","coordinates":[[126.9969116,35.1245136],[126.9965935,35.1245355],[126.9964303,35.1245106],[126.996056,35.1246038],[126.9956911,35.124606],[126.9952987,35.1247042],[126.9950317,35.1247128],[126.9948901,35.1247131],[126.9948228,35.1247244],[126.9947332,35.1247068],[126.9947136,35.1247451]]}},{"type":"Feature","properties":{"slot":"mudeungsan_osm_hiking_path","source":"openStreetMap","sourceType":"hiking_paths","name":"비법정탐방로","sourceIndex":"5757"},"geometry":{"type":"LineString","coordinates":[[127.006647,35.123614],[127.0063576,35.123709]]}},{"type":"Feature","properties":{"slot":"mudeungsan_osm_hiking_path","source":"openStreetMap","sourceType":"hiking_paths","name":"","sourceIndex":"5759"},"geometry":{"type":"LineString","coordinates":[[126.9938002,35.1249716],[126.9938972,35.1249577],[126.9942133,35.1247096],[126.9943165,35.1246667],[126.9944436,35.1246602],[126.9947332,35.1247068]]}},{"type":"Feature","properties":{"slot":"mudeungsan_osm_hiking_path","source":"openStreetMap","sourceType":"hiking_paths","name":"","sourceIndex":"5760"},"geometry":{"type":"LineString","coordinates":[[126.9948228,35.1247244],[126.9949391,35.1247641],[126.9951011,35.1248564],[126.9951964,35.1248681],[126.9952027,35.1249456],[126.9950733,35.1250038],[126.9950116,35.1250498],[126.9949566,35.1251113]]}},{"type":"Feature","properties":{"slot":"mudeungsan_osm_hiking_path","source":"openStreetMap","sourceType":"hiking_paths","name":"","sourceIndex":"5830"},"geometry":{"type":"LineString","coordinates":[[127.0289133,35.161708],[127.0290448,35.1616272],[127.0291641,35.1616031]]}},{"type":"Feature","properties":{"slot":"mudeungsan_osm_hiking_path","source":"openStreetMap","sourceType":"hiking_paths","name":"","sourceIndex":"5831"},"geometry":{"type":"LineString","coordinates":[[127.0289911,35.1623767],[127.02914,35.1622993],[127.0292258,35.1623102],[127.0293023,35.1623464],[127.029376,35.1624166],[127.0296,35.1625515]]}},{"type":"Feature","properties":{"slot":"mudeungsan_osm_hiking_path","source":"openStreetMap","sourceType":"hiking_paths","name":"","sourceIndex":"5832"},"geometry":{"type":"LineString","coordinates":[[127.0246803,35.1622215],[127.0243347,35.1621872],[127.0240055,35.1621872],[127.0237603,35.1622616],[127.0235549,35.1622941]]}},{"type":"Feature","properties":{"slot":"mudeungsan_osm_hiking_path","source":"openStreetMap","sourceType":"hiking_paths","name":"","sourceIndex":"5833"},"geometry":{"type":"LineString","coordinates":[[127.0297633,35.1659792],[127.0298468,35.1659469],[127.0299272,35.1658471],[127.0299586,35.1657634],[127.0300077,35.1658054],[127.0301606,35.1658679],[127.0302491,35.1659282],[127.0302987,35.166005],[127.0303859,35.1660148]]}},{"type":"Feature","properties":{"slot":"mudeungsan_osm_hiking_path","source":"openStreetMap","sourceType":"hiking_paths","name":"","sourceIndex":"5863"},"geometry":{"type":"LineString","coordinates":[[126.9606954,35.1690593],[126.9607814,35.1694422],[126.9609157,35.1704547],[126.9609354,35.1708079]]}},{"type":"Feature","properties":{"slot":"mudeungsan_osm_hiking_path","source":"openStreetMap","sourceType":"hiking_paths","name":"","sourceIndex":"5865"},"geometry":{"type":"LineString","coordinates":[[126.9610548,35.1694203],[126.9611674,35.1703586],[126.9611929,35.1706456],[126.9611943,35.1710458],[126.9611567,35.1714645],[126.9609663,35.1720061],[126.9608107,35.1723087],[126.9604741,35.172871],[126.9604835,35.1730157],[126.9605531,35.1732517],[126.9605666,35.1733654],[126.9606525,35.1743235],[126.9606377,35.174955],[126.9606015,35.1755031]]}},{"type":"Feature","properties":{"slot":"mudeungsan_osm_hiking_path","source":"openStreetMap","sourceType":"hiking_paths","name":"","sourceIndex":"5871"},"geometry":{"type":"LineString","coordinates":[[126.9651747,35.1681757],[126.9648863,35.1682086],[126.9646758,35.1682886],[126.9645417,35.1682809],[126.9643633,35.1682217],[126.9640696,35.1683083],[126.9638631,35.1683259],[126.9633239,35.1685901],[126.9631791,35.1685978],[126.9628733,35.1689212],[126.962585,35.1690341],[126.9625716,35.1690615],[126.9626655,35.1695209],[126.9626749,35.1697916],[126.9626289,35.1699985]]}},{"type":"Feature","properties":{"slot":"mudeungsan_osm_hiking_path","source":"openStreetMap","sourceType":"hiking_paths","name":"","sourceIndex":"5938"},"geometry":{"type":"LineString","coordinates":[[126.969379,35.1690933],[126.9694179,35.1692906],[126.9693992,35.1694068],[126.9693455,35.1695099],[126.9691819,35.1697226],[126.9689566,35.1698563],[126.9688614,35.1699363],[126.9688091,35.1700449],[126.9687648,35.170133]]}},{"type":"Feature","properties":{"slot":"mudeungsan_osm_hiking_path","source":"openStreetMap","sourceType":"hiking_paths","name":"","sourceIndex":"5939"},"geometry":{"type":"LineString","coordinates":[[126.9684108,35.1696042],[126.9683598,35.1697609],[126.9683772,35.1697982],[126.9686441,35.1698421],[126.9687138,35.169876],[126.968797,35.1699681],[126.9688091,35.1700449]]}},{"type":"Feature","properties":{"slot":"mudeungsan_osm_hiking_path","source":"openStreetMap","sourceType":"hiking_paths","name":"","sourceIndex":"5950"},"geometry":{"type":"LineString","coordinates":[[126.9543761,35.1420275],[126.9543771,35.142203],[126.9544026,35.142255]]}},{"type":"Feature","properties":{"slot":"mudeungsan_osm_hiking_path","source":"openStreetMap","sourceType":"hiking_paths","name":"","sourceIndex":"5951"},"geometry":{"type":"LineString","coordinates":[[126.9942965,35.101564],[126.9944477,35.101607],[126.9946048,35.1016373],[126.9947928,35.1017835],[126.9949499,35.1017885],[126.9951225,35.1017507],[126.9952087,35.1020557]]}},{"type":"Feature","properties":{"slot":"mudeungsan_osm_hiking_path","source":"openStreetMap","sourceType":"hiking_paths","name":"","sourceIndex":"5952"},"geometry":{"type":"LineString","coordinates":[[126.9952004,35.1008125],[126.9953281,35.1009084],[126.995412,35.1009715],[126.9955075,35.1010345],[126.9957386,35.1010168]]}},{"type":"Feature","properties":{"slot":"mudeungsan_osm_hiking_path","source":"openStreetMap","sourceType":"hiking_paths","name":"","sourceIndex":"5953"},"geometry":{"type":"LineString","coordinates":[[126.9953281,35.1009084],[126.9954181,35.1010572],[126.9953565,35.1013521],[126.9953257,35.1014605],[126.9953319,35.1015134],[126.9952856,35.1016722],[126.9953812,35.1017907],[126.9953534,35.1019974],[126.9954798,35.1022621]]}},{"type":"Feature","properties":{"slot":"mudeungsan_osm_hiking_path","source":"openStreetMap","sourceType":"hiking_paths","name":"","sourceIndex":"5954"},"geometry":{"type":"LineString","coordinates":[[126.9949905,35.1008455],[126.9949929,35.100974],[126.9949529,35.1010244],[126.9948327,35.1011177],[126.9947804,35.1013067],[126.9948112,35.101463]]}},{"type":"Feature","properties":{"slot":"mudeungsan_osm_hiking_path","source":"openStreetMap","sourceType":"hiking_paths","name":"","sourceIndex":"6028"},"geometry":{"type":"LineString","coordinates":[[126.9804823,35.1621661],[126.9803592,35.1622772]]}},{"type":"Feature","properties":{"slot":"mudeungsan_osm_hiking_path","source":"openStreetMap","sourceType":"hiking_paths","name":"","sourceIndex":"6029"},"geometry":{"type":"LineString","coordinates":[[126.9800684,35.1622468],[126.9803592,35.1622772]]}},{"type":"Feature","properties":{"slot":"mudeungsan_osm_hiking_path","source":"openStreetMap","sourceType":"hiking_paths","name":"","sourceIndex":"6030"},"geometry":{"type":"LineString","coordinates":[[126.9794285,35.1622278],[126.9794377,35.1626182],[126.979333,35.1626283]]}},{"type":"Feature","properties":{"slot":"mudeungsan_osm_hiking_path","source":"openStreetMap","sourceType":"hiking_paths","name":"","sourceIndex":"6051"},"geometry":{"type":"LineString","coordinates":[[127.0060515,35.1230568],[127.0059122,35.1231543],[127.0058756,35.1231804],[127.005839,35.1232159],[127.0057839,35.1232481],[127.0057347,35.1232669],[127.0056384,35.1233405],[127.0055363,35.1233682]]}},{"type":"Feature","properties":{"slot":"mudeungsan_osm_hiking_path","source":"openStreetMap","sourceType":"hiking_paths","name":"","sourceIndex":"6053"},"geometry":{"type":"LineString","coordinates":[[126.9826136,35.1404803],[126.982806,35.1406386],[126.9829348,35.1410641],[126.983085,35.1411519],[126.9831761,35.1413536],[126.9832727,35.1415379],[126.9833893,35.1416379]]}},{"type":"Feature","properties":{"slot":"mudeungsan_osm_hiking_path","source":"openStreetMap","sourceType":"hiking_paths","name":"","sourceIndex":"6054"},"geometry":{"type":"LineString","coordinates":[[127.0293186,35.1145834],[127.029338,35.1145356]]}},{"type":"Feature","properties":{"slot":"mudeungsan_osm_hiking_path","source":"openStreetMap","sourceType":"hiking_paths","name":"","sourceIndex":"6058"},"geometry":{"type":"LineString","coordinates":[[126.99286,35.1046748],[126.9930289,35.1046797]]}},{"type":"Feature","properties":{"slot":"mudeungsan_osm_hiking_path","source":"openStreetMap","sourceType":"hiking_paths","name":"","sourceIndex":"6061"},"geometry":{"type":"LineString","coordinates":[[127.0278849,35.1126233],[127.0279618,35.1125142],[127.0279229,35.1123318],[127.0279477,35.1121783],[127.0280503,35.1120683],[127.02816,35.112051],[127.0284396,35.1120654],[127.0285635,35.1120104],[127.0286453,35.1118886]]}},{"type":"Feature","properties":{"slot":"mudeungsan_osm_hiking_path","source":"openStreetMap","sourceType":"hiking_paths","name":"","sourceIndex":"6062"},"geometry":{"type":"LineString","coordinates":[[127.016228,35.1179684],[127.016195,35.1180548],[127.0160527,35.1180681],[127.0159816,35.1181396]]}},{"type":"Feature","properties":{"slot":"mudeungsan_osm_hiking_path","source":"openStreetMap","sourceType":"hiking_paths","name":"","sourceIndex":"6063"},"geometry":{"type":"LineString","coordinates":[[127.0149021,35.117453],[127.0150878,35.1174051],[127.0152951,35.1175049],[127.0154821,35.117598],[127.0157342,35.1176246],[127.0157708,35.1177177],[127.015945,35.1176782]]}},{"type":"Feature","properties":{"slot":"mudeungsan_osm_hiking_path","source":"openStreetMap","sourceType":"hiking_paths","name":"","sourceIndex":"6064"},"geometry":{"type":"LineString","coordinates":[[126.9987428,35.1159911],[126.9987693,35.1160922],[126.9987506,35.1162326],[126.998779,35.1162813]]}},{"type":"Feature","properties":{"slot":"mudeungsan_osm_hiking_path","source":"openStreetMap","sourceType":"hiking_paths","name":"","sourceIndex":"6149"},"geometry":{"type":"LineString","coordinates":[[126.9765791,35.1380625],[126.9758315,35.1376914],[126.9753863,35.1376958],[126.9748981,35.1373887],[126.9744475,35.1375641],[126.973862,35.1375253]]}},{"type":"Feature","properties":{"slot":"mudeungsan_osm_hiking_path","source":"openStreetMap","sourceType":"hiking_paths","name":"","sourceIndex":"6153"},"geometry":{"type":"LineString","coordinates":[[126.9448122,35.159289],[126.9448657,35.1591767],[126.9448228,35.1590189],[126.9447209,35.1588259],[126.9446351,35.1587864],[126.9446501,35.1586884]]}},{"type":"Feature","properties":{"slot":"mudeungsan_osm_hiking_path","source":"openStreetMap","sourceType":"hiking_paths","name":"","sourceIndex":"6187"},"geometry":{"type":"LineString","coordinates":[[126.9892227,35.146558],[126.9890571,35.1466041],[126.9889685,35.1466633],[126.9888318,35.1466896],[126.98864,35.1467094]]}},{"type":"Feature","properties":{"slot":"mudeungsan_osm_hiking_path","source":"openStreetMap","sourceType":"hiking_paths","name":"","sourceIndex":"6188"},"geometry":{"type":"LineString","coordinates":[[126.9835759,35.2004302],[126.9834405,35.2002144],[126.983124,35.1998725],[126.9830006,35.1997059],[126.9830489,35.1994341],[126.9830275,35.1991624],[126.9828665,35.1989519],[126.9826037,35.1986363],[126.9823515,35.1984391],[126.9821155,35.1984084],[126.9820028,35.1982155],[126.9820028,35.1978867],[126.9819277,35.197615],[126.9818097,35.1974528],[126.9815093,35.1971327],[126.9813967,35.1970319],[126.9811338,35.1969618],[126.9808549,35.1968566],[126.9805545,35.1965147],[126.9803345,35.1963086],[126.9801736,35.196199],[126.9799697,35.1960719],[126.9798195,35.1959272],[126.9797337,35.1957168],[126.979664,35.1953267],[126.9796908,35.1949935],[126.9798785,35.1947787],[126.9799,35.1946033],[126.9796908,35.1941124],[126.9795728,35.1938581],[126.9792616,35.1936871],[126.9788217,35.1937266],[126.9784355,35.193652],[126.9782156,35.1935512],[126.9779098,35.1934153],[126.9774967,35.1932093],[126.9772232,35.1931128],[126.9770676,35.1930865],[126.9765955,35.1931961],[126.9764024,35.1931391],[126.9759679,35.192784],[126.9758767,35.1926613],[126.9757962,35.1925868],[126.9753671,35.1925035],[126.9751203,35.192464],[126.9747823,35.1923895],[126.9745302,35.1922185],[126.9744283,35.1921177],[126.9745249,35.1917494],[126.9744283,35.1915916],[126.9744015,35.1913943],[126.9744444,35.1910655],[126.9744605,35.1909209],[126.9744229,35.1908288],[126.9742244,35.1906622],[126.9741869,35.1905526],[126.9741869,35.1901975],[126.973967,35.1899915],[126.9737202,35.1898205],[126.9734412,35.1896583],[126.9732749,35.1894434],[126.9731677,35.1894084],[126.972937,35.1894303],[126.9727814,35.1893996],[126.9724166,35.1891366],[126.972127,35.1889217],[126.9719285,35.1887946],[126.9718105,35.1887508],[126.9713759,35.1887376],[126.9711935,35.1886762],[126.9708288,35.1885228],[126.9706196,35.1884439],[126.9705123,35.1884351],[126.9700885,35.1885579],[126.9698203,35.1886148],[126.9693267,35.1886017],[126.9690961,35.1885885],[126.9689888,35.1885272],[126.9686776,35.1884483],[126.9680822,35.1885052],[126.9678354,35.1885052],[126.967653,35.1884483],[126.9675457,35.1883781],[126.9674921,35.1882597],[126.9675404,35.1877336],[126.9676369,35.1873697],[126.9676155,35.1871374],[126.9675672,35.1867954],[126.9676155,35.1866595],[126.9678622,35.1862781],[126.9678354,35.1861685],[126.9677818,35.1861071],[126.9672668,35.1857827],[126.9669449,35.1855152],[126.9666123,35.185068],[126.9665372,35.1847523],[126.9664353,35.1843446],[126.9665104,35.1842175],[126.9668162,35.1837834],[126.9669288,35.183665],[126.9670039,35.1835466],[126.9670415,35.1834195],[126.9670254,35.182946],[126.9672936,35.1823409],[126.967594,35.1819156],[126.9679105,35.1814553],[126.9683236,35.1810738],[126.9686133,35.1807888],[126.9688654,35.1807318],[126.9692945,35.180609],[126.9694447,35.1805608],[126.9697022,35.1805038],[126.9700777,35.1803767],[126.970244,35.1801925],[126.9705498,35.180061],[126.97092,35.1800215],[126.9711721,35.1799821],[126.9714349,35.1798768],[126.9717085,35.1797321],[126.9719177,35.1796444],[126.9723898,35.1794515],[126.9727278,35.1791271],[126.9730711,35.1787982],[126.9731247,35.178465],[126.9731194,35.1781624],[126.9733554,35.1778511],[126.9733715,35.1774477],[126.9735002,35.1772241],[126.9735485,35.1770531],[126.973511,35.1767023],[126.97357,35.1764129],[126.9737256,35.1762331],[126.9740099,35.1759438],[126.9742459,35.1756324],[126.9744873,35.1753211],[126.9746107,35.1751194],[126.9746,35.1750186],[126.9746804,35.1747335],[126.9747931,35.1744792],[126.9750935,35.1741942],[126.9752383,35.1740495],[126.975292,35.173839],[126.9754958,35.173554],[126.9756353,35.1733347],[126.9757318,35.173041],[126.9757748,35.17262],[126.975882,35.1724402],[126.9759464,35.1721333],[126.9761342,35.1719623],[126.9764507,35.171743],[126.9768208,35.171572],[126.9771534,35.1714887],[126.9773036,35.1714317],[126.9773948,35.1711335],[126.9773251,35.1708528],[126.9771856,35.1704801],[126.9771051,35.1703836],[126.9768155,35.170217],[126.9765472,35.1701381],[126.9763112,35.1700109],[126.9760859,35.1698969],[126.9760537,35.169682],[126.9760215,35.1692654],[126.9761717,35.1689058],[126.9762361,35.1687874],[126.976161,35.1685419],[126.9759625,35.1683621],[126.9758284,35.1680463],[126.9757265,35.1677262],[126.9756889,35.1675947],[126.9755763,35.167428],[126.9753134,35.1672701],[126.9750291,35.1671474],[126.9746375,35.1670202],[126.9742942,35.1670158],[126.974144,35.1669062],[126.9738436,35.1666737],[126.9735753,35.1663755],[126.9734466,35.1662264],[126.9733876,35.1660466],[126.9734359,35.1657441],[126.9734037,35.1656257],[126.9734038,35.1654913]]}},{"type":"Feature","properties":{"slot":"mudeungsan_osm_hiking_path","source":"openStreetMap","sourceType":"hiking_paths","name":"","sourceIndex":"6200"},"geometry":{"type":"LineString","coordinates":[[126.9961756,35.150872],[126.9960593,35.1510051],[126.9958874,35.1511278],[126.9957947,35.1512036],[126.9956883,35.1512036],[126.9955846,35.1512527],[126.9954809,35.1512862],[126.9953282,35.1513709],[126.9952709,35.1514646],[126.99523,35.1515784],[126.9951754,35.151623],[126.9949953,35.1517078],[126.9948208,35.1517769],[126.9947335,35.1518572],[126.994567,35.1519732],[126.9943543,35.1521137],[126.9941033,35.1522431],[126.9938987,35.1523635],[126.9936968,35.1524751],[126.9935904,35.152484],[126.9934595,35.1525018],[126.9933722,35.1524461],[126.9932685,35.1523791],[126.9930421,35.1523501],[126.9928784,35.1523836],[126.9927693,35.1524238],[126.9925619,35.1525219],[126.9923055,35.1526624],[126.9920627,35.1528007],[126.9919126,35.1528208],[126.9916535,35.1528319],[126.9915553,35.1527739],[126.9913834,35.1527645],[126.9913282,35.1527773],[126.9912736,35.15277],[126.9911488,35.1527741]]}},{"type":"Feature","properties":{"slot":"mudeungsan_osm_hiking_path","source":"openStreetMap","sourceType":"hiking_paths","name":"","sourceIndex":"6201"},"geometry":{"type":"LineString","coordinates":[[127.0006092,35.1431788],[127.0006015,35.1433495],[127.0006424,35.143461],[127.000566,35.1436796],[127.0005388,35.1437666],[127.0005279,35.1439964],[127.000506,35.144099],[127.0004624,35.1441771],[127.000225,35.1444715],[127.0001405,35.144563],[127.0000886,35.1446991],[127.0000777,35.144795],[127.0000832,35.1449868],[127.0000614,35.145056],[126.9999004,35.1451497],[126.9997122,35.1452858],[126.9997012,35.1454018],[126.9996631,35.1455713],[126.9996412,35.1456516],[126.9994448,35.1458144],[126.9992348,35.1459951],[126.9991747,35.1460643],[126.9991284,35.1461914],[126.9991529,35.1464257],[126.9990847,35.1465082],[126.9991202,35.1465751],[126.9988637,35.1468629],[126.9987901,35.1469945],[126.9987819,35.1470725],[126.9986919,35.1471885],[126.9986919,35.1474741],[126.9985882,35.1476927],[126.9986182,35.1478377],[126.9985855,35.1480652],[126.9985145,35.1481968],[126.9984818,35.1484087],[126.9984845,35.1485314],[126.9985418,35.148634],[126.9984736,35.1487656],[126.9984027,35.148837],[126.9984218,35.148953],[126.9980753,35.149388],[126.9979744,35.1495173],[126.9977425,35.1497761],[126.9976743,35.1498519],[126.997497,35.1499166],[126.9973006,35.1499813],[126.9971096,35.1500482],[126.9970375,35.1500615]]}},{"type":"Feature","properties":{"slot":"mudeungsan_osm_hiking_path","source":"openStreetMap","sourceType":"hiking_paths","name":"","sourceIndex":"6202"},"geometry":{"type":"LineString","coordinates":[[126.9967795,35.1412927],[126.9966977,35.1414176],[126.9966104,35.1414734],[126.9965776,35.1415671],[126.9965476,35.1416541],[126.9966076,35.1416831],[126.9966295,35.1417656],[126.9967031,35.1418147],[126.9968177,35.1418482],[126.9968804,35.1418258],[126.9969295,35.1419642],[126.9969623,35.1420757],[126.9970359,35.1421783],[126.9971532,35.142214],[126.997276,35.1423255],[126.9973169,35.1423969],[126.9974342,35.1424594],[126.9974997,35.1425308],[126.997557,35.1425843],[126.9976258,35.1426583]]}},{"type":"Feature","properties":{"slot":"mudeungsan_osm_hiking_path","source":"openStreetMap","sourceType":"hiking_paths","name":"","sourceIndex":"6205"},"geometry":{"type":"LineString","coordinates":[[126.9658077,35.1389583],[126.9659203,35.1390087],[126.9660732,35.1390921],[126.9661859,35.1391381],[126.9662717,35.1392676],[126.9662958,35.139386],[126.9663039,35.1394584],[126.9662261,35.1395483],[126.9661939,35.1396207],[126.9661939,35.1398992],[126.9661698,35.1400133],[126.9660974,35.1400725],[126.9660652,35.1401339],[126.9660062,35.1403116],[126.9658935,35.1404278],[126.9656226,35.140656],[126.965518,35.1408029],[126.9654831,35.1408841],[126.9654375,35.141053],[126.9653624,35.141178],[126.9651934,35.1413315],[126.965113,35.1414039],[126.9651157,35.1414587],[126.9651934,35.1415991],[126.9652042,35.1416649],[126.9651827,35.1417022],[126.9649896,35.1418031],[126.9649547,35.1418798],[126.9649923,35.1419412],[126.9650915,35.1421255],[126.9651398,35.1421803],[126.9652015,35.142279]]}},{"type":"Feature","properties":{"slot":"mudeungsan_osm_hiking_path","source":"openStreetMap","sourceType":"hiking_paths","name":"","sourceIndex":"6206"},"geometry":{"type":"LineString","coordinates":[[126.9630611,35.1399146],[126.9631818,35.1400418],[126.963214,35.1401427],[126.9631818,35.1402875],[126.9631362,35.1403818],[126.9630182,35.1405134],[126.9628251,35.1406647],[126.962758,35.1407525],[126.962707,35.1408139],[126.9626749,35.1409543],[126.9626266,35.1410003],[126.9625595,35.1410837],[126.9625407,35.1415421],[126.9625032,35.1417636],[126.962412,35.1419215],[126.9623208,35.1419961],[126.9621438,35.1421036],[126.9620714,35.1421299],[126.9616422,35.1421584],[126.9612586,35.1421957],[126.9611621,35.1421781],[126.9610602,35.142143],[126.9609958,35.1421365],[126.9608724,35.1422571],[126.9606042,35.1423865],[126.9602287,35.1425225],[126.959998,35.1425663],[126.9597378,35.1425992],[126.9595715,35.1426234],[126.9595098,35.1426694],[126.9593355,35.1427857],[126.9592121,35.1428822],[126.9590646,35.1430664],[126.9589573,35.1432199],[126.9588822,35.1433844],[126.958783,35.1435138],[126.9586676,35.1436125],[126.9585282,35.143709],[126.9584772,35.1438253],[126.9584732,35.1439722],[126.958449,35.1443451],[126.9584624,35.1444219]]}},{"type":"Feature","properties":{"slot":"mudeungsan_osm_hiking_path","source":"openStreetMap","sourceType":"hiking_paths","name":"","sourceIndex":"6207"},"geometry":{"type":"LineString","coordinates":[[126.9634017,35.1362845],[126.9632971,35.1363744],[126.963104,35.1364402],[126.9628653,35.1364512],[126.962707,35.1365082],[126.9626024,35.1365762],[126.9625863,35.1366376],[126.9625488,35.1368109],[126.9623771,35.1370017],[126.9622698,35.1371005],[126.9621035,35.1372452],[126.9619507,35.1372957],[126.9618675,35.1373439],[126.9615993,35.1376115],[126.9615054,35.1377322],[126.9614303,35.1378265]]}},{"type":"Feature","properties":{"slot":"mudeungsan_osm_hiking_path","source":"openStreetMap","sourceType":"hiking_paths","name":"","sourceIndex":"6208"},"geometry":{"type":"LineString","coordinates":[[126.9451708,35.1247307],[126.9451064,35.1249018],[126.9450031,35.1249796],[126.9447537,35.1251036],[126.9445793,35.1252352],[126.9444358,35.1253438],[126.9443379,35.125414],[126.9442481,35.1255314],[126.9440898,35.1256608],[126.944004,35.1257178],[126.943599,35.1259965],[126.9433656,35.1260886],[126.9429606,35.1262597],[126.9427353,35.1263321],[126.9425958,35.1262904],[126.9424805,35.1262465],[126.9422954,35.1261917],[126.942113,35.1261961],[126.9419146,35.1261829],[126.9417402,35.1261456],[126.9416866,35.1261061],[126.941539,35.1261325],[126.9412172,35.1261127],[126.9410616,35.126093],[126.9408229,35.1259965],[126.9407156,35.1259087],[126.9406915,35.1257551],[126.9408095,35.1254305],[126.9408363,35.1251826],[126.94078,35.1249149],[126.9407183,35.1247307],[126.9405895,35.1246692],[126.9404367,35.1245749],[126.9402891,35.1245288],[126.9402033,35.1245266],[126.9401014,35.1244455],[126.9398922,35.1242831],[126.9398664,35.1242585]]}},{"type":"Feature","properties":{"slot":"mudeungsan_osm_hiking_path","source":"openStreetMap","sourceType":"hiking_paths","name":"","sourceIndex":"6209"},"geometry":{"type":"LineString","coordinates":[[126.9467492,35.1249577],[126.9467492,35.1250246],[126.9468082,35.1250564],[126.9467774,35.1251003],[126.9468297,35.1251255],[126.9468431,35.1251683],[126.9468498,35.1252188],[126.9468807,35.1252286],[126.9468954,35.1252725],[126.9469209,35.1252955],[126.9469598,35.1253032],[126.9469665,35.1253219],[126.9469531,35.1253438],[126.9469544,35.1253778],[126.9469853,35.1253844],[126.9469906,35.1254436],[126.9470188,35.1254425],[126.9470134,35.1254853],[126.9470698,35.1255193],[126.9470711,35.1255544],[126.9470966,35.1255862],[126.9471006,35.1256279],[126.9471234,35.12564],[126.9471315,35.1256487],[126.9471556,35.1257354],[126.9471543,35.1257946],[126.9471408,35.1258571],[126.9471516,35.125889],[126.9471422,35.1259482],[126.9471167,35.1259899],[126.9471167,35.1260392],[126.9471516,35.1261237],[126.9471677,35.1262071],[126.9471744,35.1262762],[126.9471771,35.1263233],[126.9471905,35.1263617],[126.9471958,35.126433],[126.9471985,35.1264626],[126.9472508,35.126546],[126.9472548,35.1266447],[126.947224,35.1267149],[126.9472307,35.1267763],[126.94722,35.1268268],[126.94722,35.1268805],[126.9471851,35.1269376],[126.9471583,35.1269683],[126.947165,35.1269968],[126.9471234,35.1270604],[126.9470926,35.1271361],[126.9470698,35.1272282],[126.9470631,35.12735],[126.947059,35.1273807],[126.9470389,35.1274103],[126.9470376,35.127452],[126.9470349,35.1275496],[126.9470188,35.1275957],[126.9470014,35.1276088],[126.9469598,35.1276154],[126.9469558,35.1276505],[126.9469343,35.1276692],[126.9469008,35.1276736],[126.9468833,35.1276845],[126.946886,35.1277514],[126.9468203,35.1277427],[126.9468136,35.1277602],[126.9467922,35.1278008],[126.9467653,35.1278096],[126.9467466,35.127826],[126.9467144,35.1278216],[126.9467063,35.1278556],[126.9466943,35.1278732],[126.9466446,35.1278699],[126.9466299,35.1279225],[126.9466272,35.1279478],[126.946591,35.1279533],[126.9465762,35.1279982],[126.9465387,35.1280136],[126.9464649,35.1280991],[126.9464073,35.1281529],[126.9463845,35.1281682],[126.9463442,35.1281737],[126.946312,35.1282132],[126.9462906,35.1282242],[126.946249,35.1282417],[126.9462128,35.1282812],[126.9461592,35.1283459],[126.9461484,35.1283701],[126.9461015,35.1284084],[126.9460465,35.1285017],[126.9460063,35.1285412],[126.9459526,35.1286289],[126.9459338,35.1286892],[126.9458923,35.1287627],[126.9458829,35.1287781],[126.9458494,35.1288033],[126.9457944,35.1288735],[126.9457743,35.1289229],[126.9457139,35.1289711],[126.9456616,35.1290106],[126.9456013,35.1290303],[126.9455677,35.1290194],[126.9455355,35.1290073],[126.945447,35.1290622],[126.9454068,35.12906],[126.9453719,35.1290841],[126.9453478,35.1291115],[126.9452593,35.1291345],[126.9452284,35.1291543],[126.9452003,35.1291817],[126.9451506,35.1292486],[126.9451319,35.129298],[126.9449911,35.1293868],[126.9448945,35.1294395],[126.9447979,35.1294614],[126.944759,35.1294768],[126.944645,35.1295393],[126.9446075,35.1295481],[126.9445659,35.129581],[126.9444506,35.1296314],[126.9444264,35.129649],[126.9443701,35.1296523],[126.9442508,35.129717],[126.9442253,35.1297586],[126.9441126,35.1298277],[126.9440617,35.1298661],[126.9439463,35.1299177],[126.9438806,35.1299583],[126.9438431,35.1299901],[126.9437586,35.1299956],[126.9436996,35.1300285],[126.943599,35.1301052],[126.9435252,35.1301239],[126.9434756,35.1301721],[126.9433737,35.130205],[126.9433066,35.1302149],[126.9432744,35.1302347],[126.9431926,35.1302588],[126.9431497,35.1302731],[126.9430853,35.1303114],[126.9430361,35.1303397],[126.9429935,35.1303698],[126.942908,35.1304433],[126.9428225,35.1304809],[126.9427581,35.130499],[126.9426917,35.1305138],[126.9425838,35.1305165],[126.9425026,35.1305314],[126.9424168,35.1305308],[126.9423202,35.1305303],[126.9422673,35.1305297],[126.9422083,35.1305204],[126.9421526,35.1305209],[126.9421171,35.1305248],[126.9420715,35.130516],[126.9420319,35.1304754],[126.9420024,35.1304359],[126.9419803,35.1304173],[126.9419661,35.130409]]}},{"type":"Feature","properties":{"slot":"mudeungsan_osm_hiking_path","source":"openStreetMap","sourceType":"hiking_paths","name":"","sourceIndex":"6210"},"geometry":{"type":"LineString","coordinates":[[126.946705,35.1691251],[126.9463938,35.1691602],[126.9460344,35.1693663],[126.9457689,35.1694913],[126.9456723,35.1695307],[126.945557,35.169568],[126.9453934,35.169579],[126.9452485,35.1695351],[126.9450286,35.1694956],[126.9447899,35.1694562],[126.9445083,35.1693992],[126.9442373,35.1693794],[126.9438565,35.1693838],[126.9435078,35.1694299],[126.9429874,35.1695],[126.9425583,35.1695614],[126.9422337,35.1695833],[126.9421265,35.1695899],[126.941936,35.1695461],[126.941708,35.1693948],[126.9414666,35.1692676],[126.9413084,35.1692654],[126.9411394,35.1692698],[126.9410495,35.1692906],[126.9409892,35.1693268],[126.9408672,35.1694288],[126.9406137,35.1695132],[126.9404474,35.1696776],[126.9402529,35.1697566],[126.9401725,35.1697302],[126.9399281,35.1695845]]}},{"type":"Feature","properties":{"slot":"mudeungsan_osm_hiking_path","source":"openStreetMap","sourceType":"hiking_paths","name":"","sourceIndex":"6211"},"geometry":{"type":"LineString","coordinates":[[126.9396147,35.1675268],[126.9397125,35.1674236],[126.9397473,35.1673513],[126.9397688,35.1672329],[126.9398734,35.1670882],[126.9399887,35.1670114],[126.9401363,35.1669018],[126.9401872,35.1668228],[126.940214,35.1666255],[126.9403052,35.1664852],[126.9404608,35.1662988],[126.9405198,35.1661826],[126.9405627,35.1660773],[126.9405976,35.1659787],[126.9405869,35.1658449],[126.9405654,35.1656629],[126.9405252,35.165516],[126.9405761,35.1654305],[126.9406539,35.1653406],[126.9407693,35.1652397],[126.9408631,35.1651761]]}},{"type":"Feature","properties":{"slot":"mudeungsan_osm_hiking_path","source":"openStreetMap","sourceType":"hiking_paths","name":"","sourceIndex":"6383"},"geometry":{"type":"LineString","coordinates":[[126.9536008,35.0908533],[126.9535867,35.0909298],[126.9535743,35.0909834],[126.9535513,35.0910442],[126.9535195,35.0911007],[126.9534841,35.0911673],[126.9534504,35.0912165],[126.9534381,35.0912614],[126.9534027,35.0914685]]}},{"type":"Feature","properties":{"slot":"mudeungsan_osm_hiking_path","source":"openStreetMap","sourceType":"hiking_paths","name":"","sourceIndex":"6454"},"geometry":{"type":"LineString","coordinates":[[127.0066693,35.1096066],[127.0068165,35.1095787],[127.0070111,35.1094543],[127.0072329,35.1093593],[127.0072183,35.1092981],[127.0073765,35.1091665],[127.0073819,35.1090677],[127.0074302,35.1090546],[127.0074382,35.1089734],[127.0075744,35.1089224],[127.0075925,35.1088336]]}},{"type":"Feature","properties":{"slot":"mudeungsan_osm_hiking_path","source":"openStreetMap","sourceType":"hiking_paths","name":"무등산 등산로","sourceIndex":"6455"},"geometry":{"type":"LineString","coordinates":[[126.9985611,35.1161281],[126.9986557,35.1160749],[126.9987428,35.1159911]]}},{"type":"Feature","properties":{"slot":"mudeungsan_osm_hiking_path","source":"openStreetMap","sourceType":"hiking_paths","name":"무등산 등산로","sourceIndex":"6456"},"geometry":{"type":"LineString","coordinates":[[126.998779,35.1162813],[126.9991291,35.1164394],[126.9993894,35.1165587],[126.9997012,35.1166644],[126.9998115,35.116667],[126.9998675,35.1166618],[126.9999495,35.1166966],[127.0000836,35.1166977],[127.0001629,35.1167265],[127.0002338,35.1167899],[127.0003331,35.11682],[127.0004672,35.1168063],[127.0006013,35.1168612],[127.000933,35.1169006],[127.0010801,35.1169105],[127.0011415,35.1169321],[127.0013201,35.1169138],[127.0013644,35.1169051],[127.0014274,35.116938],[127.001513,35.1170098],[127.0016898,35.1170068],[127.0019378,35.1171183],[127.0019974,35.1171628],[127.0020895,35.1171882],[127.0022308,35.1172139],[127.002274,35.1172771],[127.0023199,35.1173095],[127.0022588,35.1173641]]}},{"type":"Feature","properties":{"slot":"mudeungsan_osm_hiking_path","source":"openStreetMap","sourceType":"hiking_paths","name":"무등산 등산로","sourceIndex":"6457"},"geometry":{"type":"LineString","coordinates":[[126.9986129,35.1225102],[126.9985808,35.1225314]]}},{"type":"Feature","properties":{"slot":"mudeungsan_osm_hiking_path","source":"openStreetMap","sourceType":"hiking_paths","name":"","sourceIndex":"6458"},"geometry":{"type":"LineString","coordinates":[[127.0192778,35.1381029],[127.0192399,35.1380744],[127.0191497,35.1379219]]}},{"type":"Feature","properties":{"slot":"mudeungsan_osm_hiking_path","source":"openStreetMap","sourceType":"hiking_paths","name":"","sourceIndex":"6459"},"geometry":{"type":"LineString","coordinates":[[127.0200299,35.138458],[127.0199776,35.1384087],[127.019865,35.1383627],[127.0196704,35.1382816],[127.0194854,35.1381972],[127.0193338,35.138128],[127.0192778,35.1381029]]}},{"type":"Feature","properties":{"slot":"mudeungsan_osm_hiking_path","source":"openStreetMap","sourceType":"hiking_paths","name":"","sourceIndex":"6460"},"geometry":{"type":"LineString","coordinates":[[127.0263264,35.0915977],[127.0263518,35.091747],[127.0263793,35.0918748]]}},{"type":"Feature","properties":{"slot":"mudeungsan_osm_hiking_path","source":"openStreetMap","sourceType":"hiking_paths","name":"","sourceIndex":"6461"},"geometry":{"type":"LineString","coordinates":[[127.0263793,35.0918748],[127.0263766,35.0919061],[127.0263679,35.0919578],[127.0261867,35.0919577],[127.0260139,35.0918261],[127.0258972,35.0917361],[127.0258476,35.0917262]]}},{"type":"Feature","properties":{"slot":"mudeungsan_osm_hiking_path","source":"openStreetMap","sourceType":"hiking_paths","name":"","sourceIndex":"7309"},"geometry":{"type":"LineString","coordinates":[[126.932689,35.1414167],[126.9325146,35.1413923]]}},{"type":"Feature","properties":{"slot":"mudeungsan_osm_hiking_path","source":"openStreetMap","sourceType":"hiking_paths","name":"","sourceIndex":"7310"},"geometry":{"type":"LineString","coordinates":[[126.932689,35.1414167],[126.9328477,35.1414295]]}},{"type":"Feature","properties":{"slot":"mudeungsan_osm_hiking_path","source":"openStreetMap","sourceType":"hiking_paths","name":"","sourceIndex":"7311"},"geometry":{"type":"LineString","coordinates":[[126.9328589,35.14144],[126.9328477,35.1414295]]}},{"type":"Feature","properties":{"slot":"mudeungsan_osm_hiking_path","source":"openStreetMap","sourceType":"hiking_paths","name":"","sourceIndex":"7312"},"geometry":{"type":"LineString","coordinates":[[126.9228717,35.1709626],[126.922898,35.1709042],[126.922943,35.1708654],[126.9230727,35.1708264],[126.9233399,35.1707724],[126.9235495,35.1707301],[126.9241051,35.1706179],[126.9241424,35.1706094],[126.9258102,35.1702306],[126.925875,35.1702171],[126.9271005,35.1699612],[126.9275928,35.1698584],[126.9282087,35.1697141],[126.9282876,35.1696965],[126.9296656,35.1693892],[126.9297065,35.1693798],[126.9309202,35.1691009],[126.9310199,35.1690782],[126.931958,35.1688639],[126.9321188,35.1688272],[126.932443,35.1687731],[126.9324786,35.1687994],[126.9325483,35.1688345]]}},{"type":"Feature","properties":{"slot":"mudeungsan_osm_hiking_path","source":"openStreetMap","sourceType":"hiking_paths","name":"","sourceIndex":"7574"},"geometry":{"type":"LineString","coordinates":[[126.9348396,35.1248424],[126.9342319,35.1246814]]}},{"type":"Feature","properties":{"slot":"mudeungsan_osm_hiking_path","source":"openStreetMap","sourceType":"hiking_paths","name":"","sourceIndex":"7609"},"geometry":{"type":"LineString","coordinates":[[126.9624677,35.0868209],[126.9625528,35.0868451],[126.9626319,35.0868605],[126.9626909,35.0868769],[126.9627205,35.0868857],[126.9627674,35.0869219],[126.9627969,35.0869504],[126.9628935,35.0870042],[126.9629511,35.0870503],[126.963045,35.0871107],[126.9630799,35.0871271],[126.9631617,35.0871381],[126.9632462,35.0871557],[126.9634098,35.0871282],[126.9634876,35.0871238],[126.9636177,35.0871271],[126.9637115,35.0871348],[126.9637799,35.0871513],[126.9638899,35.0871205],[126.9639945,35.0871183],[126.9641152,35.0871194],[126.9641729,35.0871063],[126.9642855,35.0871183],[126.9643204,35.0871359],[126.9643499,35.0871644],[126.9643807,35.0871897],[126.9643968,35.0872226],[126.9644357,35.0873181],[126.9644988,35.0874805],[126.9645524,35.0876418],[126.9645591,35.0877285],[126.9645698,35.0877691],[126.9645967,35.0878042],[126.9646114,35.0878676]]}},{"type":"Feature","properties":{"slot":"mudeungsan_osm_hiking_path","source":"openStreetMap","sourceType":"hiking_paths","name":"","sourceIndex":"7792"},"geometry":{"type":"LineString","coordinates":[[126.9349091,35.1510075],[126.934902,35.1508494],[126.9348948,35.1506894],[126.9348842,35.1504558]]}},{"type":"Feature","properties":{"slot":"mudeungsan_osm_hiking_path","source":"openStreetMap","sourceType":"hiking_paths","name":"","sourceIndex":"8476"},"geometry":{"type":"LineString","coordinates":[[126.9330346,35.1456658],[126.9329997,35.1455998]]}},{"type":"Feature","properties":{"slot":"mudeungsan_osm_hiking_path","source":"openStreetMap","sourceType":"hiking_paths","name":"","sourceIndex":"8477"},"geometry":{"type":"LineString","coordinates":[[126.933362,35.1419777],[126.9333516,35.1420564],[126.9333907,35.1421311]]}},{"type":"Feature","properties":{"slot":"mudeungsan_osm_hiking_path","source":"openStreetMap","sourceType":"hiking_paths","name":"","sourceIndex":"8478"},"geometry":{"type":"LineString","coordinates":[[126.933245,35.1425105],[126.9337201,35.1425784],[126.9337633,35.1425873]]}},{"type":"Feature","properties":{"slot":"mudeungsan_osm_hiking_path","source":"openStreetMap","sourceType":"hiking_paths","name":"","sourceIndex":"8479"},"geometry":{"type":"LineString","coordinates":[[126.9317892,35.1423262],[126.9319005,35.141564]]}},{"type":"Feature","properties":{"slot":"mudeungsan_osm_hiking_path","source":"openStreetMap","sourceType":"hiking_paths","name":"","sourceIndex":"8480"},"geometry":{"type":"LineString","coordinates":[[126.9321808,35.1435281],[126.9321512,35.1435683]]}},{"type":"Feature","properties":{"slot":"mudeungsan_osm_hiking_path","source":"openStreetMap","sourceType":"hiking_paths","name":"","sourceIndex":"8481"},"geometry":{"type":"LineString","coordinates":[[126.9321693,35.1433936],[126.9321762,35.1434738],[126.9321808,35.1435281]]}},{"type":"Feature","properties":{"slot":"mudeungsan_osm_hiking_path","source":"openStreetMap","sourceType":"hiking_paths","name":"","sourceIndex":"8482"},"geometry":{"type":"LineString","coordinates":[[126.9317892,35.1423262],[126.9316571,35.1432907],[126.93169,35.1433548],[126.9317463,35.1433938],[126.9320132,35.1433822],[126.9320809,35.1434009],[126.9321693,35.1433936],[126.9322599,35.1433861],[126.9322962,35.1433515]]}},{"type":"Feature","properties":{"slot":"mudeungsan_osm_hiking_path","source":"openStreetMap","sourceType":"hiking_paths","name":"","sourceIndex":"8483"},"geometry":{"type":"LineString","coordinates":[[126.9317892,35.1423262],[126.9322263,35.142383]]}},{"type":"Feature","properties":{"slot":"mudeungsan_osm_hiking_path","source":"openStreetMap","sourceType":"hiking_paths","name":"","sourceIndex":"8484"},"geometry":{"type":"LineString","coordinates":[[126.931657,35.1423135],[126.9317229,35.1423188],[126.9317892,35.1423262]]}},{"type":"Feature","properties":{"slot":"mudeungsan_osm_hiking_path","source":"openStreetMap","sourceType":"hiking_paths","name":"","sourceIndex":"8485"},"geometry":{"type":"LineString","coordinates":[[126.9319666,35.1441799],[126.93198,35.1442025]]}},{"type":"Feature","properties":{"slot":"mudeungsan_osm_hiking_path","source":"openStreetMap","sourceType":"hiking_paths","name":"","sourceIndex":"8486"},"geometry":{"type":"LineString","coordinates":[[126.931373,35.1435607],[126.9313713,35.1434868],[126.9313695,35.1434064]]}},{"type":"Feature","properties":{"slot":"mudeungsan_osm_hiking_path","source":"openStreetMap","sourceType":"hiking_paths","name":"","sourceIndex":"8487"},"geometry":{"type":"LineString","coordinates":[[126.9303669,35.1435435],[126.9303782,35.1434687],[126.930387,35.1434106]]}},{"type":"Feature","properties":{"slot":"mudeungsan_osm_hiking_path","source":"openStreetMap","sourceType":"hiking_paths","name":"","sourceIndex":"8492"},"geometry":{"type":"LineString","coordinates":[[126.9305956,35.1410597],[126.9305997,35.1409575]]}},{"type":"Feature","properties":{"slot":"mudeungsan_osm_hiking_path","source":"openStreetMap","sourceType":"hiking_paths","name":"","sourceIndex":"8493"},"geometry":{"type":"LineString","coordinates":[[126.9307299,35.1410721],[126.9307378,35.140974]]}},{"type":"Feature","properties":{"slot":"mudeungsan_osm_hiking_path","source":"openStreetMap","sourceType":"hiking_paths","name":"","sourceIndex":"8494"},"geometry":{"type":"LineString","coordinates":[[126.9308684,35.1410849],[126.9308732,35.1410244]]}},{"type":"Feature","properties":{"slot":"mudeungsan_osm_hiking_path","source":"openStreetMap","sourceType":"hiking_paths","name":"","sourceIndex":"8495"},"geometry":{"type":"LineString","coordinates":[[126.9304576,35.1409661],[126.9305997,35.1409575],[126.9307378,35.140974],[126.9308732,35.1410244],[126.9310006,35.1410102],[126.9311254,35.1410255],[126.9312568,35.1410694],[126.931346,35.1411292]]}},{"type":"Feature","properties":{"slot":"mudeungsan_osm_hiking_path","source":"openStreetMap","sourceType":"hiking_paths","name":"","sourceIndex":"8496"},"geometry":{"type":"LineString","coordinates":[[126.9301088,35.1410146],[126.9304482,35.141046],[126.9305956,35.1410597],[126.9307299,35.1410721],[126.9308684,35.1410849],[126.931346,35.1411292]]}},{"type":"Feature","properties":{"slot":"mudeungsan_osm_hiking_path","source":"openStreetMap","sourceType":"hiking_paths","name":"","sourceIndex":"8497"},"geometry":{"type":"LineString","coordinates":[[126.9319333,35.1413267],[126.9319407,35.1412705],[126.9319495,35.1412043]]}},{"type":"Feature","properties":{"slot":"mudeungsan_osm_hiking_path","source":"openStreetMap","sourceType":"hiking_paths","name":"","sourceIndex":"8509"},"geometry":{"type":"LineString","coordinates":[[126.9319495,35.1412043],[126.9319813,35.1408705],[126.9319957,35.1407196],[126.9327264,35.1407867]]}},{"type":"Feature","properties":{"slot":"mudeungsan_osm_hiking_path","source":"openStreetMap","sourceType":"hiking_paths","name":"","sourceIndex":"8510"},"geometry":{"type":"LineString","coordinates":[[126.9304562,35.1407393],[126.9305071,35.1407448],[126.93101,35.1407832]]}},{"type":"Feature","properties":{"slot":"mudeungsan_osm_hiking_path","source":"openStreetMap","sourceType":"hiking_paths","name":"","sourceIndex":"8516"},"geometry":{"type":"LineString","coordinates":[[126.9303328,35.1404629],[126.9303174,35.1405989],[126.9302268,35.1406598],[126.929744,35.1407059],[126.9296879,35.1407297],[126.9293591,35.1408693],[126.9292257,35.1410025],[126.9291513,35.141133],[126.9290852,35.1412595]]}},{"type":"Feature","properties":{"slot":"mudeungsan_osm_hiking_path","source":"openStreetMap","sourceType":"hiking_paths","name":"","sourceIndex":"8568"},"geometry":{"type":"LineString","coordinates":[[126.9700359,35.0807131],[126.9698364,35.0810583],[126.9698068,35.0813744],[126.9697693,35.0817387],[126.9697425,35.0820043],[126.9697076,35.0821821],[126.9697022,35.0823577],[126.9697157,35.0825969],[126.9697988,35.0830513],[126.9698739,35.0833169],[126.9699651,35.0834881],[126.9697747,35.0839578],[126.969611,35.0842014],[126.9695011,35.0843024]]}},{"type":"Feature","properties":{"slot":"mudeungsan_osm_hiking_path","source":"openStreetMap","sourceType":"hiking_paths","name":"","sourceIndex":"8570"},"geometry":{"type":"LineString","coordinates":[[126.9942725,35.0773993],[126.9943973,35.0773377],[126.994455,35.0773103],[126.9945395,35.0772093],[126.9946133,35.0771446],[126.994687,35.0770206],[126.9947259,35.0769525],[126.9948198,35.0768581],[126.9949298,35.0767835],[126.9951403,35.0766957],[126.9952141,35.0766189],[126.9952784,35.0765563],[126.9954139,35.0764948],[126.9955239,35.0764301],[126.9955668,35.0763708],[126.9956124,35.0763159],[126.9956446,35.0763236],[126.9956325,35.0763796],[126.9955628,35.0764937],[126.9954997,35.0765991],[126.995426,35.0767242],[126.9953871,35.0768219],[126.995324,35.0768856],[126.9952248,35.076947],[126.9951645,35.0770425],[126.9950894,35.0771391],[126.995037,35.0771885],[126.9949593,35.0772851],[126.994793,35.077543],[126.9947514,35.077622],[126.9947514,35.0776494],[126.9947889,35.0776736],[126.9948426,35.0776385],[126.9949861,35.0774804],[126.9950826,35.0773663],[126.9951832,35.077318],[126.9953495,35.0772357],[126.9955547,35.0771369],[126.9957733,35.0770721],[126.9958779,35.0770304],[126.9960429,35.0769218],[126.9961958,35.0768186],[126.9963942,35.0767462],[126.996519,35.0767308],[126.9966638,35.0767407],[126.9967832,35.0767539],[126.9969347,35.0767572],[126.997046,35.0767374],[126.9971989,35.0766858],[126.9973612,35.0766507],[126.9974537,35.076677],[126.99751,35.0766946],[126.9975905,35.0767045],[126.997785,35.0767012],[126.9978748,35.0767242],[126.9980063,35.076744],[126.9980894,35.0767648],[126.9981068,35.0767967],[126.9981055,35.0768526],[126.9981605,35.0769295],[126.9981202,35.0770041],[126.9980881,35.0770381],[126.9980183,35.0770634],[126.9979754,35.077116],[126.9978681,35.077183],[126.9978185,35.0772269],[126.9977555,35.0773004],[126.9977488,35.0773356],[126.9977635,35.0773575],[126.9978091,35.0773696],[126.9979271,35.0773432],[126.9979633,35.0773388],[126.9979888,35.077374],[126.9980746,35.0773981],[126.998131,35.0774201],[126.9981873,35.0774936],[126.9982544,35.0775243],[126.9982758,35.0775594],[126.9982852,35.0776165],[126.9982745,35.0776571],[126.9982128,35.0777186],[126.9982034,35.0777779],[126.9982262,35.0778382],[126.9982691,35.0778733],[126.9982383,35.0779293],[126.998253,35.0779633],[126.9983093,35.0779798],[126.998367,35.0780369],[126.9984274,35.0780906],[126.9984595,35.0781938],[126.9985092,35.0782421],[126.9985655,35.0782849],[126.9985507,35.0783266],[126.9987009,35.0783815],[126.99876,35.0784298],[126.9987412,35.0784616],[126.9986755,35.0784397],[126.9985414,35.078489],[126.9984461,35.0784276],[126.9984005,35.0784572],[126.9983429,35.0784353],[126.9983174,35.0784737],[126.9982785,35.0785011],[126.9982637,35.0785823],[126.9982088,35.0785747],[126.9981967,35.078612],[126.9981511,35.078601],[126.99808,35.0786218],[126.9980679,35.078759],[126.9979955,35.0787799],[126.9979124,35.0788194],[126.9978292,35.0789291],[126.9978118,35.0789807],[126.9977608,35.0790049],[126.9976924,35.0790356],[126.9976361,35.0790982],[126.9976388,35.0791926],[126.9976388,35.0792595],[126.9975986,35.079299],[126.9975275,35.0793199],[126.9974658,35.079411],[126.9974376,35.0794746],[126.9973974,35.0795657],[126.9973853,35.0796151],[126.9973867,35.0796919],[126.9973464,35.0797556],[126.9973424,35.0798039],[126.9973357,35.0798346],[126.9972914,35.0798609],[126.9972579,35.0799246],[126.9972271,35.0799586],[126.997219,35.0800179],[126.9972002,35.0800563],[126.9971627,35.0801243],[126.9971104,35.0801605],[126.9970809,35.0802429],[126.9970661,35.0803153],[126.9970112,35.0804492],[126.9969964,35.0805095],[126.9969535,35.0805447],[126.99692,35.0805743],[126.9969039,35.0807027],[126.9968717,35.0807631],[126.9968449,35.0807883],[126.9968154,35.0807905],[126.9967523,35.0807543],[126.9966973,35.0807905],[126.996637,35.0808454],[126.996633,35.0809123],[126.9966035,35.0809321],[126.9965592,35.0809496],[126.9964908,35.0810429],[126.9964774,35.0810923],[126.9964465,35.0811406],[126.9964157,35.0811724],[126.996382,35.081227]]}},{"type":"Feature","properties":{"slot":"mudeungsan_osm_hiking_path","source":"openStreetMap","sourceType":"hiking_paths","name":"","sourceIndex":"8580"},"geometry":{"type":"LineString","coordinates":[[126.9373938,35.1464634],[126.9373817,35.1464983],[126.9373676,35.1465391],[126.9373471,35.1465432],[126.9372535,35.1465112],[126.9371242,35.1464375],[126.9370867,35.1464319],[126.9370887,35.1464802],[126.9371343,35.1465337],[126.9372461,35.1466723],[126.9373289,35.1468023],[126.9373388,35.1469258],[126.9373026,35.1470054],[126.9372607,35.147092]]}},{"type":"Feature","properties":{"slot":"mudeungsan_osm_hiking_path","source":"openStreetMap","sourceType":"relation_paths","name":"호남정맥","sourceIndex":"0-4"},"geometry":{"type":"LineString","coordinates":[[127.0200299,35.138458],[127.0200634,35.1385328],[127.0202109,35.1385646],[127.020337,35.1386764],[127.020514,35.1387521],[127.0205328,35.1388914],[127.0206052,35.1389989],[127.0206468,35.1390976],[127.0206856,35.1391469],[127.0207997,35.1392314],[127.0211041,35.1393312],[127.0212114,35.1393904],[127.0214823,35.139443],[127.0215265,35.1395406],[127.0215869,35.1396273],[127.0217974,35.1396667],[127.021898,35.1397698],[127.0222025,35.1399585],[127.022358,35.1400703],[127.0224559,35.1401734],[127.0226088,35.1402392],[127.0226505,35.1403347],[127.0227832,35.1403719],[127.0228341,35.140441],[127.0229092,35.1405046],[127.0229347,35.1405507],[127.0229911,35.1405814],[127.0230768,35.1405233],[127.023097,35.1403994],[127.0233679,35.1405682],[127.0234202,35.1407327],[127.0235985,35.1408139],[127.0239137,35.1409521],[127.0240277,35.1409455],[127.0242812,35.1410907],[127.0244193,35.1410398],[127.0244636,35.1409532],[127.0245843,35.1408731],[127.0246983,35.1406954],[127.0248511,35.1406549],[127.0249383,35.140657],[127.0250697,35.1405792],[127.025224,35.1404673],[127.0252857,35.1404498],[127.0254372,35.1403346],[127.0255405,35.1402041],[127.0256759,35.1401504],[127.025739,35.1401548],[127.0259321,35.1400802],[127.025975,35.1401109],[127.0260608,35.1399947],[127.0261279,35.1400462],[127.0262043,35.1400243],[127.0262378,35.139885],[127.0262835,35.1399135],[127.0263116,35.1400462],[127.0264457,35.1399683],[127.0264551,35.1400714],[127.0264967,35.1400583],[127.0265544,35.1399695],[127.0265906,35.1399947],[127.0265986,35.1401493],[127.0266455,35.140169],[127.0267005,35.1400199],[127.0268749,35.1401997],[127.0269526,35.1401482],[127.0270774,35.1402315],[127.0273389,35.1401745],[127.0275079,35.1401295],[127.0276768,35.1402041],[127.028055,35.1401614],[127.0284426,35.1401076],[127.0288382,35.1400528],[127.0292902,35.1399979],[127.0295209,35.1399146],[127.0296791,35.1398631],[127.0297985,35.1398433],[127.0298709,35.1397918],[127.0300385,35.1396931],[127.0302518,35.1396371],[127.0303751,35.1395428],[127.0305119,35.1394792],[127.030689,35.1394748],[127.0308352,35.1393389],[127.0309424,35.1393147],[127.0310136,35.1393311],[127.0310256,35.1394573],[127.0310618,35.1395988],[127.0311476,35.139658],[127.0312455,35.1396108],[127.0313247,35.1397698],[127.0314091,35.1398466],[127.0315137,35.1398104],[127.0316344,35.1398192],[127.0316814,35.1399387],[127.0316331,35.1400506],[127.03168,35.1400956],[127.0317726,35.1401054],[127.0317149,35.1402787],[127.0318732,35.1402458],[127.0320582,35.1401713],[127.0320207,35.1403039],[127.0321749,35.1402546],[127.0321508,35.1404092],[127.0322808,35.1403621],[127.0323761,35.1403653],[127.0324056,35.1404158],[127.0325357,35.1403752],[127.032647,35.1403642],[127.0326792,35.1403971],[127.0328307,35.1403335],[127.033056,35.1404278],[127.0333403,35.1405595],[127.033689,35.1407744],[127.0339894,35.1407963],[127.0343488,35.1407569],[127.0344884,35.1410333],[127.0345902,35.140997],[127.0347699,35.1409378],[127.034778,35.141031],[127.0348303,35.1411012],[127.0349859,35.1410486],[127.0350315,35.1410957],[127.0350409,35.141144],[127.0350958,35.1411758],[127.0353694,35.1412252],[127.035588,35.1412668],[127.0356376,35.1413534],[127.0357878,35.1414543],[127.0358616,35.1414828],[127.0359944,35.1414982],[127.036099,35.1415662],[127.0362009,35.1416704],[127.0363779,35.1417515],[127.0365188,35.1417559],[127.0366489,35.1418678],[127.0367226,35.1419094],[127.0368983,35.1420432],[127.0370471,35.142109],[127.0371276,35.1422253],[127.0372456,35.1423404],[127.0373663,35.1424512]]}},{"type":"Feature","properties":{"slot":"mudeungsan_osm_hiking_path","source":"openStreetMap","sourceType":"relation_paths","name":"호남정맥","sourceIndex":"0-5"},"geometry":{"type":"LineString","coordinates":[[127.0200299,35.138458],[127.0199776,35.1384087],[127.019865,35.1383627],[127.0196704,35.1382816],[127.0194854,35.1381972],[127.0193338,35.138128],[127.0192778,35.1381029]]}},{"type":"Feature","properties":{"slot":"mudeungsan_osm_hiking_path","source":"openStreetMap","sourceType":"relation_paths","name":"호남정맥","sourceIndex":"0-6"},"geometry":{"type":"LineString","coordinates":[[127.0102161,35.128914],[127.0102448,35.1290663],[127.0102541,35.1291815],[127.0102648,35.129256],[127.0102622,35.1294919],[127.0102514,35.1295204],[127.01023,35.1295862],[127.0102219,35.1296246],[127.0102286,35.129663],[127.0102394,35.1296882],[127.0102715,35.129765],[127.0102836,35.1298034],[127.0102796,35.1298878],[127.0102782,35.130003],[127.0102648,35.1300172],[127.0102581,35.130117],[127.0102608,35.1302267],[127.0102836,35.1303035],[127.010285,35.1303671],[127.0103024,35.1304252],[127.0103279,35.1304812],[127.0103802,35.1306863],[127.0104043,35.1307839],[127.0104083,35.1308464],[127.0104057,35.13091],[127.010415,35.1310691],[127.0103359,35.131204],[127.0103225,35.1312763],[127.0103614,35.1313564],[127.0103935,35.1314189],[127.0104284,35.1314595],[127.010474,35.1315242],[127.0104834,35.1315538],[127.0104351,35.1316778],[127.0104638,35.1318634],[127.0104343,35.1321278],[127.0105094,35.1323208],[127.0106274,35.1325709],[127.0106918,35.1327529],[127.0107642,35.1328121],[127.0109385,35.1328034],[127.011432,35.1328911],[127.0115608,35.132867],[127.0117271,35.1328714],[127.0119175,35.1327683],[127.0121241,35.132777],[127.012285,35.1327902],[127.0124674,35.1326827],[127.012631,35.132573],[127.0127222,35.1327441],[127.0128375,35.1326564],[127.0128482,35.1328319],[127.0130119,35.1328034],[127.0131353,35.132742],[127.0131594,35.1328582],[127.013433,35.1328714],[127.0135832,35.132957],[127.0136288,35.1331456],[127.0138272,35.1330359],[127.0138165,35.1333013],[127.0138997,35.1334132],[127.0140445,35.1334856],[127.0144415,35.1335009],[127.0146024,35.1336325],[127.014699,35.1338782],[127.0146722,35.1341261],[127.0147633,35.1341941],[127.0148867,35.1344705],[127.015045,35.1348653],[127.0154285,35.1354137],[127.0156029,35.1356264],[127.0158684,35.135848],[127.0159811,35.1360322],[127.0159999,35.1361726],[127.0161539,35.1363091],[127.0162947,35.1363975],[127.0163921,35.1364829],[127.0164589,35.1365449],[127.0165772,35.1366268],[127.0167001,35.1367112],[127.0168352,35.136762],[127.0169141,35.1368402],[127.0170097,35.1368799],[127.01709,35.1369285],[127.0171867,35.1370774],[127.0173611,35.1372134],[127.0175931,35.1373516],[127.0178318,35.137447],[127.0183495,35.1375709],[127.0184702,35.1376883],[127.0186928,35.1377727],[127.0188618,35.1378802],[127.0190227,35.138002],[127.0192778,35.1381029]]}},{"type":"Feature","properties":{"slot":"mudeungsan_osm_hiking_path","source":"openStreetMap","sourceType":"relation_paths","name":"호남정맥","sourceIndex":"0-7"},"geometry":{"type":"LineString","coordinates":[[126.9986129,35.1225102],[126.9985808,35.1225314]]}},{"type":"Feature","properties":{"slot":"mudeungsan_osm_hiking_path","source":"openStreetMap","sourceType":"relation_paths","name":"호남정맥","sourceIndex":"0-8"},"geometry":{"type":"LineString","coordinates":[[126.9986792,35.1224473],[126.9986129,35.1225102]]}},{"type":"Feature","properties":{"slot":"mudeungsan_osm_hiking_path","source":"openStreetMap","sourceType":"relation_paths","name":"호남정맥","sourceIndex":"0-9"},"geometry":{"type":"LineString","coordinates":[[126.9992256,35.1227476],[126.9991864,35.1226882],[126.999021,35.1225975],[126.9988042,35.1225083],[126.9987523,35.1224714],[126.9986792,35.1224473]]}},{"type":"Feature","properties":{"slot":"mudeungsan_osm_hiking_path","source":"openStreetMap","sourceType":"relation_paths","name":"호남정맥","sourceIndex":"0-10"},"geometry":{"type":"LineString","coordinates":[[127.0009044,35.1217428],[127.0008802,35.1218326],[127.0007902,35.1219002],[127.0007609,35.1219324],[127.0007403,35.1219724],[127.0007627,35.1220755]]}},{"type":"Feature","properties":{"slot":"mudeungsan_osm_hiking_path","source":"openStreetMap","sourceType":"relation_paths","name":"호남정맥","sourceIndex":"0-11"},"geometry":{"type":"LineString","coordinates":[[127.0022588,35.1173641],[127.0022781,35.1174036],[127.0024856,35.1174788],[127.0026058,35.1175166],[127.002712,35.1176089],[127.0028138,35.1176135],[127.0028901,35.1176535],[127.0029697,35.1177684],[127.0029724,35.1178177],[127.0029407,35.1178633],[127.0029388,35.117911],[127.0028907,35.1179616],[127.0027997,35.1179924],[127.0027471,35.1180251],[127.002735,35.1180947],[127.0026854,35.1181392],[127.0026615,35.1181939],[127.0026049,35.1182982],[127.0025975,35.1184083],[127.0026277,35.118477],[127.0026743,35.1185274],[127.0026758,35.1186471],[127.0027233,35.1186809],[127.0027985,35.1187283],[127.0028114,35.1188719],[127.0027765,35.1189707],[127.0027983,35.1190606],[127.0028061,35.1192131],[127.002845,35.1193568],[127.00279,35.119416],[127.002802,35.1195246],[127.0028061,35.1195839],[127.0028651,35.1196958],[127.002849,35.1198252],[127.0028603,35.1198876],[127.0028483,35.1200228],[127.0027766,35.1201005],[127.0027625,35.1201773],[127.0027669,35.120358],[127.002862,35.1204819],[127.002821,35.1205808],[127.0027747,35.1206841],[127.0027723,35.1209137],[127.0028569,35.1211482],[127.0027158,35.1211113],[127.0025821,35.121226],[127.0024909,35.1212447],[127.0024171,35.1213105],[127.002282,35.1213678],[127.002039,35.1213467],[127.0018633,35.121384],[127.0017549,35.1213751],[127.0015825,35.1214236],[127.0014973,35.121371],[127.0014132,35.1214579],[127.0013489,35.1216051],[127.0012266,35.1216404]]}},{"type":"Feature","properties":{"slot":"mudeungsan_osm_hiking_path","source":"openStreetMap","sourceType":"relation_paths","name":"호남정맥","sourceIndex":"0-12"},"geometry":{"type":"LineString","coordinates":[[126.998779,35.1162813],[126.9991291,35.1164394],[126.9993894,35.1165587],[126.9997012,35.1166644],[126.9998115,35.116667],[126.9998675,35.1166618],[126.9999495,35.1166966],[127.0000836,35.1166977],[127.0001629,35.1167265],[127.0002338,35.1167899],[127.0003331,35.11682],[127.0004672,35.1168063],[127.0006013,35.1168612],[127.000933,35.1169006],[127.0010801,35.1169105],[127.0011415,35.1169321],[127.0013201,35.1169138],[127.0013644,35.1169051],[127.0014274,35.116938],[127.001513,35.1170098],[127.0016898,35.1170068],[127.0019378,35.1171183],[127.0019974,35.1171628],[127.0020895,35.1171882],[127.0022308,35.1172139],[127.002274,35.1172771],[127.0023199,35.1173095],[127.0022588,35.1173641]]}},{"type":"Feature","properties":{"slot":"mudeungsan_osm_hiking_path","source":"openStreetMap","sourceType":"relation_paths","name":"호남정맥","sourceIndex":"0-13"},"geometry":{"type":"LineString","coordinates":[[126.9987428,35.1159911],[126.9987693,35.1160922],[126.9987506,35.1162326],[126.998779,35.1162813]]}},{"type":"Feature","properties":{"slot":"mudeungsan_osm_hiking_path","source":"openStreetMap","sourceType":"relation_paths","name":"호남정맥","sourceIndex":"0-14"},"geometry":{"type":"LineString","coordinates":[[126.9985611,35.1161281],[126.9986557,35.1160749],[126.9987428,35.1159911]]}},{"type":"Feature","properties":{"slot":"mudeungsan_osm_hiking_path","source":"openStreetMap","sourceType":"relation_paths","name":"호남정맥","sourceIndex":"0-15"},"geometry":{"type":"LineString","coordinates":[[126.99832,35.1155286],[126.9982061,35.1152628],[126.9981685,35.1151531],[126.9981698,35.1150294],[126.9982307,35.1148883],[126.9983416,35.1146678],[126.998415,35.1144517],[126.9984528,35.1142503],[126.998415,35.1141614],[126.9983216,35.1140392],[126.998127,35.1139267],[126.9979974,35.1138634],[126.997911,35.1137851],[126.9979392,35.1137018],[126.9979806,35.1136408],[126.9980478,35.113558],[126.9982012,35.1134791],[126.9982672,35.1133818],[126.998519,35.1130626],[126.9988941,35.1124892],[126.9989606,35.1122841],[126.9990362,35.1122153],[126.9991529,35.1121461],[126.9992857,35.1120518],[126.9993961,35.1119656],[126.9994153,35.1118428],[126.9995544,35.1116325],[126.9997108,35.1115186],[126.9997645,35.1113909],[126.9998173,35.1113429],[127.0000568,35.1111665],[127.0002282,35.1110594],[127.0004149,35.110834],[127.0005074,35.1107726],[127.000557,35.1107243],[127.0005852,35.1106442],[127.0006244,35.1105879],[127.0007046,35.1105137],[127.0007461,35.110449],[127.000903,35.1103436],[127.001009,35.1102317],[127.0011637,35.1100747],[127.0012879,35.1099739],[127.0015276,35.1098882],[127.0016366,35.1098039],[127.0018521,35.1097529],[127.0019504,35.109647],[127.0021323,35.1095313],[127.0022336,35.1094905],[127.0023715,35.1094693],[127.0024709,35.1094834],[127.0025323,35.1095318],[127.0025875,35.1094989],[127.0026116,35.1094484],[127.0026632,35.1094018],[127.0027834,35.1094038],[127.0029581,35.109291],[127.0031561,35.1092114],[127.0034315,35.1091186],[127.0035638,35.1091215],[127.0036466,35.1091361],[127.0037985,35.1092235],[127.004019,35.1093319],[127.0044193,35.1094544],[127.0046676,35.1095482],[127.0051421,35.1096771],[127.0052615,35.1096716],[127.005562,35.1097578],[127.005812,35.1098166],[127.0060398,35.1097931]]}},{"type":"Feature","properties":{"slot":"mudeungsan_osm_hiking_path","source":"openStreetMap","sourceType":"relation_paths","name":"호남정맥","sourceIndex":"0-16"},"geometry":{"type":"LineString","coordinates":[[127.0060987,35.1098947],[127.0062849,35.1097676],[127.0064804,35.1096895],[127.0066356,35.1096108],[127.0066693,35.1096066],[127.0067623,35.1094605],[127.0068294,35.1093508],[127.0069152,35.1092696],[127.0070305,35.1091665],[127.0071217,35.1090579],[127.007162,35.1089931],[127.0072411,35.1089624],[127.0073524,35.1089372],[127.0074758,35.108867],[127.0075925,35.1088336],[127.0076045,35.1088201],[127.0076367,35.1087265],[127.0077185,35.1085829],[127.007874,35.1085267],[127.0079889,35.1084693],[127.0081018,35.1083712],[127.0081115,35.108291],[127.0081291,35.1080992],[127.008082,35.1080496],[127.0080435,35.1079112],[127.0079786,35.1078461],[127.0080203,35.1077908]]}},{"type":"Feature","properties":{"slot":"mudeungsan_osm_hiking_path","source":"openStreetMap","sourceType":"relation_paths","name":"호남정맥","sourceIndex":"0-17"},"geometry":{"type":"LineString","coordinates":[[127.0080194,35.1074439],[127.0081717,35.1073097]]}},{"type":"Feature","properties":{"slot":"mudeungsan_osm_hiking_path","source":"openStreetMap","sourceType":"relation_paths","name":"호남정맥","sourceIndex":"0-18"},"geometry":{"type":"LineString","coordinates":[[127.0081717,35.1073097],[127.0082885,35.1072125],[127.0083087,35.1071652],[127.0084519,35.1069741],[127.008726,35.1068421],[127.0088008,35.1067769],[127.008898,35.106593]]}},{"type":"Feature","properties":{"slot":"mudeungsan_osm_hiking_path","source":"openStreetMap","sourceType":"relation_paths","name":"호남정맥","sourceIndex":"0-19"},"geometry":{"type":"LineString","coordinates":[[127.009197,35.1064137],[127.0092167,35.1063546],[127.0092686,35.1061815],[127.0092863,35.1061571],[127.0093627,35.1061417],[127.0094496,35.1060843],[127.0095615,35.1060155],[127.0096419,35.1059426],[127.0096484,35.1058938],[127.0097331,35.1058224],[127.0097703,35.1057214],[127.0099103,35.1056753],[127.0099314,35.1056326],[127.0100177,35.1055822],[127.0102666,35.105422],[127.0105174,35.1053164],[127.0106862,35.1052611],[127.0108192,35.1051554],[127.0110002,35.1049267],[127.0110002,35.1048284],[127.0111621,35.1046635],[127.0112912,35.1045421],[127.0114035,35.104439],[127.011546,35.1043266],[127.0115595,35.1042541],[127.0116457,35.1041776],[127.0117217,35.1041231],[127.0118044,35.1040253],[127.0119618,35.1038443],[127.0121265,35.1036542],[127.0121814,35.1035831],[127.0122432,35.1035025],[127.012374,35.1032541],[127.0125143,35.1031257],[127.0126121,35.1029294],[127.0126333,35.1028644],[127.0126766,35.1028338],[127.0128603,35.1027657],[127.0130273,35.1026567],[127.0131862,35.1025935],[127.0134049,35.1024236],[127.0135489,35.1023802],[127.0137905,35.1022189],[127.0138822,35.1021842],[127.014079,35.1020533],[127.0142212,35.1019385],[127.0143586,35.1018953],[127.0148281,35.1017088],[127.0152902,35.1015278],[127.0155381,35.1014074],[127.0156121,35.1014083],[127.0156893,35.1013706],[127.0157811,35.1012763],[127.0159406,35.1012012],[127.0160643,35.1011386],[127.0163595,35.1010359],[127.0167083,35.1010284],[127.0169142,35.10094],[127.0170527,35.1009553],[127.0171508,35.1009491],[127.0174925,35.1009323],[127.0178701,35.100909],[127.0180387,35.1008899],[127.018173,35.1008024],[127.0183694,35.1007381],[127.0188057,35.1006978],[127.0189855,35.100613],[127.0191482,35.1006215],[127.0192292,35.1005187],[127.0193057,35.1004682],[127.0193382,35.1003882],[127.0193558,35.1002539],[127.0194271,35.1001394],[127.0195444,35.1000216],[127.0196653,35.0999407],[127.0198101,35.099677],[127.0198132,35.0996283]]}},{"type":"Feature","properties":{"slot":"mudeungsan_osm_hiking_path","source":"openStreetMap","sourceType":"relation_paths","name":"호남정맥","sourceIndex":"0-20"},"geometry":{"type":"LineString","coordinates":[[127.0203147,35.0988285],[127.0204594,35.0987063],[127.0205061,35.0985763]]}},{"type":"Feature","properties":{"slot":"mudeungsan_osm_hiking_path","source":"openStreetMap","sourceType":"relation_paths","name":"호남정맥","sourceIndex":"0-21"},"geometry":{"type":"LineString","coordinates":[[127.0204716,35.0985084],[127.020499,35.0984462],[127.0204734,35.0983738],[127.0204921,35.0982954],[127.0205661,35.098188],[127.0205998,35.0981706],[127.0206776,35.098085],[127.0206626,35.0980413],[127.0207442,35.0979569],[127.0208823,35.0977682],[127.0209452,35.0976247],[127.0209547,35.097545],[127.0210378,35.0974842],[127.0211407,35.0973444],[127.0211838,35.0972654],[127.0212429,35.0972144],[127.0213412,35.0971266],[127.0214696,35.0969418],[127.0214814,35.0969058]]}},{"type":"Feature","properties":{"slot":"mudeungsan_osm_hiking_path","source":"openStreetMap","sourceType":"relation_paths","name":"호남정맥","sourceIndex":"0-22"},"geometry":{"type":"LineString","coordinates":[[127.0217367,35.0966408],[127.0218571,35.0966064],[127.0219412,35.0965752],[127.0220554,35.096522]]}},{"type":"Feature","properties":{"slot":"mudeungsan_osm_hiking_path","source":"openStreetMap","sourceType":"relation_paths","name":"호남정맥","sourceIndex":"0-23"},"geometry":{"type":"LineString","coordinates":[[127.0221307,35.0964834],[127.0221421,35.0964698],[127.0222046,35.0963678],[127.0222268,35.0963413],[127.0223325,35.0963096],[127.0223663,35.096175],[127.0224767,35.0960226],[127.0225425,35.095975],[127.0226323,35.0959069],[127.0226971,35.0958908],[127.0227674,35.0958482],[127.022846,35.0957535]]}},{"type":"Feature","properties":{"slot":"mudeungsan_osm_hiking_path","source":"openStreetMap","sourceType":"relation_paths","name":"호남정맥","sourceIndex":"0-24"},"geometry":{"type":"LineString","coordinates":[[127.0244185,35.0952493],[127.0242396,35.0950543],[127.0240559,35.0949686],[127.0240975,35.0951433],[127.0240938,35.0952282],[127.0240776,35.0953271],[127.0240407,35.095432],[127.0239633,35.0955598],[127.0239315,35.0954937],[127.0239035,35.0954069],[127.0237869,35.0953048],[127.0237369,35.0953636],[127.0236515,35.0954689],[127.0234171,35.0953704],[127.0233574,35.0953948]]}},{"type":"Feature","properties":{"slot":"mudeungsan_osm_hiking_path","source":"openStreetMap","sourceType":"relation_paths","name":"호남정맥","sourceIndex":"0-25"},"geometry":{"type":"LineString","coordinates":[[127.0265031,35.0946384],[127.0264808,35.0946881],[127.0262967,35.0946179],[127.0261574,35.0948151],[127.0260895,35.0948451],[127.0259847,35.0947088],[127.025831,35.0947666],[127.025704,35.0946568],[127.0256666,35.0946813],[127.025586,35.0948287],[127.0255332,35.0949708],[127.0254444,35.0949207],[127.0250928,35.0946312]]}},{"type":"Feature","properties":{"slot":"mudeungsan_osm_hiking_path","source":"openStreetMap","sourceType":"relation_paths","name":"호남정맥","sourceIndex":"0-26"},"geometry":{"type":"LineString","coordinates":[[127.0258476,35.0917262],[127.0256534,35.0917464],[127.0254842,35.0917514],[127.0253393,35.0918502],[127.0253527,35.0920016],[127.0254251,35.0921245],[127.0255266,35.0921775],[127.0257568,35.0924172],[127.025841,35.0926121],[127.025921,35.0927944],[127.0262606,35.0931203],[127.0263361,35.0934203],[127.0262625,35.0936407],[127.0262754,35.0938801],[127.0263253,35.0943032],[127.0264694,35.0945802],[127.0265031,35.0946384]]}},{"type":"Feature","properties":{"slot":"mudeungsan_osm_hiking_path","source":"openStreetMap","sourceType":"relation_paths","name":"호남정맥","sourceIndex":"0-27"},"geometry":{"type":"LineString","coordinates":[[127.0263793,35.0918748],[127.0263766,35.0919061],[127.0263679,35.0919578],[127.0261867,35.0919577],[127.0260139,35.0918261],[127.0258972,35.0917361],[127.0258476,35.0917262]]}},{"type":"Feature","properties":{"slot":"mudeungsan_osm_hiking_path","source":"openStreetMap","sourceType":"relation_paths","name":"호남정맥","sourceIndex":"0-28"},"geometry":{"type":"LineString","coordinates":[[127.0263264,35.0915977],[127.0263518,35.091747],[127.0263793,35.0918748]]}},{"type":"Feature","properties":{"slot":"mudeungsan_osm_hiking_path","source":"openStreetMap","sourceType":"relation_paths","name":"호남정맥","sourceIndex":"0-29"},"geometry":{"type":"LineString","coordinates":[[127.0265342,35.091115],[127.0265034,35.0913059],[127.0265383,35.0913981],[127.0263318,35.0915364],[127.0263264,35.0915977]]}},{"type":"Feature","properties":{"slot":"mudeungsan_osm_hiking_path","source":"openStreetMap","sourceType":"relation_paths","name":"호남정맥","sourceIndex":"0-30"},"geometry":{"type":"LineString","coordinates":[[127.0373758,35.0835592],[127.0372855,35.0836611],[127.0371911,35.0838018],[127.0371271,35.0838586],[127.0368531,35.0839744],[127.0367041,35.0840798],[127.0365766,35.0842155],[127.0364249,35.0843289],[127.0362741,35.0843688],[127.036068,35.0844727],[127.0359608,35.0845205],[127.0358276,35.0846102],[127.0357047,35.0847307],[127.03571,35.0848116],[127.0356459,35.0848827],[127.0352608,35.0849806],[127.0350048,35.0851135],[127.0347297,35.0851803],[127.0346849,35.0853562],[127.0345542,35.0853909],[127.0343488,35.0854064],[127.0341749,35.0854577],[127.0339599,35.085481],[127.0336666,35.0855901],[127.0334039,35.0856356],[127.0332884,35.0855876],[127.033161,35.0855918],[127.0331206,35.085556],[127.0328138,35.0855619],[127.0327043,35.0854687],[127.0325021,35.0853918],[127.0323004,35.0852221],[127.0322512,35.0852242],[127.0321958,35.0852907],[127.0321661,35.0854167],[127.0317651,35.0856888],[127.0315119,35.0859186],[127.0313091,35.0859559],[127.0311173,35.0860694],[127.0310101,35.0860999],[127.0303356,35.0860901],[127.0299233,35.0863003],[127.0293204,35.086436],[127.0291231,35.086509],[127.0289084,35.0870935],[127.0287478,35.0873428],[127.0287236,35.0875259],[127.0286564,35.0876208],[127.0285767,35.0878942],[127.0283813,35.0881409],[127.0281803,35.0883542],[127.0279699,35.0886913],[127.0278491,35.0890573],[127.0277774,35.089222],[127.0277062,35.089328],[127.0275749,35.0894689],[127.0274101,35.0896342],[127.0273134,35.089673],[127.0271341,35.0897838],[127.0271055,35.0898069],[127.0271553,35.0898875],[127.0270752,35.0899497],[127.0270907,35.0900561],[127.0269983,35.0901263],[127.0269862,35.0901888],[127.0268718,35.0903504],[127.0268857,35.0904571],[127.0267504,35.090669],[127.0267005,35.0907474],[127.0266603,35.0907693],[127.026502,35.0908461],[127.0264712,35.0908801],[127.0265329,35.0909954],[127.0265691,35.0910371],[127.0265423,35.0910963],[127.0265342,35.091115]]}}]}