{"type":"FeatureCollection","name":"mudeungsan-hiking-trails","features":[{"type":"Feature","properties":{"slot":"mudeungsan_hiking_trail","sourceCode":"291100101","sourceMountainName":"갈미봉","trailName":"내남동구간","trailLengthKm":"0.39","difficulty":"쉬움","sourceFeatureId":"0","pathIndex":"0"},"geometry":{"type":"LineString","coordinates":[[126.9283736,35.0905169],[126.9283016,35.0905033],[126.9282282,35.0904595],[126.9281507,35.0904053],[126.9280661,35.0903317],[126.9280136,35.0902714],[126.9279449,35.0901984],[126.9278882,35.0901255],[126.9278576,35.0900487],[126.9278227,35.0899256],[126.9277557,35.0897916],[126.9276424,35.0896654],[126.9274552,35.0895125],[126.9273935,35.0893903],[126.9274163,35.0893051],[126.9272557,35.0891916],[126.9271557,35.0890416],[126.9270589,35.0889075],[126.9269773,35.0887901],[126.9269556,35.0886586],[126.9269556,35.0885086],[126.9269232,35.0884115],[126.9268726,35.0881586],[126.9268056,35.0879756],[126.9268896,35.0878086],[126.9269064,35.087704],[126.9268454,35.0876183],[126.9267556,35.0875416]]}},{"type":"Feature","properties":{"slot":"mudeungsan_hiking_trail","sourceCode":"291100101","sourceMountainName":"갈미봉","trailName":"이십곡리구간","trailLengthKm":"2.14","difficulty":"쉬움","sourceFeatureId":"1","pathIndex":"0"},"geometry":{"type":"LineString","coordinates":[[126.9564851,35.0771047],[126.9563903,35.0771263],[126.9563011,35.0770647],[126.9562395,35.0769083],[126.9563055,35.0767583],[126.9563862,35.0766029],[126.9561895,35.0764753],[126.9560394,35.0762913],[126.9559554,35.0761583],[126.9559037,35.0760367],[126.9557861,35.0759665],[126.9555894,35.0758413],[126.9553554,35.0756753],[126.9551894,35.0755413],[126.9550554,35.0754413],[126.9549054,35.0753083],[126.9547554,35.0752253],[126.9545853,35.0751066],[126.9543393,35.0749189],[126.9541894,35.0748083],[126.9541394,35.0747753],[126.9540715,35.074651],[126.954004,35.0745891],[126.9538224,35.0745083],[126.9537153,35.0744012],[126.9535554,35.0742413],[126.953452,35.0741734],[126.9532894,35.0741253],[126.9531565,35.0741257],[126.9529723,35.0741263],[126.9527724,35.0740753],[126.9525944,35.0739369],[126.9524441,35.0737987],[126.9522548,35.073604],[126.9521532,35.0734664],[126.9520894,35.0733253],[126.9520421,35.0732121],[126.9519276,35.0730941],[126.9517722,35.073002],[126.9515897,35.0729911],[126.9513554,35.0729583],[126.9510394,35.0728753],[126.9507554,35.0728083],[126.9505554,35.0727753],[126.9503054,35.0727083],[126.9501224,35.0727913],[126.9499724,35.0728413],[126.9497894,35.0728583],[126.9496054,35.0728253],[126.9494723,35.0727241],[126.9492526,35.0727174],[126.9490165,35.0727308],[126.9487749,35.0727399],[126.9485054,35.0727254],[126.9482554,35.0727584],[126.9480894,35.0727584],[126.9479547,35.072707],[126.9478224,35.0726914],[126.9476038,35.0727392],[126.9474695,35.0727332],[126.9471894,35.0727254],[126.9470879,35.0727047],[126.9469389,35.0726187],[126.9468333,35.0725799],[126.9467393,35.0725719],[126.9466538,35.0726046],[126.9465588,35.0726448],[126.9461394,35.0728084],[126.9459394,35.0728914],[126.9455224,35.0730584],[126.9452894,35.0731414],[126.9451054,35.0731754],[126.9448224,35.0732914],[126.9445832,35.0733287],[126.9443217,35.0733833],[126.9440581,35.0734004],[126.943938,35.0733848],[126.9438118,35.0733093],[126.9436558,35.0732283],[126.943406,35.0730882],[126.9432224,35.0729914],[126.9430894,35.0729084],[126.9429224,35.0728084],[126.9427224,35.0726084],[126.9425554,35.0725584],[126.9422894,35.0725584],[126.9421054,35.0725914],[126.9420131,35.0726811],[126.9419594,35.0728075],[126.9418588,35.0730082],[126.9415224,35.0732584],[126.9413394,35.0733584],[126.9410894,35.0734754],[126.9408894,35.0734915],[126.9405724,35.0734915],[126.9402894,35.0736085],[126.9400554,35.0737085],[126.9397724,35.0738085],[126.9394894,35.0739085],[126.9393614,35.073944],[126.9391743,35.0739799],[126.9388724,35.0739755],[126.9387078,35.0739603],[126.9384394,35.0739755],[126.9382394,35.0739915],[126.9380394,35.0740085],[126.9378078,35.0740456],[126.9375776,35.0740703],[126.9373681,35.0740858],[126.9371998,35.0740708]]}},{"type":"Feature","properties":{"slot":"mudeungsan_hiking_trail","sourceCode":"291100101","sourceMountainName":"갈미봉","trailName":"내남동구간","trailLengthKm":"0.66","difficulty":"쉬움","sourceFeatureId":"2","pathIndex":"0"},"geometry":{"type":"LineString","coordinates":[[126.9283736,35.0905169],[126.9283017,35.0906022],[126.9282438,35.0906838],[126.9282007,35.0907594],[126.9281294,35.0908122],[126.9280264,35.09084],[126.9279122,35.0908437],[126.9278056,35.0908417],[126.9277263,35.0908426],[126.9275869,35.0908801],[126.9274564,35.0909352],[126.92732,35.0909803],[126.9272218,35.0910076],[126.9271608,35.0910296],[126.9271115,35.0910719],[126.9270751,35.0911504],[126.927025,35.0912384],[126.9269693,35.0913055],[126.9268742,35.0913692],[126.9267459,35.0914176],[126.9266356,35.0914484],[126.9264991,35.091494],[126.9263537,35.091536],[126.9262416,35.0915765],[126.9261065,35.0916065],[126.9259838,35.0916315],[126.9258791,35.0916463],[126.9257299,35.0916298],[126.9256171,35.091606],[126.9254628,35.0915977],[126.9253257,35.0916122],[126.9251517,35.0916363],[126.9250149,35.0916562],[126.9249256,35.0916906],[126.9248096,35.0917746],[126.9246868,35.0918637],[126.9245557,35.0919587],[126.9244137,35.0920562],[126.9242779,35.0921616],[126.9241611,35.0922204],[126.9240279,35.0922875],[126.9238859,35.0923591],[126.9237572,35.0924239],[126.9236514,35.0924772],[126.9234897,35.0925587],[126.9233678,35.0926324],[126.9232787,35.0926624],[126.9231925,35.092718],[126.9230822,35.092818],[126.9229886,35.0928748],[126.922885,35.092896],[126.9227629,35.0929131],[126.9226498,35.0929648],[126.9225589,35.093006],[126.9224425,35.0930587],[126.9223081,35.093089],[126.9221869,35.0931243]]}},{"type":"Feature","properties":{"slot":"mudeungsan_hiking_trail","sourceCode":"291100101","sourceMountainName":"갈미봉","trailName":"세량리구간","trailLengthKm":"2.45","difficulty":"쉬움","sourceFeatureId":"3","pathIndex":"0"},"geometry":{"type":"LineString","coordinates":[[126.9267556,35.0875416],[126.9265841,35.0876252],[126.9265841,35.0876252],[126.9263801,35.0876573],[126.9261987,35.0876866],[126.9259367,35.0877072],[126.925709,35.0876964],[126.9254896,35.0876586],[126.9252226,35.0875586],[126.9249896,35.0874416],[126.9248396,35.0873086],[126.9247056,35.0872256],[126.9245556,35.0871087],[126.9244556,35.0869917],[126.9243726,35.0867757],[126.9243056,35.0865587],[126.9241896,35.0863417],[126.9241395,35.0862789],[126.9241396,35.0862257],[126.9241896,35.0860917],[126.9242556,35.0859587],[126.9243527,35.0858698],[126.9244556,35.0857757],[126.924516,35.0856707],[126.9245556,35.0855586],[126.9245734,35.0854365],[126.9245896,35.0853256],[126.9246068,35.0852131],[126.9246472,35.0851325],[126.9247726,35.0849916],[126.9248718,35.0849002],[126.9250005,35.0847962],[126.9251396,35.0846916],[126.9252896,35.0845756],[126.925392,35.0844485],[126.9254556,35.0843256],[126.9255556,35.0841586],[126.9256396,35.0839916],[126.9257526,35.08382],[126.9258056,35.0836916],[126.9258211,35.0835854],[126.9258396,35.0834586],[126.9258226,35.0833086],[126.925782,35.0831636],[126.9258209,35.0830563],[126.9258706,35.082977],[126.9259725,35.0828416],[126.9262055,35.0826256],[126.9264118,35.0824623],[126.9265725,35.0823756],[126.9268555,35.0822756],[126.9270786,35.0821342],[126.9272742,35.0819801],[126.9273696,35.0817508],[126.9274395,35.0814756],[126.9274395,35.0812086],[126.9274895,35.0810756],[126.9275395,35.0807916],[126.9275725,35.0806416],[126.9276055,35.0805086],[126.9277225,35.0804086],[126.9279055,35.0803416],[126.9281555,35.0802916],[126.9283895,35.0802256],[126.9286725,35.0800916],[126.9288395,35.0799256],[126.9289395,35.0797916],[126.9291055,35.0796086],[126.9292555,35.0794416],[126.929391,35.0793487],[126.9295055,35.0792916],[126.9297268,35.0791612],[126.9298555,35.0790586],[126.9301055,35.0789586],[126.9304395,35.0787916],[126.9306395,35.0786756],[126.9309055,35.0785586],[126.9311055,35.0784586],[126.9312725,35.0783756],[126.9314555,35.0782586],[126.9315725,35.0781256],[126.9317395,35.0780256],[126.9319555,35.0779256],[126.9321395,35.0778586],[126.9322725,35.0777756],[126.9324556,35.0776338],[126.9325395,35.0774416],[126.9325554,35.0772256],[126.9325224,35.0769916],[126.9325554,35.0767756],[126.9325724,35.0766255],[126.9325554,35.0764256],[126.9324662,35.076106],[126.9324054,35.0758416],[126.9324054,35.0756256],[126.9323724,35.0754086],[126.9324054,35.0751086],[126.9324054,35.0749416],[126.9323894,35.0747916],[126.9323554,35.0746256],[126.9323587,35.0744732],[126.9323719,35.0743999],[126.9324947,35.0743702],[126.9326724,35.0743915],[126.9329394,35.0744085],[126.9331394,35.0744085],[126.9333554,35.0744085],[126.9335224,35.0743915],[126.9337894,35.0743915],[126.9340304,35.0743616],[126.9342224,35.0743585],[126.9344554,35.0743585],[126.9346717,35.0743416],[126.9346724,35.0743415],[126.9348915,35.0742933],[126.9351554,35.0743085],[126.9354394,35.0743255],[126.9356054,35.0743755],[126.9357394,35.0744085],[126.9359554,35.0743915],[126.9362224,35.0742915],[126.9363724,35.0741915],[126.9364614,35.0741658],[126.9365506,35.0741372],[126.93668,35.0740599],[126.9368176,35.0740384],[126.9369771,35.0740331],[126.9371998,35.0740708]]}},{"type":"Feature","properties":{"slot":"mudeungsan_hiking_trail","sourceCode":"291100101","sourceMountainName":"갈미봉","trailName":"내남동구간","trailLengthKm":"0.09","difficulty":"쉬움","sourceFeatureId":"4","pathIndex":"0"},"geometry":{"type":"LineString","coordinates":[[126.9276659,35.0872693],[126.9274761,35.0873574],[126.9272964,35.0874004],[126.9271033,35.0874498],[126.9269397,35.0874736],[126.9267556,35.0875416]]}},{"type":"Feature","properties":{"slot":"mudeungsan_hiking_trail","sourceCode":"291100101","sourceMountainName":"갈미봉","trailName":"내남동구간","trailLengthKm":"1.14","difficulty":"쉬움","sourceFeatureId":"5","pathIndex":"0"},"geometry":{"type":"LineString","coordinates":[[126.9388467,35.0864362],[126.938755,35.0865084],[126.9386732,35.0865141],[126.9385822,35.0865037],[126.938435,35.0864737],[126.9383142,35.0864569],[126.9381799,35.0864334],[126.9380483,35.0864207],[126.9379025,35.0864263],[126.9377782,35.0864593],[126.9376238,35.0865109],[126.9375145,35.0865474],[126.9374089,35.0865877],[126.9372946,35.0866245],[126.9371841,35.0866601],[126.9370391,35.0866779],[126.9369514,35.0866942],[126.9368234,35.0867179],[126.9367267,35.0867358],[126.9365793,35.0867692],[126.9364589,35.0867972],[126.9363194,35.0868181],[126.9361813,35.0868208],[126.9360625,35.0868214],[126.9359007,35.0868154],[126.9357882,35.0868125],[126.9356319,35.0868065],[126.9354787,35.0868015],[126.9353395,35.0867988],[126.9351667,35.0868075],[126.9350002,35.086826],[126.9348435,35.0868536],[126.9347166,35.0868789],[126.9345865,35.0869086],[126.9344436,35.0869448],[126.9342964,35.0869835],[126.9341642,35.0870289],[126.9340056,35.0870915],[126.9338564,35.0871395],[126.9337273,35.087189],[126.9335564,35.0872443],[126.9333962,35.0873077],[126.9332055,35.0873811],[126.9330708,35.0874573],[126.9329614,35.0875192],[126.9328535,35.0875802],[126.9327344,35.0876476],[126.9326172,35.0877018],[126.932503,35.087741],[126.9323666,35.0877894],[126.932269,35.087865],[126.9321648,35.0879457],[126.9320753,35.0880162],[126.9319698,35.0881143],[126.9318815,35.0882143],[126.9317898,35.0883398],[126.9316456,35.0885172],[126.9315864,35.0886028],[126.9315275,35.0886879],[126.9314556,35.0887916],[126.93137,35.0889271],[126.9312805,35.0890145],[126.9311252,35.0890629],[126.9309927,35.0890658],[126.9308498,35.0890152],[126.9307459,35.0890242],[126.9306483,35.0890969],[126.9305397,35.0892086],[126.9303749,35.0893734],[126.9302227,35.0895256],[126.9300712,35.0896446],[126.9299786,35.0897221],[126.9298416,35.0898612],[126.9297887,35.0899465],[126.9297397,35.0900256],[126.9296879,35.0901151],[126.9296253,35.0901914],[126.9295366,35.0901919],[126.9293894,35.0901947],[126.9292284,35.0901929],[126.9291057,35.0901916],[126.9289873,35.0901866],[126.9288993,35.090211],[126.9288261,35.0902603],[126.9287612,35.0903286],[126.9286992,35.0903885],[126.9286141,35.0904137],[126.9285224,35.0904288],[126.9284221,35.0904875],[126.9283736,35.0905169]]}},{"type":"Feature","properties":{"slot":"mudeungsan_hiking_trail","sourceCode":"291100101","sourceMountainName":"갈미봉","trailName":"도웅리구간","trailLengthKm":"1.51","difficulty":"쉬움","sourceFeatureId":"6","pathIndex":"0"},"geometry":{"type":"LineString","coordinates":[[126.9371998,35.0740708],[126.9372484,35.0741903],[126.9372751,35.0742909],[126.9372724,35.0743755],[126.9371894,35.0745915],[126.9371554,35.0747915],[126.9370894,35.0751585],[126.9372224,35.0755915],[126.9371724,35.0757585],[126.9372554,35.0760255],[126.9371894,35.0762085],[126.9372554,35.0764085],[126.9372724,35.0766085],[126.9374054,35.0767585],[126.9375394,35.0770085],[126.9376055,35.0772255],[126.9376555,35.0774585],[126.9376725,35.0776085],[126.9376255,35.077733],[126.9376017,35.0778015],[126.9376523,35.0779004],[126.9377142,35.077969],[126.9377822,35.0780443],[126.9378498,35.0781503],[126.9379725,35.0783255],[126.9380701,35.0784479],[126.9381694,35.0785184],[126.9382725,35.0785915],[126.9383978,35.0786664],[126.9384448,35.0787166],[126.9384571,35.0787534],[126.9384995,35.0788505],[126.9385555,35.0789415],[126.9386286,35.0790804],[126.9387169,35.0791242],[126.9387546,35.0791801],[126.9388432,35.0792724],[126.9389317,35.0793189],[126.9390093,35.0793844],[126.9390753,35.0795231],[126.9390873,35.0796659],[126.9390907,35.0798318],[126.9390738,35.079975],[126.9390932,35.0800734],[126.9391393,35.0801548],[126.9391893,35.0802225],[126.9392164,35.0803051],[126.9392616,35.0804263],[126.9393323,35.0805458],[126.9393459,35.0806415],[126.9393461,35.0807665],[126.9393314,35.0808919],[126.9392895,35.0809755],[126.9392462,35.0810611],[126.9392055,35.0811415],[126.939159,35.0812372],[126.9391191,35.0813026],[126.9390462,35.0813998],[126.9389719,35.0814988],[126.9389325,35.08159],[126.9388615,35.0816711],[126.9388286,35.0817338],[126.9388672,35.0818448],[126.9388953,35.0819592],[126.9388758,35.0821344],[126.9389085,35.0822431],[126.9389247,35.0823506],[126.9389358,35.0824965],[126.9389626,35.0825742],[126.9390328,35.0826464],[126.9390453,35.0827448],[126.9390561,35.0828985],[126.9390925,35.0830786],[126.9391102,35.0832379],[126.9391418,35.0833756],[126.9392095,35.0835026],[126.9392201,35.0835669],[126.9392273,35.0837111],[126.9392186,35.083878],[126.9392203,35.0840237],[126.9392233,35.0841572],[126.9392287,35.0843096],[126.9392611,35.0844289],[126.9393155,35.0845411],[126.9394157,35.084666],[126.9394682,35.0847457],[126.9395336,35.0848585],[126.9395889,35.0849753],[126.9396315,35.0850818],[126.9396492,35.0851823],[126.9396384,35.0853038],[126.9395926,35.0853885],[126.9395368,35.0854914],[126.9394722,35.0856168],[126.9394419,35.0857117],[126.9394193,35.0858323],[126.9393721,35.0859452],[126.9393202,35.086031],[126.9392575,35.0860983],[126.939133,35.0861239],[126.9390182,35.086132],[126.9389264,35.0861222],[126.9388402,35.086147],[126.9387969,35.0861998],[126.9388159,35.0862634],[126.9388467,35.0864362]]}},{"type":"Feature","properties":{"slot":"mudeungsan_hiking_trail","sourceCode":"291100101","sourceMountainName":"갈미봉","trailName":"내남동구간","trailLengthKm":"0.74","difficulty":"쉬움","sourceFeatureId":"7","pathIndex":"0"},"geometry":{"type":"LineString","coordinates":[[126.9420903,35.0913687],[126.9420631,35.0912501],[126.9420475,35.0910949],[126.9420345,35.0909665],[126.9420206,35.0908288],[126.9420039,35.0906641],[126.9419911,35.090537],[126.9419899,35.0903992],[126.9420457,35.0902914],[126.9420966,35.0901647],[126.9421316,35.090068],[126.9421529,35.0899404],[126.9421635,35.0898239],[126.9421594,35.0897219],[126.9421539,35.0895663],[126.9421171,35.0893382],[126.9420899,35.0891878],[126.9420327,35.0890352],[126.9419924,35.0889205],[126.9419449,35.0887855],[126.9418884,35.0886909],[126.9418309,35.0885671],[126.941793,35.0884642],[126.9417562,35.0883625],[126.9417079,35.0882218],[126.9416616,35.0880572],[126.941614,35.0878929],[126.9415624,35.0877426],[126.9414799,35.0875852],[126.9413711,35.0874066],[126.9412573,35.0871863],[126.9411711,35.0869928],[126.941092,35.0868478],[126.940965,35.0867862],[126.9408753,35.0867716],[126.9407022,35.0867434],[126.9405454,35.0867178],[126.9403802,35.0866909],[126.9402258,35.086655],[126.9400563,35.0865911],[126.9399096,35.0865313],[126.9398234,35.0865109],[126.9396296,35.0864653],[126.9394881,35.0864319],[126.9393764,35.0864186],[126.9391672,35.0863937],[126.9389673,35.0863699],[126.9388467,35.0864362]]}},{"type":"Feature","properties":{"slot":"mudeungsan_hiking_trail","sourceCode":"291100401","sourceMountainName":"깃대봉","trailName":"운림동구간","trailLengthKm":"0.73","difficulty":"쉬움","sourceFeatureId":"0","pathIndex":"0"},"geometry":{"type":"LineString","coordinates":[[126.9560948,35.1346342],[126.9559441,35.1347053],[126.955738,35.1347978],[126.9557095,35.1348088],[126.9556956,35.1348145],[126.9556819,35.1348205],[126.9556685,35.1348268],[126.9556557,35.1348337],[126.9556437,35.1348413],[126.9556322,35.1348499],[126.9556215,35.1348592],[126.9556113,35.134869],[126.9556014,35.1348792],[126.9555918,35.1348896],[126.955573,35.134911],[126.9555546,35.1349326],[126.9555272,35.1349653],[126.9555092,35.1349872],[126.9554917,35.1350093],[126.9554833,35.1350204],[126.9554753,35.1350317],[126.9554679,35.1350432],[126.9554612,35.1350549],[126.9554552,35.1350673],[126.9554501,35.1350799],[126.9554455,35.1350928],[126.9554414,35.1351058],[126.9554338,35.135132],[126.9554234,35.1351717],[126.9553964,35.1352777],[126.9553892,35.135304],[126.9553853,35.1353171],[126.9553812,35.1353301],[126.9553767,35.135343],[126.9553716,35.1353556],[126.9553658,35.135368],[126.9553592,35.1353799],[126.9553519,35.1353916],[126.9553441,35.135403],[126.9553359,35.1354144],[126.9553188,35.1354368],[126.9552833,35.1354812],[126.9551756,35.1356139],[126.9551579,35.1356362],[126.9551409,35.1356586],[126.9551327,35.1356699],[126.955125,35.1356814],[126.9551178,35.135693],[126.9551114,35.135705],[126.9551059,35.1357174],[126.9551012,35.1357301],[126.955097,35.135743],[126.9550933,35.135756],[126.9550899,35.1357691],[126.9550835,35.1357955],[126.9550481,35.1359548],[126.9550114,35.136114],[126.9550056,35.1361405],[126.9550005,35.1361669],[126.9549985,35.1361801],[126.954997,35.1361933],[126.9549963,35.1362065],[126.9549966,35.1362196],[126.954998,35.1362319],[126.9550004,35.1362442],[126.9550035,35.1362565],[126.9550071,35.1362687],[126.955011,35.1362809],[126.9550325,35.136342],[126.9550405,35.1363665],[126.955044,35.1363788],[126.9550469,35.1363912],[126.9550492,35.1364036],[126.9550506,35.1364167],[126.9550512,35.1364299],[126.9550513,35.1364431],[126.9550504,35.1364697],[126.9550485,35.1364963],[126.9550463,35.136523],[126.9550436,35.1365496],[126.9550403,35.1365762],[126.9550383,35.1365894],[126.9550359,35.1366026],[126.9550331,35.1366155],[126.9550299,35.1366284],[126.955023,35.136654],[126.9550076,35.1367052],[126.9549483,35.1368966],[126.9549407,35.1369221],[126.9549335,35.1369477],[126.9549273,35.1369735],[126.9549248,35.1369864],[126.9549228,35.1369993],[126.9549201,35.1370254],[126.9549182,35.1370515],[126.9549169,35.1370777],[126.9549094,35.1372482],[126.9549085,35.1372744],[126.954908,35.1373006],[126.9549084,35.1373267],[126.9549092,35.1373397],[126.9549106,35.1373526],[126.9549127,35.1373656],[126.9549154,35.1373786],[126.9549219,35.1374044],[126.9549364,35.1374559],[126.9549398,35.1374688],[126.9549429,35.1374817],[126.9549456,35.1374946],[126.9549476,35.1375075],[126.9549488,35.1375204],[126.9549488,35.1375329],[126.954948,35.1375454],[126.9549466,35.1375579],[126.9549446,35.1375703],[126.9549422,35.1375828],[126.9549395,35.1375952],[126.9549364,35.1376075],[126.954933,35.1376198],[126.9549292,35.1376319],[126.9549248,35.1376438],[126.9549197,35.1376555],[126.9549137,35.1376668],[126.9549068,35.1376775],[126.954899,35.137688],[126.9548906,35.1376981],[126.9548818,35.1377082],[126.9548455,35.1377478],[126.9548369,35.1377578],[126.9548288,35.137768],[126.9548215,35.1377785],[126.9548153,35.1377893],[126.95481,35.1378014],[126.9548058,35.1378138],[126.9548025,35.1378265],[126.9547999,35.1378395],[126.9547976,35.1378526],[126.9547957,35.1378657],[126.9547925,35.1378923],[126.9547725,35.1380793],[126.9547482,35.1382927],[126.9547443,35.1383327],[126.9547428,35.1383593],[126.9547426,35.1383726],[126.9547429,35.1383858],[126.954744,35.138399],[126.9547457,35.1384122],[126.9547502,35.1384384],[126.9547556,35.1384647],[126.9547615,35.1384909],[126.9548002,35.1386613],[126.9548095,35.1387006],[126.9548163,35.1387266],[126.95482,35.1387396],[126.954824,35.1387524],[126.9548285,35.1387653],[126.9548384,35.1387909],[126.954849,35.1388163],[126.95486,35.1388416],[126.9549825,35.1391198],[126.9550819,35.1393478],[126.9550934,35.1393729],[126.9550994,35.1393853],[126.9551057,35.1393976],[126.9551124,35.1394097],[126.9551196,35.1394216],[126.9551275,35.1394331],[126.9551359,35.1394435],[126.9551449,35.1394536],[126.9551544,35.1394634],[126.9551744,35.1394826],[126.9552158,35.1395203],[126.9552362,35.1395392],[126.955246,35.1395488],[126.9552554,35.1395586],[126.9552642,35.1395686],[126.9552722,35.1395789],[126.955279,35.1395896],[126.9552849,35.1396015],[126.9552896,35.1396139],[126.9552933,35.1396266],[126.9552965,35.1396396],[126.9553016,35.139666],[126.9553058,35.1396927],[126.955329,35.1398538],[126.9553809,35.1402022],[126.9554058,35.140377],[126.9554105,35.1404035],[126.9554132,35.1404165],[126.9554166,35.1404293],[126.9554206,35.1404416],[126.9554258,35.1404534],[126.9554325,35.1404645],[126.955441,35.1404744],[126.9554509,35.1404836],[126.955462,35.1404923],[126.9554738,35.1405005],[126.9554863,35.1405085],[126.9554992,35.1405162],[126.9555256,35.1405313],[126.9555527,35.1405462],[126.9556791,35.1406147],[126.9556885,35.14062]]}},{"type":"Feature","properties":{"slot":"mudeungsan_hiking_trail","sourceCode":"291100401","sourceMountainName":"깃대봉","trailName":"운림동구간","trailLengthKm":"0.91","difficulty":"쉬움","sourceFeatureId":"1","pathIndex":"0"},"geometry":{"type":"LineString","coordinates":[[126.9556885,35.14062],[126.9562433,35.1407057],[126.956291,35.1407124],[126.9563228,35.1407162],[126.9563388,35.1407176],[126.9563546,35.1407186],[126.9563705,35.1407193],[126.9563864,35.1407198],[126.9564183,35.1407204],[126.9565781,35.140721],[126.9566101,35.140721],[126.9566419,35.1407206],[126.9566577,35.1407202],[126.9566735,35.1407194],[126.9566891,35.1407182],[126.9567046,35.1407165],[126.9567198,35.140714],[126.9567344,35.1407106],[126.9567487,35.1407065],[126.9567629,35.1407019],[126.9567769,35.1406968],[126.9567909,35.1406915],[126.9568186,35.1406802],[126.9568599,35.1406625],[126.9568871,35.1406503],[126.9569138,35.1406376],[126.9569267,35.1406308],[126.9569393,35.1406237],[126.9569514,35.1406161],[126.9569633,35.1406075],[126.9569747,35.1405983],[126.9569857,35.1405888],[126.9570069,35.140569],[126.9570378,35.1405384],[126.9571292,35.1404452],[126.9571598,35.1404144],[126.9571806,35.1403941],[126.957202,35.1403744],[126.9572132,35.140365],[126.9572247,35.1403559],[126.9572366,35.1403474],[126.957249,35.1403392],[126.9572616,35.1403313],[126.9572744,35.1403236],[126.9573005,35.1403085],[126.957433,35.140235],[126.957552,35.1401684],[126.9575786,35.1401538],[126.9576053,35.1401396],[126.9576187,35.1401327],[126.9576323,35.1401262],[126.9576461,35.1401201],[126.9576602,35.1401146],[126.9576746,35.1401099],[126.957689,35.1401062],[126.9577037,35.1401033],[126.9577186,35.1401009],[126.9577337,35.1400989],[126.9577946,35.1400922],[126.9578098,35.1400904],[126.9578248,35.1400883],[126.9578395,35.1400857],[126.957854,35.1400825],[126.9578679,35.1400784],[126.9578815,35.1400731],[126.9578946,35.140067],[126.9579074,35.1400602],[126.9579199,35.140053],[126.9579322,35.1400453],[126.9579563,35.1400293],[126.9579798,35.1400126],[126.9579912,35.1400039],[126.9580024,35.1399951],[126.9580131,35.1399861],[126.9580232,35.1399766],[126.9580326,35.1399667],[126.9580412,35.1399561],[126.958049,35.1399449],[126.9580563,35.1399335],[126.9580631,35.1399217],[126.9580696,35.1399098],[126.9580822,35.1398857],[126.9581247,35.1398005],[126.9581421,35.1397639],[126.9581475,35.1397517],[126.9581526,35.1397394],[126.9581572,35.139727],[126.9581611,35.1397146],[126.958164,35.1397021],[126.9581658,35.1396891],[126.9581666,35.1396761],[126.9581666,35.1396629],[126.9581662,35.1396497],[126.9581654,35.1396365],[126.9581618,35.1395965],[126.9581473,35.1394632],[126.9581448,35.1394366],[126.9581431,35.13941],[126.9581428,35.1393967],[126.9581429,35.1393835],[126.9581437,35.1393703],[126.9581454,35.1393573],[126.9581477,35.1393443],[126.9581505,35.1393313],[126.9581537,35.1393184],[126.9581606,35.1392926],[126.9581719,35.1392539],[126.9582104,35.1391251],[126.958283,35.1388803],[126.9582938,35.1388416],[126.9583004,35.1388157],[126.9583033,35.1388026],[126.9583058,35.1387894],[126.9583102,35.1387629],[126.9583173,35.1387097],[126.9583383,35.1385364],[126.9583553,35.1383894],[126.9583587,35.1383627],[126.9583627,35.1383364],[126.9583651,35.1383234],[126.9583681,35.1383106],[126.9583717,35.1382981],[126.9583764,35.138286],[126.9583824,35.1382744],[126.9583899,35.1382638],[126.9583986,35.1382537],[126.9584083,35.1382439],[126.9584186,35.1382345],[126.9584294,35.1382252],[126.9584739,35.1381884],[126.9584846,35.138179],[126.9584949,35.1381693],[126.9585045,35.1381593],[126.9585131,35.1381489],[126.9585207,35.1381377],[126.9585273,35.1381261],[126.9585333,35.1381141],[126.9585387,35.1381018],[126.9585437,35.1380894],[126.9585531,35.1380642],[126.9585621,35.1380388],[126.9586014,35.1379239],[126.9586414,35.1378092],[126.9586499,35.1377837],[126.9586575,35.1377581],[126.9586608,35.1377453],[126.9586635,35.1377324],[126.9586654,35.1377195],[126.9586664,35.1377065],[126.9586666,35.1376935],[126.9586662,35.1376804],[126.9586654,35.1376673],[126.9586631,35.1376411],[126.9586602,35.1376148],[126.9586463,35.1374963],[126.9586345,35.1373909],[126.9586313,35.1373647],[126.9586275,35.1373385],[126.9586252,35.1373256],[126.9586225,35.1373128],[126.9586191,35.1373001],[126.9586149,35.1372876],[126.9586096,35.1372752],[126.9586034,35.137263],[126.9585965,35.137251],[126.9585817,35.1372272],[126.9585659,35.1372037],[126.9584684,35.1370632],[126.9583876,35.1369461],[126.9582668,35.1367703],[126.9581624,35.1366176],[126.9581377,35.1365828],[126.9581292,35.1365714],[126.9581203,35.1365602],[126.9581111,35.1365493],[126.9581012,35.1365387],[126.9580909,35.1365287],[126.95808,35.1365191],[126.9580687,35.1365097],[126.9580454,35.1364915],[126.9580095,35.1364647],[126.9578763,35.1363677],[126.9576104,35.1361733],[126.9575867,35.1361554],[126.9575749,35.1361463],[126.9575634,35.136137],[126.9575522,35.1361275],[126.9575414,35.1361178],[126.9575309,35.1361076],[126.9575208,35.1360971],[126.957511,35.1360864],[126.9575013,35.1360755],[126.9574825,35.1360535],[126.9571127,35.1356087],[126.9570755,35.1355644],[126.9570565,35.1355425],[126.9570467,35.1355316],[126.9570368,35.135521],[126.9570163,35.1355002],[126.9569951,35.1354799],[126.9569628,35.1354497],[126.9569086,35.1353996],[126.9568759,35.1353697],[126.9568538,35.1353501],[126.9568425,35.1353404],[126.9568311,35.135331],[126.9568194,35.1353217],[126.9568076,35.1353129],[126.9567956,35.1353043],[126.956771,35.1352876],[126.9567334,35.1352631],[126.9565183,35.1351261],[126.9564806,35.1351018],[126.9564559,35.1350853],[126.9564438,35.1350768],[126.9564321,35.1350681],[126.9564208,35.1350591],[126.9564101,35.1350497],[126.9564002,35.1350397],[126.956391,35.1350292],[126.9563822,35.1350183],[126.9563729,35.1350057],[126.9563629,35.1349914],[126.9563426,35.1349609],[126.9562125,35.1347861]]}},{"type":"Feature","properties":{"slot":"mudeungsan_hiking_trail","sourceCode":"291100401","sourceMountainName":"깃대봉","trailName":"","trailLengthKm":"0.49","difficulty":"쉬움","sourceFeatureId":"2","pathIndex":"0"},"geometry":{"type":"LineString","coordinates":[[126.9392298,35.1424753],[126.9392959,35.142439],[126.9393307,35.1424192],[126.9393469,35.1424095],[126.9393613,35.1424006],[126.9393738,35.1423923],[126.9393857,35.1423838],[126.9393975,35.1423745],[126.939409,35.142365],[126.9394202,35.1423551],[126.939442,35.1423351],[126.9394635,35.1423147],[126.9397087,35.1420781],[126.9397517,35.1420372],[126.9397737,35.1420173],[126.939785,35.1420076],[126.9397965,35.1419982],[126.9398086,35.1419892],[126.9398208,35.1419808],[126.9398335,35.1419728],[126.9398598,35.1419576],[126.9399001,35.1419358],[126.940118,35.1418218],[126.9402266,35.1417646],[126.9403623,35.1416926],[126.9404032,35.1416715],[126.940417,35.1416647],[126.9404309,35.1416583],[126.940445,35.1416521],[126.9404592,35.1416465],[126.9404738,35.1416416],[126.940489,35.1416375],[126.9405044,35.1416341],[126.9405201,35.1416313],[126.9405359,35.1416288],[126.940568,35.1416245],[126.9406002,35.1416207],[126.940778,35.141601],[126.9409718,35.1415791],[126.9411817,35.141555],[126.9413755,35.1415323],[126.9414077,35.1415289],[126.9414238,35.1415275],[126.9414399,35.1415263],[126.9414559,35.1415256],[126.9414719,35.1415254],[126.9414878,35.141526],[126.9415037,35.1415275],[126.9415195,35.1415297],[126.9415353,35.1415325],[126.941551,35.1415357],[126.9415667,35.1415392],[126.941598,35.1415467],[126.9418325,35.1416059],[126.9423956,35.1417465],[126.9426615,35.1418132],[126.9426928,35.1418206],[126.9427243,35.1418272],[126.9427402,35.14183],[126.9427561,35.1418323],[126.9427718,35.1418339],[126.9427876,35.141835],[126.9428035,35.1418357],[126.9428194,35.1418362],[126.9428514,35.1418367],[126.9430275,35.1418369],[126.9430755,35.1418368],[126.9431074,35.1418362],[126.9431233,35.1418357],[126.9431392,35.1418349],[126.9431549,35.1418337],[126.9431706,35.141832],[126.9431863,35.1418295],[126.9432019,35.1418266],[126.9432175,35.1418232],[126.943233,35.1418196],[126.9432792,35.1418077],[126.943664,35.1417029],[126.9438342,35.1416558],[126.9438649,35.1416475],[126.9438951,35.1416401],[126.9439097,35.141637],[126.9439237,35.1416347],[126.943937,35.1416335],[126.9439492,35.1416338],[126.9439597,35.1416363],[126.9439679,35.1416414],[126.9439746,35.1416492],[126.9439805,35.1416604],[126.9439856,35.1416743],[126.9439901,35.1416899],[126.9439939,35.1417063],[126.9439972,35.1417225],[126.9439999,35.1417377],[126.9440047,35.1417682],[126.9440054,35.1417701]]}},{"type":"Feature","properties":{"slot":"mudeungsan_hiking_trail","sourceCode":"291100401","sourceMountainName":"깃대봉","trailName":"","trailLengthKm":"0.2","difficulty":"쉬움","sourceFeatureId":"3","pathIndex":"0"},"geometry":{"type":"LineString","coordinates":[[126.9440054,35.1417701],[126.9446676,35.1418422],[126.9449422,35.1418725],[126.9449907,35.1418777],[126.945023,35.1418807],[126.9450554,35.1418829],[126.9450716,35.1418835],[126.9450872,35.1418837],[126.9451184,35.1418831],[126.9451497,35.1418818],[126.9451809,35.14188],[126.9452278,35.1418769],[126.9452589,35.1418744],[126.9452899,35.1418712],[126.9453052,35.1418692],[126.9453205,35.1418667],[126.945336,35.1418636],[126.9453514,35.14186],[126.9453668,35.1418562],[126.945382,35.141852],[126.9454124,35.1418433],[126.9454731,35.1418251],[126.945685,35.1417606],[126.9457456,35.1417426],[126.9457761,35.1417342],[126.9457914,35.1417303],[126.9458068,35.1417268],[126.9458224,35.1417238],[126.9458379,35.1417214],[126.9458535,35.1417195],[126.9458692,35.1417179],[126.9459008,35.1417155],[126.9459644,35.141712],[126.9461554,35.1417031]]}},{"type":"Feature","properties":{"slot":"mudeungsan_hiking_trail","sourceCode":"291100401","sourceMountainName":"깃대봉","trailName":"운림동구간","trailLengthKm":"0.74","difficulty":"쉬움","sourceFeatureId":"4","pathIndex":"0"},"geometry":{"type":"LineString","coordinates":[[126.9414053,35.1356031],[126.9413891,35.1357055],[126.9413707,35.135817],[126.9413667,35.1358437],[126.941365,35.1358569],[126.9413637,35.13587],[126.9413628,35.1358829],[126.9413627,35.1358957],[126.9413636,35.135908],[126.9413659,35.13592],[126.9413701,35.1359313],[126.9413763,35.1359414],[126.9413843,35.135951],[126.9413936,35.1359602],[126.9414038,35.135969],[126.9414147,35.1359777],[126.941426,35.1359862],[126.9414726,35.1360203],[126.941484,35.136029],[126.9414949,35.136038],[126.9415054,35.1360473],[126.941515,35.1360571],[126.9415239,35.1360676],[126.941532,35.1360786],[126.9415394,35.13609],[126.9415463,35.1361016],[126.9415528,35.1361134],[126.9415589,35.1361253],[126.9415645,35.1361374],[126.9415696,35.1361495],[126.941574,35.1361618],[126.9415775,35.1361741],[126.9415799,35.1361866],[126.9415809,35.1361993],[126.9415808,35.1362122],[126.9415798,35.1362251],[126.9415783,35.136238],[126.941574,35.1362641],[126.9415689,35.1362902],[126.9415635,35.1363163],[126.9415273,35.136486],[126.9415221,35.1365121],[126.9415175,35.1365381],[126.9415157,35.136551],[126.9415144,35.1365639],[126.9415138,35.1365766],[126.9415142,35.1365892],[126.9415159,35.1366017],[126.9415193,35.136614],[126.9415242,35.1366262],[126.94153,35.1366383],[126.9415365,35.1366502],[126.9415436,35.1366621],[126.941551,35.1366739],[126.9415744,35.1367092],[126.9417019,35.1368971],[126.9417177,35.1369206],[126.9417329,35.1369442],[126.9417402,35.1369561],[126.9417471,35.1369681],[126.9417535,35.1369802],[126.9417591,35.1369924],[126.9417637,35.1370049],[126.9417668,35.137017],[126.9417691,35.1370293],[126.9417706,35.1370418],[126.9417716,35.1370544],[126.9417723,35.1370671],[126.9417728,35.1370925],[126.9417726,35.1371181],[126.9417719,35.1371436],[126.9417703,35.137169],[126.941769,35.1371816],[126.9417672,35.1371941],[126.9417647,35.1372065],[126.9417614,35.1372186],[126.941757,35.1372304],[126.941752,35.1372419],[126.9417356,35.1372758],[126.9417308,35.1372868],[126.941727,35.1372977],[126.9417247,35.1373085],[126.9417244,35.1373192],[126.9417268,35.13733],[126.9417314,35.1373407],[126.9417377,35.1373512],[126.9417451,35.1373617],[126.9417534,35.1373721],[126.9417623,35.1373825],[126.9417716,35.1373928],[126.941791,35.1374135],[126.9418604,35.1374858],[126.9419392,35.1375685],[126.9419591,35.137589],[126.9419794,35.1376091],[126.9419899,35.137619],[126.9420121,35.1376388],[126.942035,35.1376582],[126.9420582,35.1376774],[126.9425135,35.1380483],[126.9425951,35.1381151],[126.9427231,35.1382202],[126.9427467,35.138239],[126.9427586,35.1382481],[126.9427708,35.1382571],[126.9427831,35.1382656],[126.9427959,35.1382737],[126.9428092,35.1382811],[126.9428228,35.1382876],[126.9428369,35.1382934],[126.9428513,35.1382988],[126.9428661,35.1383038],[126.942881,35.1383086],[126.9429111,35.1383177],[126.9429414,35.1383265],[126.94317,35.1383914],[126.9432156,35.1384046],[126.9432457,35.1384138],[126.9432606,35.1384185],[126.9432753,35.1384236],[126.9432898,35.138429],[126.9433039,35.1384348],[126.9433175,35.1384413],[126.9433307,35.1384487],[126.9433434,35.1384568],[126.9433557,35.1384653],[126.9433677,35.1384742],[126.9433796,35.1384834],[126.9434029,35.1385022],[126.9434952,35.1385792],[126.9435184,35.1385978],[126.9435301,35.1386066],[126.943542,35.1386151],[126.943554,35.1386228],[126.9435664,35.1386296],[126.9435791,35.138635],[126.9435923,35.1386387],[126.9436059,35.1386401],[126.9436201,35.1386397],[126.9436346,35.1386381],[126.9436494,35.1386355],[126.9436644,35.1386324],[126.9437255,35.1386177],[126.943741,35.1386144],[126.9437565,35.1386115],[126.9437722,35.1386093],[126.9437876,35.1386081],[126.943803,35.1386074],[126.9438184,35.1386073],[126.9438339,35.1386076],[126.9438494,35.1386083],[126.9438803,35.1386102],[126.9438957,35.1386116],[126.9439108,35.1386133],[126.9439257,35.1386153],[126.9439403,35.1386178],[126.9439545,35.138621],[126.943968,35.138625],[126.9439807,35.1386302],[126.9439925,35.138637],[126.9440035,35.1386449],[126.9440139,35.1386537],[126.9440239,35.138663],[126.9440628,35.1387022],[126.944073,35.1387117],[126.9440837,35.1387206],[126.944095,35.1387288],[126.9441075,35.1387362],[126.9441207,35.1387428],[126.9441344,35.1387489],[126.9441485,35.1387545],[126.9441629,35.1387599],[126.9441923,35.1387699],[126.9442371,35.1387843],[126.9443726,35.1388262],[126.9444024,35.1388358],[126.944417,35.1388408],[126.9444314,35.138846],[126.9444453,35.1388514],[126.9444587,35.1388573],[126.9444713,35.1388637],[126.9444827,35.1388709],[126.9444927,35.1388792],[126.944501,35.138889],[126.9445077,35.1388999],[126.9445134,35.1389115],[126.9445182,35.1389237],[126.9445225,35.1389363],[126.9445382,35.1389874],[126.9445425,35.1389998],[126.9445475,35.1390115],[126.9445533,35.1390226],[126.9445604,35.1390325],[126.9445691,35.1390409],[126.9445796,35.1390474],[126.9445917,35.1390524],[126.944605,35.1390563],[126.9446191,35.1390595],[126.9446339,35.1390621],[126.9446491,35.1390644],[126.9446646,35.1390664],[126.9447277,35.1390734],[126.9447591,35.1390773],[126.9447745,35.1390797],[126.9447897,35.1390824],[126.9448045,35.1390857],[126.9448189,35.1390897],[126.9448325,35.1390948],[126.9448453,35.1391012],[126.9448575,35.1391087],[126.9448692,35.139117],[126.9448805,35.1391258],[126.9448915,35.1391351],[126.9449023,35.1391446],[126.9449236,35.1391641],[126.9449867,35.1392239],[126.9450186,35.1392535],[126.9450404,35.1392727],[126.9450515,35.1392821],[126.945063,35.1392912],[126.9450748,35.1393],[126.9450868,35.1393081],[126.9450993,35.139316],[126.9451248,35.139331],[126.9451897,35.1393674],[126.9452024,35.1393749],[126.9452149,35.1393826],[126.9452269,35.1393905],[126.9452384,35.1393989],[126.9452492,35.1394078],[126.9452594,35.1394178],[126.9452689,35.1394284],[126.9452777,35.1394394],[126.9452862,35.1394508],[126.9452943,35.1394623],[126.9453178,35.1394977],[126.9454018,35.1396292],[126.9454327,35.1396767],[126.9454486,35.1397003],[126.9454568,35.1397119],[126.9454653,35.1397234],[126.9454741,35.1397347],[126.9454831,35.1397455],[126.9454925,35.1397561],[126.945512,35.1397769],[126.9455421,35.1398077],[126.945603,35.1398689],[126.9456438,35.1399095],[126.9456646,35.1399295],[126.9456752,35.1399393],[126.945686,35.1399488],[126.9456972,35.1399581],[126.9457088,35.139967],[126.945721,35.1399754],[126.9457337,35.1399835],[126.9457468,35.1399912],[126.9457734,35.1400062],[126.9458143,35.1400278],[126.9459788,35.1401133],[126.94602,35.1401343],[126.9460353,35.1401414],[126.9460527,35.1401484],[126.9460716,35.1401551],[126.9460911,35.1401609],[126.9461105,35.1401653],[126.9461263,35.1401678],[126.9461407,35.1401694],[126.9461531,35.1401702],[126.9461628,35.1401705],[126.9461691,35.1401704],[126.9461714,35.1401701]]}},{"type":"Feature","properties":{"slot":"mudeungsan_hiking_trail","sourceCode":"291100401","sourceMountainName":"깃대봉","trailName":"","trailLengthKm":"0.32","difficulty":"쉬움","sourceFeatureId":"5","pathIndex":"0"},"geometry":{"type":"LineString","coordinates":[[126.9461714,35.1401701],[126.9461751,35.1401789],[126.946206,35.1402488],[126.9462198,35.1402808],[126.9462306,35.1403075],[126.9462353,35.14032],[126.9462396,35.1403326],[126.9462434,35.1403452],[126.9462465,35.1403579],[126.9462486,35.1403707],[126.9462496,35.1403834],[126.9462497,35.1403962],[126.9462491,35.1404091],[126.9462481,35.140422],[126.9462451,35.1404478],[126.9462398,35.1404867],[126.9462153,35.1406555],[126.9462109,35.1406813],[126.9462084,35.1406941],[126.9462055,35.1407069],[126.9462022,35.1407196],[126.9461983,35.1407325],[126.9461938,35.1407452],[126.9461838,35.1407705],[126.946173,35.1407955],[126.9461612,35.1408202],[126.946155,35.1408324],[126.9461483,35.1408444],[126.9461412,35.1408561],[126.9461333,35.1408675],[126.9461246,35.1408786],[126.9461151,35.1408893],[126.9461052,35.1408997],[126.9460843,35.1409202],[126.9460626,35.1409402],[126.9459968,35.1409999],[126.9459755,35.1410201],[126.9459653,35.1410303],[126.9459555,35.1410407],[126.9459463,35.1410513],[126.9459379,35.1410623],[126.9459307,35.1410737],[126.9459249,35.1410854],[126.9459202,35.1410976],[126.9459163,35.1411101],[126.945913,35.1411228],[126.9459074,35.1411486],[126.9458997,35.1411876],[126.9458969,35.1412005],[126.9458938,35.1412134],[126.9458901,35.141226],[126.9458858,35.1412385],[126.9458806,35.1412506],[126.945874,35.1412625],[126.9458664,35.1412741],[126.9458582,35.1412854],[126.9458494,35.1412966],[126.9458308,35.1413186],[126.9458017,35.1413511],[126.9457818,35.1413725],[126.9457614,35.1413933],[126.9457508,35.1414034],[126.9457399,35.141413],[126.9457285,35.1414221],[126.9457163,35.1414305],[126.9457034,35.1414379],[126.9456898,35.1414445],[126.9456757,35.1414506],[126.9456613,35.1414563],[126.9456317,35.141467],[126.9456016,35.1414772],[126.9454502,35.1415269],[126.9452841,35.1415821],[126.945073,35.1416526],[126.9448771,35.1417186],[126.9448469,35.1417284],[126.9448318,35.141733],[126.9448165,35.1417375],[126.9448012,35.1417417],[126.9447858,35.1417453],[126.9447702,35.1417484],[126.9447544,35.1417507],[126.9447385,35.1417524],[126.9447224,35.1417537],[126.9447062,35.1417546],[126.9446738,35.1417559],[126.9446249,35.141757],[126.9443966,35.1417615],[126.9440054,35.1417701]]}},{"type":"Feature","properties":{"slot":"mudeungsan_hiking_trail","sourceCode":"291100401","sourceMountainName":"깃대봉","trailName":"","trailLengthKm":"0.39","difficulty":"쉬움","sourceFeatureId":"6","pathIndex":"0"},"geometry":{"type":"LineString","coordinates":[[126.9477054,35.1398701],[126.9478382,35.139792],[126.9478776,35.1397683],[126.9479034,35.1397521],[126.9479159,35.1397437],[126.9479281,35.1397351],[126.9479397,35.1397261],[126.9479507,35.1397166],[126.9479604,35.1397069],[126.9479696,35.1396968],[126.9479782,35.1396863],[126.9479866,35.1396756],[126.9480027,35.1396538],[126.9480259,35.1396205],[126.9480485,35.1395868],[126.9480628,35.139564],[126.9480697,35.1395525],[126.948083,35.1395282],[126.9480956,35.1395037],[126.9481078,35.139479],[126.9481916,35.1393054],[126.9482705,35.1391444],[126.9482822,35.1391195],[126.9482878,35.139107],[126.948293,35.1390944],[126.9482979,35.1390817],[126.9483022,35.1390689],[126.9483058,35.1390559],[126.9483087,35.1390427],[126.9483111,35.1390295],[126.9483131,35.1390163],[126.9483146,35.139003],[126.9483157,35.1389898],[126.9483161,35.1389766],[126.9483158,35.1389636],[126.9483145,35.1389507],[126.9483118,35.1389381],[126.9483076,35.138926],[126.9483021,35.1389142],[126.9482956,35.1389025],[126.9482885,35.138891],[126.9482809,35.1388795],[126.9482729,35.1388682],[126.9482565,35.1388455],[126.9481302,35.1386764],[126.948113,35.1386541],[126.9480951,35.1386323],[126.9480858,35.1386216],[126.9480759,35.138611],[126.9480552,35.1385904],[126.9480229,35.1385601],[126.9479571,35.1385004],[126.9479357,35.1384803],[126.9479253,35.1384702],[126.9479153,35.1384599],[126.9479059,35.1384495],[126.9478972,35.1384388],[126.9478896,35.1384278],[126.9478834,35.1384164],[126.9478792,35.1384052],[126.9478763,35.1383936],[126.9478742,35.1383818],[126.9478729,35.1383697],[126.9478697,35.1383206],[126.9478686,35.1383084],[126.947867,35.1382962],[126.9478647,35.1382843],[126.9478613,35.1382726],[126.9478563,35.1382604],[126.9478502,35.1382484],[126.9478432,35.1382367],[126.9478355,35.1382251],[126.9478275,35.1382136],[126.9478105,35.1381908],[126.947793,35.1381682],[126.947713,35.1380666],[126.9476336,35.1379648],[126.9476156,35.1379424],[126.9476064,35.1379314],[126.947597,35.1379205],[126.9475873,35.1379099],[126.9475771,35.1378996],[126.9475664,35.1378898],[126.9475553,35.1378808],[126.9475437,35.1378722],[126.9475316,35.1378639],[126.9475194,35.1378558],[126.9474695,35.1378239],[126.9474574,35.1378158],[126.9474455,35.1378075],[126.9474342,35.1377988],[126.9474236,35.1377897],[126.9474139,35.1377799],[126.9474053,35.1377695],[126.9473976,35.1377584],[126.9473907,35.1377469],[126.9473843,35.137735],[126.9473782,35.137723],[126.9473551,35.1376748],[126.9473492,35.1376633],[126.9473429,35.1376524],[126.9473363,35.1376424],[126.947329,35.1376335],[126.9473209,35.1376263],[126.9473115,35.1376213],[126.9473006,35.137619],[126.9472883,35.1376191],[126.9472752,35.1376209],[126.9472615,35.1376239],[126.9472473,35.1376277],[126.9472328,35.1376321],[126.947218,35.137637],[126.9471882,35.1376474],[126.947053,35.1376964],[126.9469931,35.1377176],[126.9469631,35.1377278],[126.946948,35.1377326],[126.9469329,35.137737],[126.9469177,35.1377411],[126.9469024,35.1377445],[126.9468869,35.1377471],[126.9468719,35.1377486],[126.9468567,35.1377493],[126.9468413,35.1377494],[126.9468259,35.1377491],[126.9467951,35.1377476],[126.9467642,35.1377452],[126.9467488,35.1377437],[126.9467336,35.1377419],[126.9467185,35.1377397],[126.9467036,35.1377371],[126.946689,35.1377339],[126.9466749,35.1377298],[126.9466609,35.1377245],[126.9466473,35.1377182],[126.9466341,35.1377113],[126.9466211,35.1377039],[126.9466083,35.1376961],[126.9465831,35.1376798],[126.9465456,35.1376546],[126.9464401,35.1375826],[126.9464214,35.1375701]]}},{"type":"Feature","properties":{"slot":"mudeungsan_hiking_trail","sourceCode":"291100401","sourceMountainName":"깃대봉","trailName":"학동구간","trailLengthKm":"0.67","difficulty":"쉬움","sourceFeatureId":"7","pathIndex":"0"},"geometry":{"type":"LineString","coordinates":[[126.9370383,35.1394362],[126.9370486,35.1394404],[126.9370596,35.1394442],[126.9370731,35.1394481],[126.9370879,35.1394511],[126.9371029,35.1394525],[126.937117,35.1394512],[126.9371295,35.1394464],[126.9371395,35.1394385],[126.937147,35.1394285],[126.9371521,35.1394174],[126.9371566,35.1394056],[126.9371608,35.1393933],[126.9371775,35.1393427],[126.937182,35.13933],[126.937187,35.1393174],[126.9371924,35.139305],[126.9371984,35.139293],[126.9372048,35.1392812],[126.9372116,35.1392695],[126.9372259,35.1392463],[126.9372406,35.1392233],[126.9372858,35.1391546],[126.9373088,35.1391205],[126.9373248,35.1390983],[126.9373332,35.1390874],[126.9373419,35.1390769],[126.9373512,35.1390668],[126.9373613,35.1390573],[126.9373722,35.1390485],[126.9373838,35.1390404],[126.937396,35.1390326],[126.9374086,35.1390252],[126.9374345,35.139011],[126.9374611,35.1389975],[126.9374881,35.1389848],[126.9375017,35.1389789],[126.9375154,35.1389735],[126.9375293,35.1389688],[126.9375433,35.1389649],[126.9375575,35.1389624],[126.937572,35.1389613],[126.9375866,35.1389615],[126.9376014,35.1389627],[126.9376162,35.1389646],[126.937631,35.1389671],[126.9376457,35.1389701],[126.9376603,35.1389737],[126.9376745,35.1389777],[126.9376884,35.1389824],[126.9377016,35.1389879],[126.9377142,35.1389943],[126.9377257,35.1390019],[126.9377364,35.1390104],[126.9377466,35.1390196],[126.9377564,35.1390292],[126.9377939,35.1390684],[126.9378034,35.1390775],[126.937813,35.1390859],[126.937823,35.1390932],[126.9378335,35.1390991],[126.9378446,35.139103],[126.9378572,35.1391045],[126.9378705,35.1391038],[126.9378843,35.1391016],[126.9378986,35.1390982],[126.9379131,35.139094],[126.9379278,35.1390893],[126.9379575,35.1390788],[126.9380022,35.1390618],[126.9380315,35.1390499],[126.9380457,35.1390436],[126.9380595,35.139037],[126.9380727,35.13903],[126.938085,35.1390223],[126.9380961,35.1390137],[126.9381056,35.1390043],[126.9381139,35.138994],[126.9381213,35.138983],[126.9381282,35.1389716],[126.9381346,35.1389599],[126.9381408,35.1389479],[126.9381581,35.1389113],[126.9382085,35.1388003],[126.9382201,35.138776],[126.9382324,35.138752],[126.938239,35.1387404],[126.9382461,35.138729],[126.9382539,35.1387181],[126.9382627,35.1387077],[126.9382727,35.1386979],[126.9382838,35.1386886],[126.9382955,35.1386798],[126.9383078,35.1386713],[126.9383332,35.1386549],[126.9383725,35.1386309],[126.938399,35.1386152],[126.9384257,35.1385998],[126.9384527,35.1385848],[126.9384663,35.1385777],[126.9384802,35.138571],[126.9384944,35.1385648],[126.9385089,35.1385594],[126.9385234,35.138555],[126.9385382,35.1385512],[126.9385532,35.138548],[126.9385684,35.1385451],[126.9387574,35.138499],[126.9387723,35.1384962],[126.9387869,35.1384931],[126.938801,35.1384895],[126.9388144,35.1384853],[126.9388267,35.1384801],[126.9388376,35.1384736],[126.9388471,35.1384653],[126.9388551,35.1384556],[126.9388621,35.1384449],[126.9388682,35.1384335],[126.9388739,35.1384216],[126.9388792,35.1384093],[126.9388891,35.1383842],[126.9388985,35.1383587],[126.9388888,35.1381634],[126.9388865,35.1379699],[126.9389308,35.1379159],[126.9389325,35.1378894],[126.9389329,35.1378763],[126.938933,35.1378631],[126.9389324,35.13785],[126.9389311,35.137837],[126.9389289,35.1378247],[126.938926,35.1378125],[126.9389226,35.1378003],[126.9388869,35.13763],[126.9388832,35.1376179],[126.9388799,35.1376057],[126.9388771,35.1375934],[126.938875,35.1375811],[126.9388739,35.137568],[126.9388736,35.1375548],[126.9388739,35.1375415],[126.9388758,35.1375149],[126.9388802,35.1374748],[126.9388558,35.1373222],[126.9388977,35.1372728],[126.9389862,35.137211],[126.9390025,35.1371708],[126.9389946,35.1371171],[126.9389015,35.1369542],[126.9388895,35.1369036],[126.9389218,35.1368704],[126.9390236,35.1368121],[126.939036,35.1367717],[126.9390285,35.1366093],[126.9389427,35.1365079],[126.9389396,35.1364825],[126.9389385,35.1364698],[126.938938,35.1364572],[126.9389381,35.1364446],[126.9389391,35.1364321],[126.9389414,35.1364192],[126.9389446,35.1364064],[126.9389486,35.1363937],[126.9389531,35.136381],[126.938963,35.1363558],[126.9389791,35.136318],[126.9390629,35.136071],[126.9390736,35.1360458],[126.9390838,35.1360205],[126.9390884,35.1360079],[126.9390926,35.1359951],[126.9390963,35.1359823],[126.9390991,35.1359694],[126.9391009,35.1359563],[126.9391019,35.1359432],[126.9391023,35.13593],[126.9391022,35.1359167],[126.9391014,35.1358901],[126.9390991,35.13585],[126.9390965,35.1358099],[126.9390944,35.1357832],[126.9390918,35.1357566],[126.9390902,35.1357434],[126.9390881,35.1357303],[126.9390855,35.1357173],[126.9390821,35.1357044],[126.9390778,35.1356917],[126.9390726,35.1356792],[126.939067,35.1356668],[126.9390545,35.1356422],[126.9390508,35.1355835],[126.9390446,35.1355712],[126.9390387,35.1355589],[126.9390334,35.1355465],[126.9390287,35.135534],[126.9390251,35.1355213],[126.9390226,35.1355084],[126.939021,35.1354952],[126.9390203,35.135482],[126.93902,35.1354687],[126.9390204,35.1354419],[126.9390215,35.135415],[126.9390009,35.1352509],[126.9389454,35.1351986],[126.9388454,35.1347409]]}},{"type":"Feature","properties":{"slot":"mudeungsan_hiking_trail","sourceCode":"291100401","sourceMountainName":"깃대봉","trailName":"지산동구간","trailLengthKm":"0.48","difficulty":"쉬움","sourceFeatureId":"8","pathIndex":"0"},"geometry":{"type":"LineString","coordinates":[[126.9379554,35.1432202],[126.9380326,35.1434236],[126.9380957,35.1435887],[126.9381101,35.1436269],[126.9381192,35.1436524],[126.9381275,35.143678],[126.938131,35.1436909],[126.9381341,35.1437038],[126.9381364,35.1437169],[126.9381381,35.1437301],[126.9381405,35.1437566],[126.9381426,35.1437965],[126.9381497,35.1439967],[126.9381588,35.1442368],[126.9381633,35.1443436],[126.938169,35.144464],[126.9381697,35.1444906],[126.9381698,35.1445038],[126.9381695,35.1445169],[126.9381686,35.1445298],[126.938167,35.1445426],[126.9381643,35.144555],[126.9381602,35.144567],[126.9381542,35.1445785],[126.9381468,35.1445896],[126.9381383,35.1446004],[126.938129,35.1446109],[126.9381191,35.1446213],[126.9381089,35.1446316],[126.9380879,35.144652],[126.937894,35.1448342],[126.9378514,35.1448749],[126.9378309,35.1448956],[126.9378211,35.1449061],[126.9378118,35.1449168],[126.9378031,35.1449278],[126.9377953,35.1449392],[126.9377887,35.144951],[126.937783,35.1449631],[126.9377779,35.1449756],[126.9377733,35.1449882],[126.937765,35.1450139],[126.937719,35.1451709],[126.9377117,35.1451968],[126.9377085,35.1452094],[126.9377057,35.1452219],[126.9377036,35.1452339],[126.9377024,35.1452453],[126.9377027,35.1452559],[126.9377048,35.1452654],[126.9377096,35.1452734],[126.9377171,35.1452792],[126.9377271,35.1452837],[126.9377388,35.1452871],[126.9377518,35.1452897],[126.9377656,35.1452919],[126.9378094,35.1452976],[126.937824,35.1452998],[126.9378382,35.1453024],[126.9378517,35.1453058],[126.9378642,35.1453101],[126.9378754,35.1453158],[126.9378855,35.1453237],[126.9378941,35.1453331],[126.9379016,35.1453437],[126.9379084,35.145355],[126.9379145,35.1453669],[126.9379203,35.1453792],[126.9379258,35.1453918],[126.9379365,35.1454174],[126.9379785,35.1455215],[126.9379887,35.1455473],[126.9379934,35.1455601],[126.9379977,35.1455727],[126.9380014,35.1455851],[126.9380041,35.1455972],[126.9380055,35.1456088],[126.938005,35.1456198],[126.9380019,35.14563],[126.9379956,35.1456391],[126.9379866,35.1456473],[126.9379758,35.1456549],[126.9379636,35.1456621],[126.9379505,35.1456689],[126.9379367,35.1456755],[126.937908,35.1456883],[126.9378785,35.1457005],[126.9378636,35.1457063],[126.9378486,35.1457119],[126.9378336,35.1457171],[126.9378185,35.1457217],[126.9378032,35.1457256],[126.9377877,35.1457284],[126.9377724,35.1457298],[126.937757,35.1457303],[126.9377414,35.14573],[126.9377257,35.1457291],[126.9376942,35.1457264],[126.9376625,35.145723],[126.9375834,35.1457138],[126.9375518,35.1457107],[126.937536,35.1457095],[126.9375202,35.1457087],[126.9375045,35.1457083],[126.9374889,35.1457087],[126.9374729,35.1457098],[126.937457,35.1457116],[126.937441,35.1457139],[126.9374252,35.1457166],[126.9374093,35.1457195],[126.9373776,35.1457259],[126.9371719,35.1457696],[126.9369819,35.1458093],[126.9369344,35.1458194],[126.936903,35.1458265],[126.9368718,35.1458343],[126.9368565,35.1458387],[126.9368412,35.1458434],[126.9368262,35.1458486],[126.9367963,35.1458594],[126.9367519,35.1458766],[126.9367078,35.1458942],[126.9366641,35.1459125],[126.9366498,35.1459188],[126.9366358,35.1459255],[126.936622,35.1459324],[126.9366087,35.1459399],[126.9365962,35.1459478],[126.9365841,35.1459562],[126.9365723,35.145965],[126.9365608,35.145974],[126.9365381,35.1459925],[126.9364727,35.146016],[126.9363183,35.1461326],[126.9361959,35.1462369]]}},{"type":"Feature","properties":{"slot":"mudeungsan_hiking_trail","sourceCode":"291100401","sourceMountainName":"깃대봉","trailName":"운림동구간","trailLengthKm":"0.53","difficulty":"쉬움","sourceFeatureId":"9","pathIndex":"0"},"geometry":{"type":"LineString","coordinates":[[126.9464214,35.1375701],[126.9464905,35.1376528],[126.9465766,35.1377547],[126.9465946,35.1377765],[126.9466119,35.1377984],[126.9466199,35.1378095],[126.9466274,35.1378206],[126.946634,35.1378319],[126.9466394,35.1378434],[126.9466433,35.1378551],[126.9466453,35.1378676],[126.9466457,35.1378802],[126.9466448,35.1378931],[126.9466432,35.1379062],[126.946641,35.1379193],[126.9466354,35.1379457],[126.9466292,35.1379723],[126.9466001,35.138092],[126.946572,35.1382117],[126.9465444,35.1383317],[126.9465148,35.1384666],[126.9465084,35.1384928],[126.9465048,35.1385053],[126.9465009,35.1385172],[126.9464964,35.1385282],[126.9464911,35.1385378],[126.9464847,35.1385456],[126.9464767,35.1385508],[126.9464669,35.1385529],[126.9464555,35.1385524],[126.946443,35.13855],[126.9464297,35.1385464],[126.9464159,35.1385418],[126.9464017,35.1385365],[126.9463872,35.1385309],[126.9463577,35.1385189],[126.9461948,35.1384508],[126.9461658,35.1384381],[126.9461516,35.1384315],[126.9461375,35.1384246],[126.9461238,35.1384174],[126.9461105,35.1384097],[126.9460974,35.1384016],[126.9460846,35.1383932],[126.946072,35.1383847],[126.946047,35.1383673],[126.9458742,35.1382427],[126.9454421,35.1379319],[126.9454173,35.1379143],[126.9453922,35.1378969],[126.9453667,35.1378801],[126.9453537,35.137872],[126.9453404,35.1378642],[126.9453133,35.1378494],[126.9452856,35.137835],[126.9452578,35.1378209],[126.945062,35.1377234],[126.9446286,35.1375069],[126.944418,35.1374028],[126.9443905,35.1373885],[126.9443772,35.1373811],[126.9443642,35.1373734],[126.9443518,35.1373654],[126.9443402,35.1373568],[126.9443297,35.1373475],[126.9443206,35.1373373],[126.9443126,35.1373264],[126.9443054,35.137315],[126.9442987,35.1373032],[126.9442925,35.1372911],[126.9442865,35.1372788],[126.944275,35.1372539],[126.9442139,35.1371158],[126.944124,35.1369152],[126.944096,35.1368521],[126.9440572,35.136763],[126.9440459,35.1367379],[126.9440402,35.1367257],[126.9440342,35.136714],[126.944028,35.1367029],[126.9440214,35.1366927],[126.9440143,35.1366839],[126.9439658,35.1366554],[126.9439093,35.1366965],[126.943827,35.1367754],[126.9437414,35.1368312],[126.9436992,35.136819],[126.9436778,35.1368023],[126.9436821,35.1367294],[126.9436426,35.136576],[126.9435971,35.136509],[126.9435782,35.1364473],[126.9435376,35.1363819],[126.9434826,35.1363168]]}},{"type":"Feature","properties":{"slot":"mudeungsan_hiking_trail","sourceCode":"291100401","sourceMountainName":"깃대봉","trailName":"","trailLengthKm":"0.28","difficulty":"쉬움","sourceFeatureId":"10","pathIndex":"0"},"geometry":{"type":"LineString","coordinates":[[126.9376606,35.1349512],[126.9374582,35.134944],[126.9374273,35.1349381],[126.9374122,35.1349355],[126.9373974,35.1349333],[126.9373831,35.1349316],[126.9373695,35.1349307],[126.9373569,35.134931],[126.9373458,35.1349327],[126.9373365,35.1349366],[126.9373294,35.1349432],[126.9373243,35.1349519],[126.9373206,35.1349622],[126.9373178,35.1349736],[126.9373158,35.1349858],[126.9373143,35.1349985],[126.9373094,35.1350517],[126.9373079,35.135065],[126.937306,35.1350783],[126.9373035,35.1350913],[126.9373002,35.1351042],[126.9372957,35.1351166],[126.9372899,35.1351287],[126.9372828,35.1351404],[126.937275,35.1351518],[126.9372665,35.135163],[126.9372484,35.1351851],[126.9372295,35.1352069],[126.9370842,35.1353691],[126.9370064,35.1354554],[126.9369777,35.1354879],[126.9369596,35.1355099],[126.9369511,35.135521],[126.9369434,35.1355323],[126.9369365,35.1355439],[126.9369309,35.1355558],[126.9369269,35.135568],[126.9369242,35.1355804],[126.9369223,35.1355932],[126.9369211,35.1356061],[126.9369204,35.1356191],[126.93692,35.1356322],[126.9369197,35.1356586],[126.93692,35.1357118],[126.9369207,35.135765],[126.936922,35.135805],[126.9369229,35.1358183],[126.9369241,35.1358315],[126.9369257,35.1358446],[126.9369281,35.1358576],[126.9369313,35.1358705],[126.9369354,35.1358827],[126.9369402,35.1358947],[126.9369559,35.1359291],[126.9369605,35.1359398],[126.9369641,35.13595],[126.9369663,35.1359593],[126.9369665,35.1359675],[126.9369638,35.1359741],[126.9369573,35.1359792],[126.9369478,35.1359827],[126.9369359,35.135985],[126.9369225,35.1359864],[126.9369079,35.1359873],[126.9368925,35.1359877],[126.9368766,35.1359879],[126.9368439,35.1359879],[126.9366944,35.1359866],[126.9365628,35.1359863],[126.9363662,35.1359865],[126.936202,35.1359874],[126.9361692,35.1359875],[126.9361367,35.135987],[126.9361207,35.1359863],[126.9361048,35.1359852],[126.9360893,35.1359835],[126.9360742,35.1359809],[126.9360597,35.1359771],[126.936046,35.1359718],[126.9360328,35.1359653],[126.9360202,35.1359578],[126.9360078,35.1359498],[126.9359956,35.1359412],[126.9359717,35.1359233],[126.9359481,35.1359048],[126.9358502,35.1358266],[126.93576,35.1357553]]}},{"type":"Feature","properties":{"slot":"mudeungsan_hiking_trail","sourceCode":"291100401","sourceMountainName":"깃대봉","trailName":"운림동구간","trailLengthKm":"0.38","difficulty":"쉬움","sourceFeatureId":"11","pathIndex":"0"},"geometry":{"type":"LineString","coordinates":[[126.9464214,35.1375701],[126.9463019,35.137516],[126.9462722,35.137502],[126.946259,35.1374955],[126.9462459,35.1374888],[126.9462331,35.1374818],[126.9462206,35.1374745],[126.9462086,35.1374668],[126.9461963,35.1374581],[126.9461846,35.137449],[126.9461731,35.1374395],[126.9461619,35.1374297],[126.9461398,35.1374099],[126.9458363,35.1371267],[126.9457926,35.1370866],[126.9457702,35.137067],[126.9457587,35.1370574],[126.945747,35.1370481],[126.9457349,35.1370392],[126.9457223,35.1370306],[126.9457094,35.1370224],[126.9456963,35.1370144],[126.9456564,35.1369908],[126.9456432,35.1369829],[126.9456304,35.1369748],[126.9456179,35.1369664],[126.945606,35.1369576],[126.945595,35.1369481],[126.945585,35.136938],[126.9455759,35.1369273],[126.9455674,35.1369162],[126.9455593,35.1369047],[126.9455515,35.1368929],[126.945544,35.1368811],[126.9455293,35.136857],[126.9454647,35.1367471],[126.94545,35.1367235],[126.9454424,35.1367122],[126.9454345,35.1367016],[126.9454263,35.1366918],[126.9454175,35.1366833],[126.9454081,35.1366764],[126.9453975,35.1366719],[126.9453864,35.1366702],[126.9453744,35.1366706],[126.9453617,35.1366726],[126.9453485,35.1366756],[126.9453349,35.1366795],[126.9452931,35.1366927],[126.945279,35.1366969],[126.9452649,35.1367007],[126.9452508,35.1367037],[126.9452368,35.1367056],[126.9452229,35.1367061],[126.9452084,35.1367047],[126.945194,35.1367016],[126.9451797,35.1366974],[126.9451654,35.1366923],[126.9451512,35.1366865],[126.9451371,35.1366803],[126.9451088,35.1366672],[126.944982,35.1366055],[126.944869,35.1365512],[126.9448269,35.1365306],[126.9447994,35.1365163],[126.944786,35.1365087],[126.944773,35.1365008],[126.9447608,35.1364927],[126.944749,35.1364843],[126.9447375,35.1364755],[126.9447264,35.1364664],[126.9447157,35.1364572],[126.9447053,35.1364476],[126.9446955,35.1364378],[126.9446865,35.1364276],[126.9446783,35.136417],[126.9446713,35.1364058],[126.9446651,35.1363943],[126.9446597,35.1363824],[126.9446547,35.1363702],[126.9446457,35.1363455],[126.9446333,35.1363079],[126.9446055,35.1362196],[126.944597,35.1361947],[126.9445925,35.1361824],[126.9445878,35.1361702],[126.9445826,35.1361583],[126.9445768,35.1361467],[126.9445702,35.1361355],[126.9445625,35.136125],[126.9445532,35.1361148],[126.9445427,35.1361053],[126.9445313,35.1360962],[126.9445194,35.1360875],[126.944507,35.136079],[126.9444944,35.1360707],[126.9444555,35.1360461],[126.9443375,35.1359733],[126.9441547,35.1358597],[126.9441288,35.1358432],[126.9441034,35.1358265],[126.9440911,35.1358179],[126.9440792,35.135809],[126.9440678,35.1357999],[126.944057,35.1357903],[126.9440473,35.1357801],[126.9440394,35.1357702],[126.9440324,35.1357598],[126.9440258,35.1357492],[126.9440072,35.1357171],[126.9440007,35.1357068],[126.9439936,35.1356972],[126.9439857,35.1356884],[126.9439767,35.1356807],[126.9439656,35.1356741],[126.9439532,35.1356687],[126.9439398,35.1356644],[126.9439257,35.1356607],[126.9439111,35.1356575],[126.9438961,35.1356547],[126.9438655,35.1356498],[126.9438344,35.1356456],[126.9438188,35.1356438],[126.9438032,35.1356423],[126.9437876,35.1356412],[126.943772,35.1356406],[126.9437564,35.1356406],[126.9437406,35.1356416],[126.9436424,35.1356111],[126.9436113,35.1355885],[126.9435845,35.1356],[126.9435386,35.1356326],[126.9435072,35.1356852],[126.9434052,35.1356908]]}},{"type":"Feature","properties":{"slot":"mudeungsan_hiking_trail","sourceCode":"291100401","sourceMountainName":"깃대봉","trailName":"","trailLengthKm":"0.3","difficulty":"쉬움","sourceFeatureId":"12","pathIndex":"0"},"geometry":{"type":"LineString","coordinates":[[126.9363383,35.1377702],[126.9361574,35.1377185],[126.9359913,35.1376715],[126.9359463,35.1376582],[126.9359167,35.1376488],[126.9359022,35.1376437],[126.9358879,35.1376383],[126.9358739,35.1376323],[126.9358603,35.1376257],[126.935847,35.1376185],[126.9358339,35.137611],[126.9358083,35.1375952],[126.9357831,35.1375789],[126.9357454,35.1375541],[126.935708,35.1375291],[126.9356833,35.1375122],[126.9356592,35.1374949],[126.9356476,35.137486],[126.9356363,35.1374768],[126.9356255,35.1374672],[126.9356155,35.1374573],[126.9356061,35.137447],[126.935597,35.1374364],[126.9355882,35.1374256],[126.9355711,35.1374037],[126.9355128,35.1373259],[126.9354956,35.137304],[126.9354867,35.1372933],[126.9354775,35.1372828],[126.9354678,35.1372725],[126.9354574,35.1372625],[126.9354466,35.1372527],[126.9354355,35.1372431],[126.9354127,35.1372243],[126.9353776,35.1371967],[126.935189,35.1370504],[126.9349539,35.1368671],[126.9349183,35.1368398],[126.9348943,35.1368221],[126.934882,35.1368134],[126.9348696,35.136805],[126.9348569,35.1367969],[126.9348311,35.1367814],[126.9348048,35.1367664],[126.9347783,35.1367516],[126.9346318,35.1366709],[126.9346051,35.1366564],[126.9345781,35.1366421],[126.9345508,35.1366285],[126.9345368,35.1366221],[126.9345232,35.1366163],[126.9344953,35.1366054],[126.9344671,35.1365952],[126.9344386,35.1365855],[126.93441,35.1365763],[126.9343956,35.136572],[126.9343811,35.136568],[126.9343666,35.1365644],[126.934352,35.1365614],[126.9343372,35.1365591],[126.934322,35.1365576],[126.9343067,35.1365569],[126.9342912,35.1365568],[126.9342757,35.1365571],[126.9342446,35.1365584],[126.9342133,35.1365603],[126.934182,35.1365625],[126.9341351,35.1365665],[126.9341041,35.13657],[126.9340886,35.1365722],[126.9340729,35.1365749],[126.9340573,35.1365779],[126.9340262,35.1365846],[126.9339953,35.1365921],[126.93398,35.136596],[126.9339497,35.1366043],[126.9339348,35.1366088],[126.9339202,35.1366137],[126.9339059,35.1366192],[126.9338922,35.1366253],[126.9338793,35.1366323],[126.9338669,35.13664],[126.933855,35.1366483],[126.9338433,35.136657],[126.9338205,35.1366751],[126.9337855,35.1367047],[126.9336958,35.1367826],[126.933688,35.1367891]]}},{"type":"Feature","properties":{"slot":"mudeungsan_hiking_trail","sourceCode":"291100401","sourceMountainName":"깃대봉","trailName":"지산동구간","trailLengthKm":"0.74","difficulty":"쉬움","sourceFeatureId":"13","pathIndex":"0"},"geometry":{"type":"LineString","coordinates":[[126.9440054,35.1417701],[126.9440948,35.1418118],[126.9442472,35.1418818],[126.9442747,35.1418953],[126.9442879,35.1419022],[126.9443004,35.1419093],[126.944312,35.1419167],[126.9443222,35.1419245],[126.9443306,35.1419329],[126.9443365,35.1419421],[126.9443394,35.1419524],[126.9443396,35.1419635],[126.9443381,35.1419752],[126.9443352,35.1419873],[126.9443314,35.1419997],[126.944327,35.1420123],[126.9443171,35.1420379],[126.9442586,35.1421796],[126.9441865,35.1423593],[126.9441757,35.1423848],[126.9441643,35.14241],[126.9441581,35.1424224],[126.9441515,35.1424347],[126.9441445,35.1424463],[126.9441371,35.1424579],[126.9441214,35.1424806],[126.9440893,35.1425257],[126.9440815,35.142537],[126.9440741,35.1425485],[126.9440671,35.1425601],[126.9440608,35.142572],[126.9440551,35.1425843],[126.9440501,35.1425969],[126.9440455,35.1426097],[126.9440413,35.1426226],[126.9440335,35.1426485],[126.9440262,35.1426747],[126.9439875,35.1428188],[126.9439199,35.1430676],[126.9438883,35.1431856],[126.9438775,35.1432248],[126.9438698,35.1432508],[126.9438656,35.1432637],[126.9438611,35.1432765],[126.943856,35.1432891],[126.9438503,35.1433014],[126.9438439,35.1433134],[126.9438368,35.1433252],[126.9438292,35.1433368],[126.943813,35.1433596],[126.9437962,35.1433823],[126.943779,35.1434048],[126.9436066,35.1436299],[126.9435812,35.1436638],[126.9435651,35.1436867],[126.9435574,35.1436983],[126.9435502,35.1437101],[126.9435435,35.143722],[126.9435376,35.1437339],[126.9435323,35.143746],[126.9435227,35.1437706],[126.9435046,35.1438201],[126.9434998,35.1438323],[126.9434945,35.1438443],[126.9434887,35.1438562],[126.9434822,35.1438677],[126.9434746,35.1438791],[126.9434662,35.1438901],[126.9434572,35.1439009],[126.9434478,35.1439115],[126.9434281,35.1439322],[126.9434076,35.1439526],[126.9433864,35.1439724],[126.9433755,35.143982],[126.9433642,35.1439913],[126.9433525,35.1440002],[126.94334,35.1440087],[126.943327,35.1440168],[126.9433137,35.1440246],[126.9433001,35.1440322],[126.9432726,35.144047],[126.9432309,35.1440687],[126.9430632,35.1441547],[126.9430077,35.1441838],[126.9429806,35.1441989],[126.9429673,35.1442067],[126.9429544,35.1442148],[126.9429419,35.1442234],[126.9429304,35.1442322],[126.9429194,35.1442414],[126.9429086,35.144251],[126.9428877,35.1442706],[126.9428673,35.1442906],[126.9428472,35.1443109],[126.9427369,35.1444231],[126.9427166,35.1444432],[126.9427063,35.144453],[126.9426958,35.1444626],[126.942685,35.144472],[126.9426739,35.1444809],[126.9426623,35.1444892],[126.94265,35.1444967],[126.942637,35.1445031],[126.9426234,35.1445088],[126.9426092,35.1445139],[126.9425947,35.1445186],[126.9425799,35.144523],[126.9425499,35.1445311],[126.9424585,35.144554],[126.9424284,35.144562],[126.9424136,35.1445662],[126.9423991,35.1445707],[126.9423849,35.1445755],[126.9423713,35.1445809],[126.9423584,35.144587],[126.9423465,35.1445941],[126.9423357,35.1446026],[126.9423259,35.144612],[126.9423168,35.1446222],[126.9423083,35.144633],[126.9423001,35.144644],[126.9422846,35.1446669],[126.9422694,35.1446903],[126.9422397,35.1447374],[126.942218,35.144773],[126.9422043,35.1447969],[126.942198,35.1448089],[126.9421921,35.1448212],[126.9421867,35.1448336],[126.9421819,35.1448461],[126.9421774,35.1448588],[126.9421732,35.1448715],[126.9421652,35.1448971],[126.9421463,35.1449615],[126.9420868,35.1451677],[126.942079,35.1451934],[126.9420707,35.1452188],[126.9420661,35.1452313],[126.9420611,35.1452437],[126.9420554,35.1452557],[126.9420489,35.1452675],[126.9420412,35.145279],[126.9420326,35.1452902],[126.9420235,35.1453011],[126.9420138,35.1453119],[126.9419937,35.145333],[126.9419729,35.1453539],[126.941889,35.145437],[126.9418055,35.1455205],[126.9417846,35.1455412],[126.9417632,35.1455615],[126.9417523,35.1455715],[126.9417411,35.1455811],[126.9417295,35.1455904],[126.9417174,35.1455992],[126.9417054,35.1456069],[126.941693,35.1456142],[126.9416802,35.1456211],[126.9416539,35.1456343],[126.9415732,35.1456722],[126.9415468,35.1456853],[126.9415338,35.1456921],[126.9415212,35.1456992],[126.9415089,35.1457067],[126.9414964,35.1457152],[126.9414843,35.1457242],[126.9414726,35.1457335],[126.9414611,35.145743],[126.9414272,35.1457723],[126.9412606,35.1459215],[126.9411259,35.1460403],[126.9411039,35.1460602],[126.9410932,35.1460703],[126.9410829,35.1460805],[126.941073,35.1460908],[126.9410639,35.1461014],[126.9410558,35.1461124],[126.941049,35.1461238],[126.9410442,35.1461354],[126.9410406,35.1461475],[126.941038,35.1461599],[126.9410362,35.1461725],[126.9410348,35.1461853],[126.941033,35.1462113],[126.9410314,35.1462506],[126.9410288,35.1463426],[126.9410274,35.146382],[126.9410261,35.1464081],[126.9410251,35.146421],[126.9410238,35.1464339],[126.941022,35.1464466],[126.9410195,35.1464591],[126.9410162,35.1464713],[126.9410116,35.1464831],[126.9410053,35.1464947],[126.9409978,35.1465059],[126.9409894,35.1465168],[126.9409802,35.1465275],[126.9409706,35.146538],[126.9409607,35.1465485],[126.9409403,35.1465692],[126.9408881,35.1466206],[126.9408573,35.1466517],[126.9408374,35.1466727],[126.9408279,35.1466835],[126.9408188,35.1466944],[126.9408103,35.1467056],[126.9408027,35.1467167],[126.9407956,35.1467281],[126.9407888,35.1467397],[126.9407761,35.1467632],[126.9407514,35.1468106],[126.9407449,35.1468222],[126.9407382,35.1468337],[126.9407311,35.146845],[126.9407235,35.1468559],[126.940715,35.1468664],[126.9407053,35.1468766],[126.9406949,35.1468863],[126.9406838,35.1468957],[126.9406722,35.1469048],[126.9406484,35.1469225],[126.9406115,35.1469485],[126.9404984,35.1470268],[126.9403885,35.1471032]]}},{"type":"Feature","properties":{"slot":"mudeungsan_hiking_trail","sourceCode":"291100401","sourceMountainName":"깃대봉","trailName":"","trailLengthKm":"0.27","difficulty":"쉬움","sourceFeatureId":"14","pathIndex":"0"},"geometry":{"type":"LineString","coordinates":[[126.9376606,35.1349512],[126.9376909,35.1349955],[126.9376608,35.1350391],[126.9376418,35.1350469],[126.9376246,35.1350545],[126.93761,35.1350616],[126.9375986,35.1350683],[126.9375889,35.1350754],[126.9375814,35.1350831],[126.9375769,35.1350916],[126.9375758,35.1351008],[126.9375775,35.1351108],[126.9375811,35.1351213],[126.9375861,35.1351321],[126.9375921,35.1351432],[126.9375986,35.1351545],[126.9376271,35.1352004],[126.9376341,35.135212],[126.9376406,35.1352237],[126.9376466,35.1352353],[126.9376517,35.1352471],[126.9376557,35.1352589],[126.9376582,35.1352709],[126.9376588,35.1352835],[126.9376578,35.1352962],[126.9376556,35.135309],[126.9376525,35.1353218],[126.9376489,35.1353347],[126.9376448,35.1353477],[126.9376313,35.1353865],[126.9376029,35.1354644],[126.9375843,35.1355163],[126.9375479,35.1356204],[126.9375336,35.135659],[126.9375285,35.1356716],[126.9375231,35.135684],[126.9375171,35.1356961],[126.9375105,35.1357077],[126.937503,35.1357187],[126.9374941,35.1357289],[126.9374843,35.1357375],[126.9374733,35.1357454],[126.9374615,35.1357527],[126.9374492,35.1357597],[126.9374116,35.13578],[126.9373996,35.135787],[126.9373883,35.1357944],[126.937378,35.1358024],[126.9373691,35.1358113],[126.9373617,35.1358215],[126.9373559,35.1358326],[126.9373512,35.1358443],[126.9373472,35.1358565],[126.9373438,35.1358691],[126.9373319,35.1359202],[126.9373286,35.1359329],[126.9373247,35.1359453],[126.93732,35.1359573],[126.9373144,35.1359687],[126.9373072,35.1359794],[126.937299,35.1359887],[126.9372894,35.1359973],[126.937279,35.1360054],[126.937268,35.1360131],[126.937234,35.1360355],[126.9372232,35.136043],[126.9372133,35.1360506],[126.9372044,35.1360586],[126.9371972,35.1360669],[126.9371923,35.1360758],[126.93719,35.1360857],[126.9371901,35.1360962],[126.937192,35.1361072],[126.9371951,35.1361185],[126.9371992,35.1361301],[126.9372039,35.1361418],[126.9372146,35.1361656],[126.9372372,35.1362137],[126.9372475,35.1362378],[126.937252,35.1362499],[126.9372558,35.1362621],[126.9372587,35.1362742],[126.9372603,35.1362864],[126.9372604,35.1362992],[126.9372591,35.136312],[126.9372568,35.1363248],[126.9372538,35.1363377],[126.9372503,35.1363506],[126.9372465,35.1363635],[126.9372338,35.1364022],[126.937185,35.1365442],[126.9371678,35.1365959],[126.9371597,35.1366217],[126.9371561,35.1366347],[126.9371528,35.1366476],[126.93715,35.1366606],[126.9371479,35.1366736],[126.9371467,35.1366866],[126.9371467,35.136699],[126.9371476,35.1367115],[126.9371491,35.1367239],[126.9371509,35.1367364],[126.9371573,35.1367738],[126.9371591,35.1367861],[126.9371605,35.1367985],[126.9371613,35.1368107],[126.9371611,35.1368227],[126.9371595,35.1368346],[126.9371562,35.1368468],[126.9371514,35.1368588],[126.9371456,35.1368706],[126.9371391,35.1368823],[126.9371319,35.1368939],[126.9371244,35.1369055],[126.9371007,35.1369401],[126.9370191,35.1370551],[126.9369383,35.1371702]]}},{"type":"Feature","properties":{"slot":"mudeungsan_hiking_trail","sourceCode":"291100401","sourceMountainName":"깃대봉","trailName":"","trailLengthKm":"0.26","difficulty":"쉬움","sourceFeatureId":"15","pathIndex":"0"},"geometry":{"type":"LineString","coordinates":[[126.933688,35.1367891],[126.9338786,35.1367772],[126.9339104,35.1367753],[126.9339421,35.1367739],[126.9339736,35.1367732],[126.9339893,35.1367734],[126.9340049,35.136774],[126.9340204,35.1367754],[126.9340359,35.1367775],[126.9340512,35.1367804],[126.9340664,35.1367837],[126.9340815,35.1367873],[126.9341118,35.1367953],[126.9343682,35.1368682],[126.9344132,35.1368814],[126.9344427,35.1368908],[126.9344573,35.1368959],[126.9344715,35.1369014],[126.9344854,35.1369074],[126.9344992,35.1369142],[126.9345126,35.1369215],[126.9345258,35.1369292],[126.9345387,35.1369372],[126.9345515,35.1369454],[126.9345769,35.1369622],[126.9347655,35.1370904],[126.9349674,35.1372264],[126.9349925,35.1372435],[126.9350172,35.1372609],[126.9350413,35.1372789],[126.9350528,35.1372882],[126.935064,35.1372978],[126.9350855,35.1373178],[126.9351166,35.1373487],[126.9355838,35.1378303],[126.9356043,35.1378511],[126.935625,35.1378717],[126.9356464,35.1378918],[126.9356575,35.1379015],[126.935669,35.137911],[126.9356807,35.1379202],[126.9356928,35.1379293],[126.9357172,35.1379471],[126.9357669,35.137982],[126.9359168,35.1380862]]}},{"type":"Feature","properties":{"slot":"mudeungsan_hiking_trail","sourceCode":"291100401","sourceMountainName":"깃대봉","trailName":"","trailLengthKm":"0.24","difficulty":"쉬움","sourceFeatureId":"16","pathIndex":"0"},"geometry":{"type":"LineString","coordinates":[[126.9363383,35.1377702],[126.9363743,35.1376392],[126.9364106,35.1375081],[126.936421,35.1374688],[126.9364272,35.1374425],[126.9364298,35.1374293],[126.936432,35.1374162],[126.9364335,35.1374029],[126.9364342,35.1373898],[126.9364343,35.1373766],[126.9364339,35.1373634],[126.9364332,35.1373502],[126.9364312,35.1373237],[126.9364129,35.1371381],[126.936398,35.1369788],[126.9363951,35.1369524],[126.9363915,35.1369261],[126.9363892,35.1369131],[126.9363864,35.1369001],[126.9363829,35.1368873],[126.9363785,35.1368745],[126.9363734,35.1368619],[126.9363677,35.1368494],[126.9363554,35.1368245],[126.9363424,35.1367998],[126.9362352,35.1366028],[126.9360955,35.136344],[126.936075,35.1363073],[126.9360608,35.136283],[126.9360533,35.136271],[126.9360374,35.1362474],[126.9360123,35.1362126],[126.9359779,35.1361665],[126.9358737,35.1360285],[126.935848,35.1359939],[126.9358317,35.1359706],[126.935824,35.1359588],[126.9358167,35.1359468],[126.9358102,35.1359346],[126.9358047,35.1359224],[126.9357998,35.13591],[126.9357955,35.1358975],[126.9357916,35.1358847],[126.9357876,35.1358702],[126.9357792,35.1358371],[126.93576,35.1357553]]}},{"type":"Feature","properties":{"slot":"mudeungsan_hiking_trail","sourceCode":"291100401","sourceMountainName":"깃대봉","trailName":"","trailLengthKm":"0.11","difficulty":"쉬움","sourceFeatureId":"17","pathIndex":"0"},"geometry":{"type":"LineString","coordinates":[[126.9355213,35.1406702],[126.9355238,35.1406714],[126.9355409,35.1406807],[126.9355542,35.1406877],[126.9355697,35.1406954],[126.9355867,35.1407033],[126.9356044,35.1407106],[126.9356223,35.1407168],[126.9356395,35.1407212],[126.9356554,35.1407231],[126.9356693,35.1407223],[126.9356829,35.1407198],[126.9356966,35.1407163],[126.9357104,35.1407122],[126.9357242,35.1407076],[126.9357659,35.1406929],[126.9357799,35.1406883],[126.9357941,35.140684],[126.9358084,35.1406803],[126.9358229,35.1406774],[126.9358385,35.1406753],[126.9358544,35.1406741],[126.9358704,35.1406735],[126.9358865,35.1406733],[126.9359027,35.1406734],[126.9359515,35.1406749],[126.9364085,35.1406949],[126.9364409,35.1406958],[126.936457,35.140696],[126.936473,35.1406957],[126.9364888,35.140695],[126.9365043,35.1406934],[126.9365193,35.1406908],[126.9365331,35.1406869],[126.936547,35.1406817],[126.9365623,35.1406746],[126.9365786,35.1406661],[126.9365953,35.1406566],[126.9366117,35.1406469],[126.9366415,35.1406282],[126.9366691,35.1406103],[126.9366714,35.1406092]]}},{"type":"Feature","properties":{"slot":"mudeungsan_hiking_trail","sourceCode":"291100401","sourceMountainName":"깃대봉","trailName":"","trailLengthKm":"0.2","difficulty":"쉬움","sourceFeatureId":"18","pathIndex":"0"},"geometry":{"type":"LineString","coordinates":[[126.9370383,35.1394362],[126.936851,35.1395875],[126.9366751,35.1397292],[126.9366521,35.1397483],[126.9366408,35.1397581],[126.9366297,35.1397679],[126.9366189,35.139778],[126.9366085,35.1397883],[126.9365987,35.139799],[126.9365893,35.13981],[126.9365802,35.1398212],[126.9365625,35.1398439],[126.9365453,35.1398669],[126.9363587,35.140122],[126.9362659,35.1402501],[126.9362403,35.1402847],[126.9362315,35.1402959],[126.9362224,35.140307],[126.936213,35.1403176],[126.9362032,35.1403277],[126.9361926,35.1403371],[126.936181,35.1403454],[126.9361683,35.1403525],[126.9361546,35.1403586],[126.9361403,35.1403639],[126.9361254,35.1403687],[126.9361102,35.1403732],[126.9360947,35.1403773],[126.9360004,35.1404009],[126.9359693,35.1404094],[126.935954,35.1404141],[126.9359389,35.1404191],[126.9359243,35.1404248],[126.9359102,35.140431],[126.9358965,35.1404378],[126.9358831,35.140445],[126.9358698,35.1404525],[126.9358567,35.1404603],[126.9358307,35.1404761],[126.9356632,35.1405814],[126.9355213,35.1406702]]}},{"type":"Feature","properties":{"slot":"mudeungsan_hiking_trail","sourceCode":"291100401","sourceMountainName":"깃대봉","trailName":"학동구간","trailLengthKm":"0.24","difficulty":"쉬움","sourceFeatureId":"19","pathIndex":"0"},"geometry":{"type":"LineString","coordinates":[[126.9319712,35.1363203],[126.9319848,35.1365949],[126.9319856,35.136621],[126.9319858,35.136634],[126.9319856,35.136647],[126.9319851,35.13666],[126.9319841,35.1366729],[126.9319823,35.1366857],[126.9319796,35.1366987],[126.9319761,35.1367117],[126.9319722,35.1367246],[126.9319632,35.1367502],[126.9319336,35.1368271],[126.9319291,35.1368399],[126.9319248,35.1368527],[126.9319211,35.1368655],[126.9319181,35.1368784],[126.9319161,35.1368912],[126.9319155,35.136904],[126.9319165,35.1369165],[126.9319189,35.1369289],[126.9319222,35.1369414],[126.9319263,35.1369538],[126.9319309,35.1369662],[126.9319411,35.1369908],[126.9319466,35.1370029],[126.9319524,35.1370148],[126.9319585,35.1370264],[126.9319649,35.1370375],[126.9319719,35.1370478],[126.9319795,35.1370572],[126.9319881,35.1370652],[126.9319981,35.1370714],[126.9320099,35.1370753],[126.9320231,35.1370774],[126.9320372,35.137078],[126.9320521,35.1370776],[126.9320674,35.1370764],[126.9320831,35.1370748],[126.9320991,35.1370729],[126.9321313,35.1370684],[126.9322608,35.1370494],[126.9323575,35.1370357],[126.9329037,35.1369606],[126.933209,35.136919],[126.933257,35.1369121],[126.9332889,35.1369069],[126.9333047,35.136904],[126.9333204,35.1369008],[126.9333361,35.1368971],[126.9333516,35.1368931],[126.9333824,35.1368844],[126.9334437,35.1368657],[126.933688,35.1367891]]}},{"type":"Feature","properties":{"slot":"mudeungsan_hiking_trail","sourceCode":"291100401","sourceMountainName":"깃대봉","trailName":"서석동구간","trailLengthKm":"0.05","difficulty":"쉬움","sourceFeatureId":"20","pathIndex":"0"},"geometry":{"type":"LineString","coordinates":[[126.9355213,35.1406702],[126.9349383,35.1407362]]}},{"type":"Feature","properties":{"slot":"mudeungsan_hiking_trail","sourceCode":"291100401","sourceMountainName":"깃대봉","trailName":"학동구간","trailLengthKm":"0.09","difficulty":"쉬움","sourceFeatureId":"21","pathIndex":"0"},"geometry":{"type":"LineString","coordinates":[[126.93576,35.1357553],[126.9357785,35.1356904],[126.9357877,35.135656],[126.9357917,35.1356398],[126.9357949,35.1356253],[126.9357973,35.1356122],[126.9357992,35.1355991],[126.9358004,35.135586],[126.9358007,35.1355729],[126.9358003,35.1355597],[126.9357995,35.1355466],[126.9357983,35.1355334],[126.9357953,35.135507],[126.9357902,35.1354674],[126.9357452,35.1353374],[126.9357403,35.1352978],[126.9357378,35.1352715],[126.935737,35.1352583],[126.9357366,35.1352452],[126.935737,35.135232],[126.9356904,35.1351842],[126.9357059,35.1351459],[126.935814,35.1349701]]}},{"type":"Feature","properties":{"slot":"mudeungsan_hiking_trail","sourceCode":"291100401","sourceMountainName":"깃대봉","trailName":"","trailLengthKm":"0.37","difficulty":"쉬움","sourceFeatureId":"22","pathIndex":"0"},"geometry":{"type":"LineString","coordinates":[[126.9366714,35.1406092],[126.9370374,35.141203],[126.9370591,35.1412387],[126.93708,35.1412747],[126.9370866,35.1412868],[126.9370992,35.1413116],[126.9371111,35.1413367],[126.9371227,35.1413618],[126.9372019,35.1415386],[126.9372299,35.1416021],[126.9373006,35.1418702],[126.9373119,35.1418955],[126.9373178,35.1419079],[126.9373239,35.14192],[126.9373303,35.1419318],[126.9373373,35.141943],[126.937345,35.1419533],[126.9373538,35.1419625],[126.9373639,35.1419701],[126.9373758,35.1419758],[126.9373891,35.1419799],[126.9374034,35.1419828],[126.9374184,35.141985],[126.937434,35.1419865],[126.9374499,35.1419877],[126.937466,35.1419886],[126.9374987,35.1419899],[126.9379963,35.1418553],[126.9381275,35.1418599],[126.9381764,35.1418621],[126.9381925,35.1418631],[126.9382085,35.1418645],[126.9382242,35.1418663],[126.9382395,35.1418687],[126.9382543,35.1418721],[126.9382684,35.1418766],[126.9382815,35.1418826],[126.9382939,35.1418898],[126.9383058,35.1418978],[126.9383173,35.1419065],[126.9383286,35.1419157],[126.9383507,35.1419347],[126.9383724,35.1419544],[126.938523,35.1420787],[126.9385448,35.1420984],[126.9385558,35.142108],[126.9385669,35.1421173],[126.9385781,35.1421263],[126.9385897,35.1421348],[126.9386016,35.1421425],[126.938614,35.1421492],[126.9386271,35.1421545],[126.9386407,35.1421579],[126.938655,35.14216],[126.9386698,35.1421611],[126.938685,35.1421615],[126.9387004,35.1421614],[126.938716,35.1421608],[126.9387475,35.1421591],[126.9388267,35.1421541],[126.9388582,35.1421529],[126.9388738,35.1421528],[126.9388893,35.1421532],[126.9389046,35.1421543],[126.9389196,35.1421563],[126.9389344,35.1421595],[126.9389489,35.1421636],[126.9389632,35.1421684],[126.9389774,35.1421737],[126.9389915,35.1421793],[126.9390196,35.1421912],[126.9390697,35.1422143],[126.9390814,35.1422867],[126.9390908,35.1422972],[126.9391089,35.1423188],[126.9391264,35.1423409],[126.9392298,35.1424753]]}},{"type":"Feature","properties":{"slot":"mudeungsan_hiking_trail","sourceCode":"291100401","sourceMountainName":"깃대봉","trailName":"","trailLengthKm":"0.17","difficulty":"쉬움","sourceFeatureId":"23","pathIndex":"0"},"geometry":{"type":"LineString","coordinates":[[126.9369383,35.1371702],[126.9369991,35.1373374],[126.9370126,35.137376],[126.9370206,35.1374017],[126.937024,35.1374146],[126.9370267,35.1374275],[126.9370286,35.1374403],[126.9370293,35.1374532],[126.9370286,35.1374657],[126.9370268,35.1374782],[126.9370241,35.1374907],[126.9370209,35.1375032],[126.9370134,35.1375281],[126.9369969,35.1375781],[126.9369889,35.1376032],[126.9369853,35.1376158],[126.9369821,35.1376283],[126.9369794,35.137641],[126.9369774,35.1376536],[126.9369762,35.1376669],[126.9369757,35.1376802],[126.9369758,35.1376935],[126.9369763,35.1377069],[126.9369771,35.1377202],[126.9369792,35.137747],[126.9370109,35.1380825],[126.9370145,35.1381227],[126.9370165,35.1381495],[126.9370172,35.1381629],[126.9370176,35.1381763],[126.9370175,35.1381897],[126.9370169,35.138203],[126.9370156,35.1382161],[126.9370137,35.1382291],[126.9370113,35.1382422],[126.9370059,35.1382682],[126.9369967,35.1383072],[126.9369582,35.138463],[126.9369074,35.1386709]]}},{"type":"Feature","properties":{"slot":"mudeungsan_hiking_trail","sourceCode":"291100401","sourceMountainName":"깃대봉","trailName":"","trailLengthKm":"0.26","difficulty":"쉬움","sourceFeatureId":"24","pathIndex":"0"},"geometry":{"type":"LineString","coordinates":[[126.9366714,35.1406092],[126.9366379,35.1406682],[126.9366074,35.1411086],[126.9366041,35.1411351],[126.9366021,35.1411482],[126.9365998,35.1411615],[126.9365945,35.141188],[126.9365856,35.1412276],[126.9365065,35.1416411],[126.936498,35.1416807],[126.9364956,35.1416939],[126.9364935,35.1417072],[126.9364918,35.1417205],[126.9364907,35.1417338],[126.9364901,35.1417472],[126.9364897,35.1417606],[126.9364899,35.141801],[126.9364978,35.1421106],[126.9365019,35.1423127],[126.9365026,35.1423396],[126.9365039,35.1423664],[126.9365049,35.1423798],[126.9365064,35.1423931],[126.9365083,35.1424063],[126.9365111,35.1424193],[126.9365148,35.1424323],[126.9365194,35.1424451],[126.9365244,35.1424578],[126.9365299,35.1424704],[126.9365417,35.1424956],[126.936554,35.1425206],[126.9365667,35.1425456],[126.9365797,35.1425704],[126.9365864,35.1425827],[126.9365934,35.1425948],[126.9366008,35.1426068],[126.9366086,35.1426186],[126.9366166,35.1426296],[126.9366251,35.1426404],[126.936634,35.142651],[126.9366523,35.142672],[126.9366902,35.1427132],[126.9368054,35.1428362]]}},{"type":"Feature","properties":{"slot":"mudeungsan_hiking_trail","sourceCode":"291100401","sourceMountainName":"깃대봉","trailName":"","trailLengthKm":"0.11","difficulty":"쉬움","sourceFeatureId":"25","pathIndex":"0"},"geometry":{"type":"LineString","coordinates":[[126.9359168,35.1380862],[126.9363132,35.1383162],[126.9363525,35.1383395],[126.9363784,35.1383554],[126.936391,35.1383636],[126.9364035,35.138372],[126.9364155,35.1383806],[126.9364274,35.1383894],[126.9364505,35.1384076],[126.936496,35.1384447],[126.9365974,35.1385291],[126.9366315,35.1385569],[126.9366548,35.1385747],[126.9366668,35.1385832],[126.9366791,35.1385912],[126.9366919,35.1385987],[126.9367049,35.1386053],[126.9367184,35.1386112],[126.9367322,35.1386167],[126.9367463,35.1386218],[126.936761,35.1386268],[126.9367965,35.138638],[126.9369074,35.1386709]]}},{"type":"Feature","properties":{"slot":"mudeungsan_hiking_trail","sourceCode":"291100401","sourceMountainName":"깃대봉","trailName":"","trailLengthKm":"0.09","difficulty":"쉬움","sourceFeatureId":"26","pathIndex":"0"},"geometry":{"type":"LineString","coordinates":[[126.9369383,35.1371702],[126.9363383,35.1377702]]}},{"type":"Feature","properties":{"slot":"mudeungsan_hiking_trail","sourceCode":"291100401","sourceMountainName":"깃대봉","trailName":"","trailLengthKm":"0.06","difficulty":"쉬움","sourceFeatureId":"27","pathIndex":"0"},"geometry":{"type":"LineString","coordinates":[[126.9359168,35.1380862],[126.9359867,35.1380868],[126.9361147,35.1380885],[126.9361427,35.1380886],[126.9361564,35.1380883],[126.93617,35.1380879],[126.9361831,35.138087],[126.9361958,35.1380856],[126.9362077,35.1380834],[126.9362186,35.1380801],[126.9362281,35.1380754],[126.9362361,35.1380688],[126.9362427,35.1380607],[126.9362482,35.1380515],[126.9362531,35.1380416],[126.9362574,35.1380311],[126.9362614,35.1380203],[126.9362651,35.1380092],[126.9362722,35.1379866],[126.9363032,35.1378836],[126.9363383,35.1377702]]}},{"type":"Feature","properties":{"slot":"mudeungsan_hiking_trail","sourceCode":"291100401","sourceMountainName":"깃대봉","trailName":"","trailLengthKm":"0.09","difficulty":"쉬움","sourceFeatureId":"28","pathIndex":"0"},"geometry":{"type":"LineString","coordinates":[[126.9369074,35.1386709],[126.9369415,35.1388251],[126.9369503,35.1388636],[126.9369565,35.1388892],[126.9369599,35.1389019],[126.9369635,35.1389145],[126.9369675,35.1389271],[126.9369719,35.1389395],[126.9369769,35.1389517],[126.9369828,35.1389638],[126.9369893,35.1389757],[126.9370034,35.1389991],[126.9370257,35.139034],[126.93704,35.1390572],[126.9370467,35.1390689],[126.9370527,35.1390808],[126.9370579,35.1390927],[126.9370619,35.1391049],[126.9370645,35.1391175],[126.9370659,35.1391304],[126.9370664,35.1391434],[126.9370663,35.1391565],[126.9370648,35.1391829],[126.9370611,35.1392228],[126.937049,35.1393342],[126.9370383,35.1394362]]}},{"type":"Feature","properties":{"slot":"mudeungsan_hiking_trail","sourceCode":"291100401","sourceMountainName":"깃대봉","trailName":"","trailLengthKm":"0.14","difficulty":"쉬움","sourceFeatureId":"29","pathIndex":"0"},"geometry":{"type":"LineString","coordinates":[[126.9370383,35.1394362],[126.9369083,35.1396239],[126.9368097,35.1397645],[126.9367935,35.1397879],[126.9367781,35.1398114],[126.9367709,35.1398233],[126.9367644,35.1398351],[126.9367588,35.1398471],[126.9367543,35.1398592],[126.9367515,35.1398715],[126.9367507,35.1398834],[126.9367515,35.1398956],[126.9367534,35.1399078],[126.936756,35.1399202],[126.9367592,35.1399326],[126.9367732,35.1399826],[126.9367762,35.1399952],[126.9367785,35.1400078],[126.9367801,35.1400204],[126.9367805,35.1400334],[126.93678,35.1400464],[126.9367789,35.1400594],[126.9367773,35.1400725],[126.9367753,35.1400856],[126.9367682,35.1401248],[126.9367286,35.1403212],[126.9366714,35.1406092]]}},{"type":"Feature","properties":{"slot":"mudeungsan_hiking_trail","sourceCode":"291100401","sourceMountainName":"깃대봉","trailName":"","trailLengthKm":"0.21","difficulty":"쉬움","sourceFeatureId":"30","pathIndex":"0"},"geometry":{"type":"LineString","coordinates":[[126.9389368,35.1426362],[126.9386171,35.1426368],[126.9385693,35.1426362],[126.9385375,35.1426351],[126.9385217,35.142634],[126.9385059,35.1426326],[126.9384899,35.1426305],[126.938474,35.1426279],[126.9384581,35.142625],[126.9384422,35.1426219],[126.9384106,35.1426151],[126.9382346,35.1425556],[126.938203,35.142549],[126.9381873,35.142546],[126.9381715,35.1425435],[126.9381558,35.1425414],[126.93814,35.1425401],[126.9381243,35.1425397],[126.9381087,35.1425406],[126.9380932,35.1425426],[126.9380776,35.1425452],[126.9380621,35.1425484],[126.9380466,35.1425519],[126.9380155,35.1425596],[126.9378082,35.1425945],[126.9373604,35.1427774],[126.9373061,35.1427687],[126.9372663,35.1427381],[126.9372506,35.1427416],[126.9372349,35.1427448],[126.9372191,35.1427477],[126.9372033,35.14275],[126.9371699,35.1427733],[126.936957,35.1428444],[126.9368054,35.1428362]]}},{"type":"Feature","properties":{"slot":"mudeungsan_hiking_trail","sourceCode":"291100401","sourceMountainName":"깃대봉","trailName":"","trailLengthKm":"0.11","difficulty":"쉬움","sourceFeatureId":"31","pathIndex":"0"},"geometry":{"type":"LineString","coordinates":[[126.9379554,35.1432202],[126.9381144,35.1431244],[126.9381543,35.1431006],[126.938181,35.143085],[126.9381945,35.1430774],[126.9382081,35.14307],[126.9382219,35.1430628],[126.9382359,35.1430561],[126.9382503,35.1430498],[126.9382637,35.1430446],[126.9382775,35.1430397],[126.9382914,35.1430352],[126.9383477,35.1430181],[126.9383616,35.1430136],[126.9383754,35.1430089],[126.9383889,35.1430039],[126.9384021,35.1429983],[126.9384157,35.1429917],[126.938429,35.1429844],[126.9384419,35.1429768],[126.9384673,35.1429607],[126.9385046,35.1429355],[126.9386773,35.1428155],[126.9389368,35.1426362]]}},{"type":"Feature","properties":{"slot":"mudeungsan_hiking_trail","sourceCode":"291100401","sourceMountainName":"깃대봉","trailName":"","trailLengthKm":"0.03","difficulty":"쉬움","sourceFeatureId":"32","pathIndex":"0"},"geometry":{"type":"LineString","coordinates":[[126.9389368,35.1426362],[126.9392298,35.1424753]]}},{"type":"Feature","properties":{"slot":"mudeungsan_hiking_trail","sourceCode":"291100401","sourceMountainName":"깃대봉","trailName":"","trailLengthKm":"0.13","difficulty":"쉬움","sourceFeatureId":"33","pathIndex":"0"},"geometry":{"type":"LineString","coordinates":[[126.9368054,35.1428362],[126.9368064,35.1428383],[126.9368152,35.1428673],[126.9368201,35.1428818],[126.9368258,35.1428973],[126.9368323,35.1429129],[126.9368396,35.1429278],[126.9368476,35.1429411],[126.9368883,35.1430211],[126.936898,35.1430287],[126.9369096,35.1430345],[126.9369228,35.1430387],[126.9369369,35.143042],[126.9369518,35.1430445],[126.9369671,35.1430466],[126.9369827,35.1430483],[126.937041,35.1430472],[126.9371987,35.1429991],[126.9374977,35.1430231],[126.9375297,35.1430261],[126.9375455,35.1430279],[126.9375613,35.1430299],[126.9375768,35.1430324],[126.9375921,35.1430354],[126.9376071,35.1430392],[126.9376215,35.1430439],[126.9376356,35.1430494],[126.9376494,35.1430554],[126.937663,35.1430618],[126.9376765,35.1430685],[126.9377033,35.1430825],[126.9377298,35.1430969],[126.9378546,35.1431653],[126.9379554,35.1432202]]}},{"type":"Feature","properties":{"slot":"mudeungsan_hiking_trail","sourceCode":"291100401","sourceMountainName":"깃대봉","trailName":"","trailLengthKm":"0.24","difficulty":"쉬움","sourceFeatureId":"34","pathIndex":"0"},"geometry":{"type":"LineString","coordinates":[[126.9472384,35.1412531],[126.9472378,35.1412618],[126.9472292,35.1413494],[126.9472266,35.1413807],[126.947225,35.1414065],[126.9472246,35.1414192],[126.9472246,35.1414318],[126.9472251,35.1414443],[126.9472264,35.1414568],[126.9472285,35.1414691],[126.947232,35.1414817],[126.9472364,35.1414941],[126.9472415,35.1415065],[126.947247,35.1415188],[126.9472529,35.141531],[126.9472654,35.1415554],[126.9473428,35.1417013],[126.947356,35.1417255],[126.9473696,35.1417494],[126.9473767,35.1417613],[126.9473841,35.141773],[126.9473919,35.1417845],[126.9474002,35.1417956],[126.947409,35.1418066],[126.9474273,35.1418281],[126.9474464,35.1418493],[126.9475045,35.1419123],[126.9475235,35.1419334],[126.9475328,35.1419441],[126.9475417,35.1419549],[126.9475503,35.1419658],[126.9475583,35.141977],[126.9475656,35.1419884],[126.947572,35.1420003],[126.9475776,35.1420124],[126.9475827,35.1420247],[126.9475918,35.1420497],[126.9476001,35.1420751],[126.947608,35.1421006],[126.9476195,35.142139],[126.9476268,35.1421647],[126.9476337,35.1421904],[126.9476397,35.1422165],[126.9476448,35.1422431],[126.9476495,35.1422697],[126.9476923,35.1425363],[126.9478215,35.1433361]]}},{"type":"Feature","properties":{"slot":"mudeungsan_hiking_trail","sourceCode":"291100401","sourceMountainName":"깃대봉","trailName":"","trailLengthKm":"0.3","difficulty":"쉬움","sourceFeatureId":"35","pathIndex":"0"},"geometry":{"type":"LineString","coordinates":[[126.9488385,35.1427531],[126.9489618,35.1427724],[126.9491287,35.1427977],[126.9491606,35.1428031],[126.9491764,35.142806],[126.9491918,35.1428093],[126.9492068,35.142813],[126.9492213,35.1428174],[126.9492349,35.1428226],[126.9492475,35.1428291],[126.9492588,35.1428371],[126.9492689,35.1428462],[126.9492783,35.1428563],[126.9492871,35.1428669],[126.9492956,35.142878],[126.9493038,35.1428894],[126.9493274,35.1429246],[126.9493428,35.1429483],[126.9493579,35.1429722],[126.9493725,35.1429963],[126.9493794,35.1430085],[126.9493859,35.1430207],[126.949392,35.1430331],[126.9493976,35.1430456],[126.9494031,35.1430582],[126.9494134,35.1430836],[126.949438,35.1431473],[126.9495203,35.1433643],[126.9495304,35.1433897],[126.9495412,35.1434147],[126.9495471,35.143427],[126.9495536,35.1434391],[126.9495607,35.1434509],[126.9495685,35.1434619],[126.9495769,35.1434726],[126.9495858,35.1434832],[126.9496046,35.1435037],[126.9496242,35.1435239],[126.9496443,35.1435438],[126.9496649,35.1435634],[126.9496754,35.1435729],[126.9496862,35.1435822],[126.9496973,35.1435912],[126.9497088,35.1435997],[126.9497215,35.143608],[126.9497346,35.1436158],[126.949748,35.1436233],[126.9497617,35.1436306],[126.9497895,35.1436447],[126.9499874,35.1437404],[126.9501424,35.1438169],[126.9501707,35.1438303],[126.9501849,35.1438368],[126.9501991,35.1438428],[126.9502134,35.1438484],[126.9502278,35.1438532],[126.9502423,35.1438569],[126.9502571,35.1438592],[126.9502721,35.1438598],[126.9502873,35.143859],[126.9503027,35.1438571],[126.9503182,35.1438544],[126.9503338,35.1438513],[126.950365,35.143844],[126.9503964,35.1438361],[126.9505533,35.1437954],[126.9506787,35.1437635],[126.9507101,35.1437557],[126.9507415,35.1437481],[126.9507731,35.1437412],[126.950789,35.143738],[126.9508051,35.1437352],[126.9508374,35.1437302],[126.950886,35.1437237],[126.9514555,35.1436531]]}},{"type":"Feature","properties":{"slot":"mudeungsan_hiking_trail","sourceCode":"291100401","sourceMountainName":"깃대봉","trailName":"화암동구간","trailLengthKm":"0.67","difficulty":"쉬움","sourceFeatureId":"36","pathIndex":"0"},"geometry":{"type":"LineString","coordinates":[[126.9514555,35.1436531],[126.9515961,35.1436209],[126.9516448,35.1436093],[126.9516759,35.1436012],[126.9516912,35.1435968],[126.9517063,35.143592],[126.951721,35.1435867],[126.9517353,35.1435808],[126.9517486,35.1435743],[126.9517615,35.1435671],[126.9517741,35.1435595],[126.9517987,35.1435434],[126.951859,35.1435014],[126.9518831,35.143485],[126.9518952,35.1434771],[126.9519075,35.1434697],[126.9519199,35.1434629],[126.9519325,35.1434569],[126.9519455,35.1434521],[126.9519588,35.1434488],[126.951973,35.1434475],[126.9519877,35.1434478],[126.9520027,35.1434493],[126.9520179,35.1434516],[126.9520332,35.1434546],[126.9520487,35.143458],[126.9520798,35.1434655],[126.9522359,35.1435058],[126.9523763,35.1435412],[126.9527971,35.1436464],[126.9530313,35.1437042],[126.9530778,35.1437163],[126.9530931,35.1437206],[126.9531083,35.1437251],[126.9531231,35.1437301],[126.9531377,35.1437355],[126.9531517,35.1437416],[126.9531649,35.1437484],[126.9531777,35.1437558],[126.9531901,35.1437637],[126.9532022,35.143772],[126.9532142,35.1437806],[126.9532378,35.1437981],[126.9532731,35.1438247],[126.9532968,35.143842],[126.9533088,35.1438503],[126.953321,35.1438583],[126.9533335,35.1438657],[126.9533464,35.1438725],[126.9533599,35.1438783],[126.9533744,35.143883],[126.9533894,35.1438868],[126.9534049,35.1438898],[126.9534207,35.1438923],[126.9534366,35.1438944],[126.9534689,35.1438979],[126.9535015,35.1439011],[126.9536484,35.1439143],[126.9539255,35.14394],[126.953958,35.1439432],[126.9539904,35.1439468],[126.9540065,35.1439488],[126.9540225,35.1439512],[126.9540384,35.1439539],[126.9540541,35.1439572],[126.9540693,35.1439611],[126.9540842,35.1439654],[126.9540991,35.1439702],[126.9541285,35.1439805],[126.9541577,35.1439914],[126.9542858,35.1440634],[126.954315,35.1440745],[126.9543443,35.1440852],[126.9543739,35.1440953],[126.9543888,35.1440999],[126.9544039,35.1441041],[126.9544195,35.1441078],[126.9544353,35.1441111],[126.9544672,35.1441167],[126.9544994,35.1441217],[126.9545317,35.1441264],[126.9547402,35.1441657],[126.9551325,35.1441898],[126.9552905,35.1442454],[126.9553406,35.1442385],[126.9553792,35.1442304],[126.9554226,35.1442328],[126.9554381,35.1442365],[126.9554534,35.1442407],[126.9554682,35.1442457],[126.9554827,35.1442513],[126.955497,35.1442574],[126.9555111,35.1442638],[126.9555391,35.1442771],[126.9555809,35.1442979],[126.9557058,35.1443607],[126.9558311,35.144423],[126.9558727,35.1444439],[126.9559,35.1444582],[126.9559134,35.1444657],[126.9559264,35.1444733],[126.9559391,35.1444814],[126.9559513,35.1444899],[126.9559626,35.1444989],[126.9559734,35.1445084],[126.9559838,35.1445182],[126.9559939,35.1445283],[126.9560038,35.1445386],[126.9560232,35.1445595],[126.9561532,35.1446803],[126.9561727,35.1447012],[126.9561928,35.1447217],[126.9562033,35.1447316],[126.9562141,35.1447412],[126.956225,35.1447502],[126.9562363,35.1447588],[126.9562478,35.1447672],[126.9562715,35.1447835],[126.9562957,35.1447993],[126.9563079,35.1448071],[126.9563325,35.1448221],[126.956345,35.1448292],[126.9563577,35.1448359],[126.9563706,35.1448421],[126.9563838,35.1448475],[126.9563975,35.144852],[126.956412,35.1448553],[126.956427,35.1448575],[126.9564423,35.144859],[126.9564578,35.1448599],[126.9564735,35.1448605],[126.9564893,35.1448607],[126.9565212,35.1448607],[126.9566371,35.1448086],[126.9566514,35.1448122],[126.956665,35.1448172],[126.9566782,35.1448233],[126.956691,35.1448303],[126.9567035,35.1448379],[126.9567158,35.1448459],[126.9567279,35.1448542],[126.956752,35.1448714],[126.9568593,35.1449508],[126.9568954,35.1449768],[126.95692,35.1449935],[126.9569326,35.1450014],[126.9569454,35.145009],[126.9569586,35.1450161],[126.9570593,35.1450968],[126.9571846,35.1451449],[126.9571996,35.1451488],[126.9572146,35.1451521],[126.9572295,35.1451547],[126.9572443,35.1451562],[126.957259,35.1451562],[126.9572737,35.1451544],[126.9572882,35.1451512],[126.9573027,35.1451468],[126.9573171,35.1451417],[126.9573315,35.145136],[126.9573458,35.14513],[126.9573744,35.1451171],[126.9574287,35.1450761],[126.9574718,35.1450296],[126.957486,35.1450233],[126.9575003,35.1450174],[126.9575145,35.1450119],[126.9575286,35.1450071],[126.9575427,35.1450032],[126.9575568,35.1450008],[126.9575707,35.1450001],[126.9575845,35.1450018],[126.9575983,35.1450053],[126.9576119,35.1450103],[126.9576255,35.1450162],[126.957639,35.1450228],[126.9576525,35.1450299],[126.957666,35.1450373],[126.9576929,35.1450527],[126.9578627,35.1451763],[126.9579738,35.1451979]]}},{"type":"Feature","properties":{"slot":"mudeungsan_hiking_trail","sourceCode":"291100401","sourceMountainName":"깃대봉","trailName":"","trailLengthKm":"0.55","difficulty":"쉬움","sourceFeatureId":"37","pathIndex":"0"},"geometry":{"type":"LineString","coordinates":[[126.9514555,35.1436531],[126.9514803,35.1435881],[126.9514937,35.1435541],[126.9515002,35.1435384],[126.9515062,35.1435246],[126.951512,35.143512],[126.9515182,35.1434996],[126.951525,35.1434874],[126.9515321,35.1434758],[126.9515398,35.1434643],[126.9515477,35.143453],[126.9515643,35.1434305],[126.9515813,35.1434083],[126.9517448,35.1431974],[126.951771,35.1431644],[126.9517892,35.1431429],[126.9517987,35.1431323],[126.9518085,35.1431221],[126.9518189,35.143112],[126.9518298,35.1431021],[126.9518409,35.1430925],[126.9518753,35.1430642],[126.9520274,35.1429437],[126.9520627,35.1429161],[126.9520867,35.1428982],[126.9520989,35.1428895],[126.9521113,35.142881],[126.9521241,35.142873],[126.9521371,35.1428655],[126.9521504,35.1428585],[126.952164,35.1428517],[126.9521916,35.1428386],[126.9522477,35.1428134],[126.952431,35.1427328],[126.9524873,35.1427078],[126.9525291,35.1426885],[126.9525565,35.1426751],[126.9525699,35.142668],[126.9525833,35.1426605],[126.9526095,35.1426448],[126.952648,35.1426203],[126.9530163,35.1423781],[126.9530547,35.1423534],[126.9530806,35.1423374],[126.9530938,35.1423296],[126.9531072,35.1423221],[126.9531208,35.1423149],[126.9531487,35.1423013],[126.9531912,35.1422817],[126.9532916,35.1422374],[126.9533343,35.1422181],[126.9533621,35.1422046],[126.9533758,35.1421976],[126.953389,35.1421901],[126.9534018,35.1421822],[126.9534139,35.1421737],[126.9534256,35.1421648],[126.9534369,35.1421554],[126.9534479,35.1421459],[126.9534696,35.1421262],[126.9534909,35.1421061],[126.9535857,35.1420148],[126.9536071,35.141995],[126.9536179,35.1419854],[126.953629,35.1419761],[126.9536403,35.1419672],[126.953652,35.1419591],[126.9536642,35.1419518],[126.9536771,35.1419458],[126.953691,35.1419414],[126.9537057,35.1419382],[126.9537209,35.1419359],[126.9537364,35.1419343],[126.9537522,35.1419332],[126.9537682,35.1419323],[126.9538169,35.1419309],[126.9539636,35.1419282],[126.9541751,35.1419238],[126.9542076,35.1419227],[126.9542398,35.1419209],[126.9542558,35.1419196],[126.9542717,35.1419178],[126.9542874,35.1419153],[126.9543021,35.1419123],[126.9543166,35.1419086],[126.954331,35.1419044],[126.9543595,35.1418952],[126.9543736,35.1418902],[126.9544016,35.1418798],[126.954429,35.1418686],[126.9544425,35.1418626],[126.9544556,35.1418563],[126.9544683,35.1418494],[126.9544808,35.1418418],[126.9544929,35.1418336],[126.9545047,35.1418251],[126.9545162,35.1418163],[126.9545389,35.1417982],[126.9545835,35.1417611],[126.9546165,35.141733],[126.954638,35.1417139],[126.9546485,35.1417042],[126.9546586,35.1416943],[126.9546684,35.1416842],[126.9546778,35.1416737],[126.9546867,35.1416629],[126.9547038,35.1416409],[126.9547285,35.1416073],[126.9548655,35.1414152],[126.9548892,35.1413812],[126.9549043,35.1413582],[126.9549114,35.1413466],[126.954918,35.1413348],[126.9549242,35.1413226],[126.95493,35.1413103],[126.9549354,35.1412978],[126.9549456,35.1412727],[126.9549648,35.141222],[126.9550261,35.1410567],[126.9550822,35.1409038],[126.9550918,35.1408784],[126.9550969,35.1408659],[126.9551022,35.1408535],[126.9551079,35.1408413],[126.9551141,35.1408293],[126.9551211,35.1408178],[126.9551291,35.1408069],[126.9551383,35.1407966],[126.9551485,35.140787],[126.9551594,35.1407778],[126.955171,35.1407689],[126.9551829,35.1407602],[126.9551951,35.1407518],[126.9552076,35.1407436],[126.9552203,35.1407356],[126.9552332,35.140728],[126.9552464,35.1407207],[126.9552599,35.1407139],[126.9552738,35.1407078],[126.955288,35.1407025],[126.9553026,35.140698],[126.9553175,35.140694],[126.9553327,35.1406903],[126.9553633,35.1406835],[126.9554097,35.1406743],[126.9555516,35.1406469],[126.9556885,35.14062]]}},{"type":"Feature","properties":{"slot":"mudeungsan_hiking_trail","sourceCode":"291100401","sourceMountainName":"깃대봉","trailName":"","trailLengthKm":"0.08","difficulty":"쉬움","sourceFeatureId":"38","pathIndex":"0"},"geometry":{"type":"LineString","coordinates":[[126.9472054,35.1406201],[126.9473024,35.1404805],[126.9474004,35.1403411],[126.9474245,35.1403061],[126.9474395,35.1402827],[126.9474463,35.1402709],[126.9474524,35.1402589],[126.9474576,35.1402469],[126.9474613,35.1402346],[126.9474634,35.140222],[126.947464,35.1402091],[126.9474636,35.1401961],[126.9474624,35.140183],[126.9474607,35.1401699],[126.9474563,35.1401434],[126.9474512,35.1401167],[126.9474253,35.1399904],[126.9474214,35.1399701]]}},{"type":"Feature","properties":{"slot":"mudeungsan_hiking_trail","sourceCode":"291100401","sourceMountainName":"깃대봉","trailName":"","trailLengthKm":"0.13","difficulty":"쉬움","sourceFeatureId":"39","pathIndex":"0"},"geometry":{"type":"LineString","coordinates":[[126.9472384,35.1412531],[126.9471081,35.1414044],[126.946997,35.1415348],[126.9469782,35.1415562],[126.9469686,35.1415667],[126.9469588,35.141577],[126.9469487,35.141587],[126.9469382,35.1415965],[126.9469272,35.1416053],[126.9469153,35.1416133],[126.9469028,35.1416202],[126.9468894,35.1416262],[126.9468755,35.1416316],[126.9468613,35.1416365],[126.9468319,35.1416455],[126.946802,35.1416539],[126.9467266,35.1416745],[126.9466968,35.1416831],[126.946682,35.1416877],[126.9466674,35.1416925],[126.946653,35.1416977],[126.946639,35.1417033],[126.9466254,35.1417096],[126.9466119,35.1417168],[126.9465988,35.1417246],[126.946586,35.1417328],[126.9465487,35.1417582],[126.9465363,35.1417662],[126.9465239,35.1417737],[126.9465112,35.1417804],[126.9464982,35.1417857],[126.9464848,35.1417893],[126.9464711,35.1417906],[126.946457,35.1417901],[126.9464426,35.1417883],[126.9464279,35.1417856],[126.946413,35.1417821],[126.9463981,35.1417782],[126.946383,35.141774],[126.9463528,35.1417649],[126.9461936,35.1417149],[126.9461554,35.1417031]]}},{"type":"Feature","properties":{"slot":"mudeungsan_hiking_trail","sourceCode":"291100401","sourceMountainName":"깃대봉","trailName":"","trailLengthKm":"0.35","difficulty":"쉬움","sourceFeatureId":"40","pathIndex":"0"},"geometry":{"type":"LineString","coordinates":[[126.9477054,35.1398701],[126.9477603,35.1399818],[126.94778,35.1400203],[126.9477936,35.1400448],[126.9478008,35.1400569],[126.9478084,35.1400687],[126.9478165,35.1400802],[126.9478251,35.1400916],[126.9478339,35.1401028],[126.9478613,35.1401359],[126.94803,35.1403329],[126.9480679,35.1403764],[126.9480874,35.1403977],[126.9480975,35.1404081],[126.9481079,35.1404183],[126.9481187,35.1404282],[126.9481411,35.1404473],[126.9481643,35.1404659],[126.9481996,35.1404933],[126.9483775,35.1406298],[126.948413,35.1406573],[126.9484362,35.1406759],[126.9484476,35.1406854],[126.9484587,35.1406951],[126.9484694,35.140705],[126.9484797,35.1407153],[126.9484897,35.1407258],[126.9485088,35.1407474],[126.9485364,35.1407805],[126.948554,35.1408028],[126.9485623,35.140814],[126.9485701,35.1408253],[126.9485772,35.1408366],[126.9485833,35.1408481],[126.948588,35.1408596],[126.9485908,35.1408714],[126.9485913,35.1408835],[126.9485898,35.1408957],[126.9485869,35.1409082],[126.948583,35.1409207],[126.9485784,35.1409332],[126.9485679,35.1409585],[126.9485273,35.1410472],[126.9485163,35.1410726],[126.9485112,35.1410854],[126.9485066,35.1410981],[126.9485026,35.1411109],[126.9484995,35.1411237],[126.9484976,35.1411366],[126.9484971,35.1411495],[126.9484978,35.1411624],[126.9484994,35.1411755],[126.9485016,35.1411885],[126.9485042,35.1412016],[126.948507,35.1412147],[126.9485134,35.1412409],[126.9485436,35.1413589],[126.9485668,35.1414507],[126.948606,35.141608],[126.9486448,35.1417654],[126.948655,35.1418046],[126.9486626,35.1418305],[126.9486668,35.1418434],[126.9486714,35.141856],[126.9486767,35.1418686],[126.9486826,35.1418806],[126.9486891,35.1418925],[126.948696,35.1419043],[126.9487032,35.141916],[126.9487329,35.1419625],[126.9487401,35.1419741],[126.9487469,35.1419859],[126.9487532,35.1419977],[126.9487589,35.1420097],[126.9487636,35.1420219],[126.9487671,35.1420346],[126.9487697,35.1420476],[126.9487716,35.1420608],[126.948773,35.142074],[126.9487747,35.1421008],[126.948776,35.1421412],[126.9487793,35.1422761],[126.9487853,35.1424918],[126.9487862,35.1425187],[126.9487876,35.1425456],[126.94879,35.1425724],[126.9487917,35.1425857],[126.948794,35.1425988],[126.9487968,35.1426117],[126.9488,35.1426247],[126.9488039,35.1426392],[126.9488186,35.1426892],[126.9488385,35.1427531]]}},{"type":"Feature","properties":{"slot":"mudeungsan_hiking_trail","sourceCode":"291100401","sourceMountainName":"깃대봉","trailName":"","trailLengthKm":"0.13","difficulty":"쉬움","sourceFeatureId":"41","pathIndex":"0"},"geometry":{"type":"LineString","coordinates":[[126.9461554,35.1417031],[126.9461582,35.1417023],[126.9461943,35.1416933],[126.946232,35.1416834],[126.9462523,35.1416779],[126.9462721,35.1416721],[126.9462907,35.1416662],[126.9463071,35.1416604],[126.9463211,35.1416546],[126.9463345,35.141648],[126.9463475,35.1416404],[126.9463599,35.1416321],[126.9463719,35.1416232],[126.9463837,35.1416141],[126.9464067,35.1415951],[126.9464294,35.1415757],[126.9465423,35.1414777],[126.9467345,35.1413114],[126.9468474,35.1412128],[126.9468818,35.1411835],[126.9468934,35.1411739],[126.9469053,35.1411647],[126.9469175,35.1411559],[126.9469301,35.1411476],[126.9469433,35.1411401],[126.9469563,35.1411341],[126.9469698,35.1411288],[126.9469836,35.1411243],[126.9469976,35.1411204],[126.9470117,35.1411172],[126.9470258,35.1411149],[126.9470396,35.1411135],[126.9470532,35.1411133],[126.9470662,35.1411149],[126.9470786,35.1411185],[126.9470905,35.1411239],[126.9471019,35.1411306],[126.9471131,35.1411382],[126.947124,35.1411466],[126.9471351,35.1411558],[126.9471475,35.1411668],[126.9471746,35.141192],[126.9472313,35.1412468],[126.9472365,35.1412517],[126.9472384,35.1412531]]}},{"type":"Feature","properties":{"slot":"mudeungsan_hiking_trail","sourceCode":"291100401","sourceMountainName":"깃대봉","trailName":"","trailLengthKm":"0.11","difficulty":"쉬움","sourceFeatureId":"42","pathIndex":"0"},"geometry":{"type":"LineString","coordinates":[[126.9461714,35.1401701],[126.9461738,35.1401715],[126.9462025,35.140192],[126.946233,35.1402131],[126.9462496,35.1402241],[126.9462663,35.1402345],[126.9462824,35.1402439],[126.9462972,35.1402515],[126.9463109,35.1402572],[126.946325,35.1402617],[126.9463395,35.1402649],[126.9463543,35.1402669],[126.9463695,35.1402683],[126.946385,35.1402691],[126.9464163,35.1402697],[126.946511,35.1402696],[126.9465266,35.1402699],[126.9465421,35.1402705],[126.9465575,35.1402714],[126.9465726,35.140273],[126.9465873,35.1402754],[126.9466016,35.1402788],[126.9466157,35.1402836],[126.9466292,35.1402896],[126.9466424,35.1402963],[126.9466553,35.1403036],[126.9466681,35.1403113],[126.9466807,35.1403193],[126.9467058,35.1403358],[126.9467928,35.1403951],[126.9468303,35.1404202],[126.9468556,35.1404364],[126.9468685,35.1404442],[126.9468816,35.1404517],[126.9468949,35.1404588],[126.9469086,35.1404652],[126.9469228,35.1404709],[126.9469374,35.1404761],[126.9469522,35.1404808],[126.9469672,35.1404852],[126.947028,35.1405016],[126.9470431,35.1405058],[126.947058,35.1405103],[126.9470726,35.1405151],[126.9470867,35.1405205],[126.9471003,35.1405269],[126.9471142,35.1405355],[126.9471286,35.1405461],[126.9471428,35.140558],[126.9471567,35.1405706],[126.9471696,35.140583],[126.9471812,35.1405947],[126.9472054,35.1406201]]}},{"type":"Feature","properties":{"slot":"mudeungsan_hiking_trail","sourceCode":"291100401","sourceMountainName":"깃대봉","trailName":"","trailLengthKm":"0.12","difficulty":"쉬움","sourceFeatureId":"43","pathIndex":"0"},"geometry":{"type":"LineString","coordinates":[[126.9461714,35.1401701],[126.9464474,35.14014],[126.9466748,35.1401148],[126.9467073,35.1401116],[126.9467235,35.1401103],[126.9467397,35.1401092],[126.9467558,35.1401084],[126.946772,35.1401082],[126.946788,35.1401087],[126.9468037,35.14011],[126.9468194,35.1401119],[126.946835,35.1401144],[126.9468661,35.1401202],[126.9469284,35.1401333],[126.9469595,35.1401395],[126.9469751,35.1401422],[126.9469907,35.1401445],[126.9470063,35.1401463],[126.947022,35.1401472],[126.9470372,35.1401472],[126.9470525,35.1401465],[126.9470678,35.1401452],[126.9470832,35.1401435],[126.9471137,35.1401391],[126.9471441,35.1401338],[126.9471592,35.1401307],[126.947174,35.1401274],[126.9471887,35.1401236],[126.947203,35.1401193],[126.9472168,35.1401142],[126.9472303,35.140108],[126.9472432,35.140101],[126.9472558,35.1400935],[126.9472682,35.1400854],[126.9472923,35.1400685],[126.9473325,35.1400384],[126.9474131,35.1399762],[126.9474214,35.1399701]]}},{"type":"Feature","properties":{"slot":"mudeungsan_hiking_trail","sourceCode":"291100401","sourceMountainName":"깃대봉","trailName":"","trailLengthKm":"0.03","difficulty":"쉬움","sourceFeatureId":"44","pathIndex":"0"},"geometry":{"type":"LineString","coordinates":[[126.9474214,35.1399701],[126.9477054,35.1398701]]}},{"type":"Feature","properties":{"slot":"mudeungsan_hiking_trail","sourceCode":"291100401","sourceMountainName":"깃대봉","trailName":"","trailLengthKm":"0.07","difficulty":"쉬움","sourceFeatureId":"45","pathIndex":"0"},"geometry":{"type":"LineString","coordinates":[[126.9472054,35.1406201],[126.9472115,35.1406276],[126.9472629,35.140687],[126.9472864,35.1407147],[126.9473054,35.140738],[126.9473137,35.1407489],[126.9473215,35.1407598],[126.9473287,35.1407708],[126.947335,35.140782],[126.9473402,35.1407934],[126.9473437,35.140805],[126.9473453,35.140817],[126.9473453,35.1408294],[126.9473442,35.1408419],[126.9473422,35.1408545],[126.9473397,35.1408672],[126.9473338,35.1408928],[126.9473271,35.1409185],[126.947289,35.1410602],[126.9472384,35.1412531]]}},{"type":"Feature","properties":{"slot":"mudeungsan_hiking_trail","sourceCode":"291100401","sourceMountainName":"깃대봉","trailName":"","trailLengthKm":"0.14","difficulty":"쉬움","sourceFeatureId":"46","pathIndex":"0"},"geometry":{"type":"LineString","coordinates":[[126.9480676,35.1440052],[126.948069,35.1440073],[126.9481008,35.1440448],[126.9481121,35.1440587],[126.9481233,35.1440732],[126.948134,35.1440877],[126.9481435,35.1441018],[126.9481509,35.1441147],[126.9481561,35.1441264],[126.9481597,35.1441382],[126.9481616,35.1441506],[126.9481619,35.1441633],[126.9481613,35.1441761],[126.9481599,35.1441891],[126.9481582,35.1442022],[126.9481519,35.1442415],[126.9481483,35.1442677],[126.9481472,35.1442807],[126.9481468,35.1442935],[126.9481475,35.1443062],[126.9481496,35.1443187],[126.9481536,35.1443311],[126.948159,35.1443432],[126.9481655,35.1443552],[126.9481727,35.144367],[126.9481804,35.1443788],[126.9481969,35.1444022],[126.9482142,35.1444253],[126.948223,35.1444367],[126.9482319,35.144448],[126.9482411,35.144459],[126.9482505,35.1444696],[126.9482602,35.1444796],[126.9482705,35.1444889],[126.9482816,35.1444969],[126.9482936,35.1445034],[126.9483065,35.1445078],[126.9483203,35.1445108],[126.9483348,35.1445126],[126.9483498,35.1445136],[126.9483652,35.1445141],[126.9483808,35.1445141],[126.9484123,35.1445134],[126.9484439,35.1445117],[126.9484595,35.1445105],[126.948475,35.1445089],[126.9484901,35.1445069],[126.9485048,35.1445042],[126.948519,35.1445007],[126.9485324,35.144496],[126.9485438,35.1444905],[126.9485547,35.1444841],[126.9485652,35.1444772],[126.9485858,35.1444628],[126.9485962,35.1444559],[126.9486071,35.1444496],[126.9486185,35.1444443],[126.9486313,35.14444],[126.9486448,35.1444368],[126.9486589,35.1444345],[126.9486733,35.1444328],[126.948688,35.1444315],[126.9487477,35.1444274],[126.9487625,35.1444259],[126.9487772,35.1444238],[126.9487915,35.144421],[126.9488065,35.1444169],[126.9488211,35.1444119],[126.9488355,35.1444063],[126.9488498,35.1444001],[126.9488639,35.1443936],[126.9488918,35.1443799],[126.9489334,35.1443585],[126.9490715,35.1442861]]}},{"type":"Feature","properties":{"slot":"mudeungsan_hiking_trail","sourceCode":"291100401","sourceMountainName":"깃대봉","trailName":"화암동구간","trailLengthKm":"0.23","difficulty":"쉬움","sourceFeatureId":"47","pathIndex":"0"},"geometry":{"type":"LineString","coordinates":[[126.9513385,35.1442701],[126.9515433,35.1443846],[126.9518096,35.1444008],[126.9522007,35.1446863],[126.9522293,35.1446992],[126.9522438,35.1447054],[126.9522584,35.1447112],[126.9522733,35.1447165],[126.9522883,35.1447213],[126.9523036,35.1447255],[126.9523191,35.1447295],[126.9523503,35.1447367],[126.9524134,35.14475],[126.9525714,35.1447823],[126.9529137,35.1448337],[126.9531034,35.1448724],[126.9531349,35.1448792],[126.953166,35.1448866],[126.9531813,35.1448907],[126.9531964,35.1448952],[126.9532112,35.1449003],[126.9532257,35.1449061],[126.9532399,35.1449125],[126.9532538,35.1449193],[126.9532812,35.1449338],[126.9533218,35.1449566],[126.9534373,35.1450319],[126.9535055,35.1451031]]}},{"type":"Feature","properties":{"slot":"mudeungsan_hiking_trail","sourceCode":"291100401","sourceMountainName":"깃대봉","trailName":"","trailLengthKm":"0.16","difficulty":"쉬움","sourceFeatureId":"48","pathIndex":"0"},"geometry":{"type":"LineString","coordinates":[[126.9478215,35.1433361],[126.9481985,35.1435201],[126.9484086,35.1436217],[126.9484362,35.1436356],[126.9484497,35.1436428],[126.9484629,35.1436502],[126.9484757,35.143658],[126.9484879,35.1436662],[126.9484992,35.1436751],[126.9485095,35.1436846],[126.9485189,35.1436947],[126.9485278,35.1437053],[126.9485362,35.1437163],[126.9485523,35.1437388],[126.9485678,35.1437618],[126.9486437,35.1438779],[126.9486591,35.143901],[126.9486748,35.1439239],[126.9486912,35.1439463],[126.9486999,35.1439573],[126.948709,35.143968],[126.9487186,35.1439785],[126.9487287,35.1439886],[126.9487498,35.1440084],[126.9487826,35.1440374],[126.9489272,35.1441617],[126.9490715,35.1442861]]}},{"type":"Feature","properties":{"slot":"mudeungsan_hiking_trail","sourceCode":"291100401","sourceMountainName":"깃대봉","trailName":"","trailLengthKm":"0.1","difficulty":"쉬움","sourceFeatureId":"49","pathIndex":"0"},"geometry":{"type":"LineString","coordinates":[[126.9490715,35.1442861],[126.9490606,35.1442847],[126.9489726,35.1442755],[126.9489319,35.1442709],[126.9488981,35.1442666],[126.9488827,35.1442643],[126.9488676,35.1442616],[126.9488527,35.1442586],[126.9488382,35.1442549],[126.9488243,35.1442505],[126.9488112,35.1442449],[126.9487987,35.144238],[126.948787,35.14423],[126.9487758,35.1442212],[126.948765,35.1442119],[126.9487545,35.1442022],[126.9487441,35.1441923],[126.9486932,35.1441412],[126.9486726,35.144121],[126.9486621,35.1441112],[126.9486513,35.1441017],[126.9486402,35.1440926],[126.9486285,35.144084],[126.9486163,35.1440763],[126.9486034,35.1440695],[126.9485898,35.1440635],[126.9485758,35.1440581],[126.9485615,35.1440531],[126.9485321,35.1440438],[126.9485023,35.1440351],[126.9484723,35.1440267],[126.948412,35.1440102],[126.9483818,35.1440025],[126.9483667,35.143999],[126.9483515,35.1439958],[126.9483362,35.1439931],[126.9483209,35.1439911],[126.9483053,35.14399],[126.9482897,35.1439895],[126.948274,35.1439896],[126.9482582,35.1439901],[126.9482264,35.1439919],[126.9481673,35.1439966],[126.9480787,35.1440044],[126.9480676,35.1440052]]}},{"type":"Feature","properties":{"slot":"mudeungsan_hiking_trail","sourceCode":"291100401","sourceMountainName":"깃대봉","trailName":"","trailLengthKm":"0.07","difficulty":"쉬움","sourceFeatureId":"50","pathIndex":"0"},"geometry":{"type":"LineString","coordinates":[[126.9514555,35.1436531],[126.951438,35.1437379],[126.9514111,35.1438664],[126.9514033,35.1439064],[126.9514011,35.1439197],[126.9513992,35.143933],[126.9513979,35.1439461],[126.9513972,35.1439593],[126.9513975,35.1439723],[126.9513992,35.1439851],[126.9514025,35.1439976],[126.951407,35.1440099],[126.9514125,35.144022],[126.9514186,35.1440341],[126.9514252,35.1440462],[126.9514522,35.1440938],[126.9514583,35.1441056],[126.9514635,35.1441172],[126.9514676,35.1441286],[126.9514699,35.1441398],[126.9514698,35.1441506],[126.9514666,35.1441608],[126.951461,35.1441706],[126.9514533,35.1441803],[126.9514426,35.1441909],[126.9514294,35.1442024],[126.9514146,35.1442143],[126.951399,35.1442262],[126.9513692,35.1442479],[126.9513403,35.1442684],[126.9513385,35.1442701]]}},{"type":"Feature","properties":{"slot":"mudeungsan_hiking_trail","sourceCode":"291100401","sourceMountainName":"깃대봉","trailName":"","trailLengthKm":"0.21","difficulty":"쉬움","sourceFeatureId":"51","pathIndex":"0"},"geometry":{"type":"LineString","coordinates":[[126.9490715,35.1442861],[126.9493646,35.1443736],[126.949565,35.1444341],[126.9496113,35.1444476],[126.9496423,35.1444557],[126.9496579,35.1444593],[126.9496736,35.1444623],[126.9496895,35.1444645],[126.9497052,35.1444659],[126.9497212,35.1444665],[126.9497372,35.1444666],[126.9497694,35.1444658],[126.9498179,35.1444632],[126.9499798,35.1444531],[126.9501255,35.1444443],[126.9504654,35.1444242],[126.9507083,35.1444102],[126.9507568,35.1444069],[126.9507889,35.1444041],[126.9508049,35.1444023],[126.9508208,35.1444],[126.9508368,35.1443973],[126.9508526,35.1443941],[126.9508684,35.1443907],[126.9508999,35.1443832],[126.950947,35.1443713],[126.9511192,35.1443266],[126.9513385,35.1442701]]}},{"type":"Feature","properties":{"slot":"mudeungsan_hiking_trail","sourceCode":"291100401","sourceMountainName":"깃대봉","trailName":"","trailLengthKm":"0.08","difficulty":"쉬움","sourceFeatureId":"52","pathIndex":"0"},"geometry":{"type":"LineString","coordinates":[[126.9480676,35.1440052],[126.9480459,35.1439988],[126.9480315,35.1439942],[126.948015,35.1439885],[126.9479977,35.1439818],[126.9479804,35.1439741],[126.9479643,35.1439655],[126.9479504,35.1439559],[126.9479393,35.1439453],[126.9479315,35.1439345],[126.947925,35.1439232],[126.9479191,35.1439114],[126.9479136,35.1438994],[126.9479085,35.1438871],[126.9479035,35.1438747],[126.9478941,35.1438496],[126.9478854,35.1438243],[126.9478813,35.1438115],[126.9478776,35.1437988],[126.9478743,35.1437859],[126.9478715,35.1437729],[126.9478671,35.1437466],[126.9478636,35.1437201],[126.9478605,35.1436936],[126.9478434,35.1435347],[126.9478215,35.1433361]]}},{"type":"Feature","properties":{"slot":"mudeungsan_hiking_trail","sourceCode":"291100401","sourceMountainName":"깃대봉","trailName":"운림동구간","trailLengthKm":"0.74","difficulty":"쉬움","sourceFeatureId":"53","pathIndex":"0"},"geometry":{"type":"LineString","coordinates":[[126.9509069,35.1399869],[126.9509055,35.1400445],[126.9508989,35.1400705],[126.9508952,35.140083],[126.950891,35.1400949],[126.9508862,35.140106],[126.9508805,35.140116],[126.9508736,35.1401245],[126.9508649,35.1401308],[126.9508547,35.1401343],[126.9508428,35.1401359],[126.9508298,35.1401361],[126.950816,35.1401353],[126.9508016,35.1401338],[126.9506873,35.1400832],[126.9506725,35.140082],[126.9506579,35.1400816],[126.9506439,35.1400823],[126.9506305,35.1400847],[126.950618,35.1400891],[126.9506062,35.1400951],[126.9505951,35.1401024],[126.9505845,35.1401107],[126.9505745,35.1401196],[126.9505651,35.1401292],[126.9505563,35.1401392],[126.9505485,35.1401496],[126.9505417,35.1401604],[126.9505365,35.1401717],[126.9505329,35.1401839],[126.9505308,35.1401965],[126.9505299,35.1402094],[126.9505298,35.1402225],[126.9505302,35.1402358],[126.950531,35.1402491],[126.9505361,35.1403161],[126.9505367,35.1403295],[126.9505369,35.1403428],[126.9505364,35.140356],[126.9505352,35.1403692],[126.9505331,35.1403822],[126.9505301,35.1403951],[126.9505266,35.1404079],[126.9505226,35.1404207],[126.9505184,35.1404334],[126.9505093,35.1404589],[126.9504481,35.1406416],[126.9504323,35.1407908],[126.9504226,35.140816],[126.9504175,35.1408282],[126.9504121,35.1408401],[126.9504064,35.1408513],[126.9504002,35.1408617],[126.9503932,35.1408708],[126.9503852,35.1408783],[126.9503758,35.1408835],[126.9503648,35.140886],[126.9503524,35.1408862],[126.950316,35.1408992],[126.9502722,35.1409356],[126.9502643,35.140973],[126.9502577,35.1410197],[126.9502553,35.1410316],[126.9502507,35.1410427],[126.9502441,35.1410534],[126.9502362,35.1410638],[126.9502273,35.1410739],[126.9502176,35.1410839],[126.9502074,35.1410937],[126.9501969,35.1411035],[126.9501752,35.1411228],[126.9500758,35.141209],[126.9500322,35.1412477],[126.950011,35.1412673],[126.9500007,35.1412773],[126.9499906,35.1412874],[126.9499809,35.1412978],[126.9499622,35.1413191],[126.9499351,35.1413515],[126.9498553,35.14145],[126.9497841,35.1415374],[126.9497665,35.1415593],[126.9497494,35.1415813],[126.9497412,35.1415924],[126.9497333,35.1416036],[126.949726,35.141615],[126.9497195,35.1416266],[126.9497139,35.1416385],[126.9497096,35.1416505],[126.9497062,35.1416627],[126.9497035,35.1416752],[126.9497013,35.1416878],[126.9496945,35.1417387],[126.9496905,35.141764],[126.9496879,35.1417765],[126.9496846,35.1417888],[126.9496804,35.1418009],[126.9496751,35.1418125],[126.949669,35.1418238],[126.9496621,35.1418349],[126.9496548,35.141846],[126.9496392,35.1418677],[126.9496143,35.1418998],[126.9495883,35.1419315],[126.9495702,35.1419521],[126.9495504,35.141973],[126.9495299,35.1419934],[126.9494986,35.1420238],[126.9491942,35.1423153],[126.9491634,35.1423458],[126.9491437,35.1423666],[126.9491344,35.1423773],[126.9491256,35.1423882],[126.9491173,35.1423997],[126.9491096,35.1424114],[126.9491022,35.1424233],[126.9490882,35.1424474],[126.9490545,35.1425086],[126.9490406,35.1425329],[126.9490334,35.1425448],[126.9490258,35.1425566],[126.9490176,35.1425681],[126.9490091,35.1425791],[126.9490001,35.1425899],[126.9489907,35.1426004],[126.948981,35.1426109],[126.9489612,35.1426315],[126.9489293,35.1426634],[126.9488385,35.1427531]]}},{"type":"Feature","properties":{"slot":"mudeungsan_hiking_trail","sourceCode":"291100401","sourceMountainName":"깃대봉","trailName":"운림동구간","trailLengthKm":"0.74","difficulty":"쉬움","sourceFeatureId":"53","pathIndex":"1"},"geometry":{"type":"LineString","coordinates":[[126.9509069,35.1399869],[126.9509203,35.1398714],[126.9509477,35.1398009],[126.9510104,35.1396152],[126.951054,35.1393896],[126.9510972,35.1392197],[126.9510979,35.1391134],[126.9510994,35.1388929],[126.9511065,35.1387893],[126.9511461,35.1386805],[126.9511625,35.1386381],[126.9511757,35.1385983],[126.9511663,35.138561],[126.9511537,35.1385131],[126.9511346,35.1384652],[126.9511251,35.1384333],[126.9511253,35.1383988],[126.9511385,35.138359],[126.9511937,35.1383406],[126.951239,35.1383302],[126.9512812,35.1383144],[126.9513007,35.1382986],[126.9513106,35.1382694],[126.9513108,35.1382402],[126.9513113,35.1381551],[126.9513347,35.1380543],[126.9513349,35.1380144],[126.9514425,35.1378927],[126.951524,35.1377947],[126.9515699,35.1377126],[126.9515862,35.1376807],[126.9516482,35.1376093],[126.9518142,35.1374559],[126.9519281,35.1373555],[126.951977,35.1372946],[126.9520227,35.1372257],[126.9520555,35.1371727],[126.9520977,35.1371357],[126.9521054,35.1371327]]}},{"type":"Feature","properties":{"slot":"mudeungsan_hiking_trail","sourceCode":"291100401","sourceMountainName":"깃대봉","trailName":"학동구간","trailLengthKm":"0.07","difficulty":"쉬움","sourceFeatureId":"54","pathIndex":"0"},"geometry":{"type":"LineString","coordinates":[[126.9376508,35.1349136],[126.9376606,35.1349512]]}},{"type":"Feature","properties":{"slot":"mudeungsan_hiking_trail","sourceCode":"291100401","sourceMountainName":"깃대봉","trailName":"학동구간","trailLengthKm":"0.07","difficulty":"쉬움","sourceFeatureId":"54","pathIndex":"1"},"geometry":{"type":"LineString","coordinates":[[126.9376508,35.1349136],[126.9376681,35.1347277],[126.9376689,35.1346061],[126.9376815,35.1344749],[126.9376914,35.1343008]]}},{"type":"Feature","properties":{"slot":"mudeungsan_hiking_trail","sourceCode":"291100401","sourceMountainName":"깃대봉","trailName":"장원봉길","trailLengthKm":"0.39","difficulty":"중간","sourceFeatureId":"55","pathIndex":"0"},"geometry":{"type":"LineString","coordinates":[[126.9499064,35.1477488],[126.9499065,35.1476201],[126.9499961,35.147519],[126.9502424,35.1474363],[126.950567,35.1472986],[126.9508357,35.1471332],[126.9513282,35.1471242],[126.9517087,35.1472163],[126.9519997,35.1472259],[126.9522347,35.1471331],[126.9525146,35.1471063],[126.9529176,35.1470421],[126.9531742,35.1470963],[126.953354,35.1471802],[126.9536448,35.1474561]]}},{"type":"Feature","properties":{"slot":"mudeungsan_hiking_trail","sourceCode":"291101901","sourceMountainName":"마집봉","trailName":"","trailLengthKm":"1.63","difficulty":"쉬움","sourceFeatureId":"0","pathIndex":"0"},"geometry":{"type":"LineString","coordinates":[[126.9535248,35.1181638],[126.9535263,35.1181551],[126.9535342,35.1181013],[126.9535396,35.1180675],[126.9535453,35.1180365],[126.9535481,35.1180236],[126.9535513,35.1180112],[126.9535551,35.1179988],[126.9535595,35.1179867],[126.953565,35.1179745],[126.9535711,35.1179625],[126.9535778,35.1179506],[126.9535921,35.1179272],[126.9536073,35.1179041],[126.9536153,35.1178928],[126.9536234,35.1178816],[126.9536319,35.1178706],[126.9536408,35.1178599],[126.9536502,35.1178496],[126.9536604,35.1178399],[126.9536716,35.1178309],[126.9536834,35.1178225],[126.9536959,35.1178144],[126.9537087,35.1178067],[126.9537217,35.1177991],[126.9537484,35.1177843],[126.9538024,35.1177553],[126.9538296,35.1177411],[126.9538567,35.1177274],[126.9538704,35.1177209],[126.953884,35.1177148],[126.9538977,35.1177093],[126.9539116,35.1177047],[126.9539255,35.1177012],[126.9539396,35.1176994],[126.9539534,35.1176994],[126.9539674,35.117701],[126.9539815,35.1177036],[126.9539956,35.117707],[126.9540098,35.117711],[126.9540525,35.117724],[126.9540666,35.1177281],[126.9540807,35.1177319],[126.9540945,35.117735],[126.9541082,35.1177372],[126.9541215,35.1177381],[126.9541344,35.1177372],[126.9541472,35.1177342],[126.9541595,35.1177293],[126.9541715,35.117723],[126.9541833,35.1177158],[126.9541949,35.1177078],[126.9542064,35.1176994],[126.9542178,35.1176906],[126.9542405,35.1176724],[126.9542969,35.1176259],[126.9543196,35.1176076],[126.9543427,35.1175898],[126.9543545,35.1175812],[126.9543666,35.117573],[126.954379,35.1175652],[126.9543919,35.1175581],[126.9544057,35.1175516],[126.9544201,35.1175458],[126.9544348,35.1175404],[126.9544497,35.1175354],[126.9544801,35.1175261],[126.9545108,35.1175172],[126.9547425,35.1174522],[126.955282,35.1172991],[126.955498,35.1172383],[126.9555442,35.117225],[126.9555746,35.1172156],[126.9555897,35.1172107],[126.9556046,35.1172054],[126.9556192,35.1171997],[126.9556336,35.1171935],[126.9556477,35.1171869],[126.9556755,35.1171729],[126.955703,35.1171583],[126.9557302,35.1171434],[126.9559342,35.1170306],[126.956193,35.1168885],[126.9562471,35.1168582],[126.9562737,35.1168425],[126.9562867,35.1168344],[126.9563121,35.1168177],[126.956337,35.1168004],[126.9563617,35.1167828],[126.95657,35.1166323],[126.9566062,35.1166053],[126.9566179,35.1165961],[126.9566293,35.1165867],[126.9566404,35.1165771],[126.9566509,35.116567],[126.9566607,35.1165565],[126.95667,35.1165455],[126.9566789,35.1165343],[126.9566959,35.1165114],[126.9567205,35.1164764],[126.9568656,35.1162647],[126.9569061,35.116206],[126.9569309,35.1161711],[126.9569482,35.1161482],[126.9569573,35.116137],[126.9569665,35.1161263],[126.9569759,35.1161158],[126.9569954,35.116095],[126.9570354,35.1160539],[126.957106,35.1159823],[126.9571265,35.1159623],[126.9571369,35.1159527],[126.9571475,35.1159433],[126.9571583,35.1159345],[126.9571696,35.1159264],[126.9571815,35.1159192],[126.957194,35.1159133],[126.9572074,35.1159091],[126.9572215,35.1159062],[126.9572362,35.1159043],[126.9572512,35.1159031],[126.9572666,35.1159023],[126.9572821,35.1159019],[126.9573136,35.1159017],[126.9574087,35.1159022],[126.9574403,35.1159019],[126.9574561,35.1159014],[126.9574718,35.1159006],[126.9574875,35.1158995],[126.9575036,35.1158978],[126.9575196,35.1158957],[126.9575357,35.1158932],[126.9575676,35.1158879],[126.9575995,35.115882],[126.9576632,35.11587],[126.9577269,35.1158577],[126.9577586,35.1158514],[126.9577902,35.1158447],[126.9578058,35.115841],[126.9578214,35.1158371],[126.9578367,35.1158327],[126.9578517,35.1158279],[126.9578665,35.1158227],[126.9578812,35.1158172],[126.9579104,35.1158056],[126.9579538,35.1157875],[126.9581707,35.1156961],[126.9581992,35.1156836],[126.9582133,35.1156772],[126.9582271,35.1156705],[126.9582406,35.1156635],[126.9582536,35.115656],[126.9582659,35.1156479],[126.9582775,35.1156391],[126.9582884,35.1156297],[126.9582989,35.1156199],[126.958309,35.1156097],[126.9583287,35.1155888],[126.9583674,35.1155462],[126.9583873,35.1155254],[126.9583976,35.1155153],[126.9584084,35.1155054],[126.9584197,35.1154958],[126.9584314,35.1154865],[126.9584435,35.1154774],[126.9584681,35.1154597],[126.9585184,35.1154251],[126.9587208,35.1152878],[126.9592766,35.1149094],[126.9593776,35.1148404],[126.9595162,35.1147453],[126.9595416,35.1147283],[126.9595675,35.114712],[126.9595807,35.1147042],[126.9595942,35.1146969],[126.9596081,35.1146903],[126.9596225,35.1146844],[126.9596372,35.1146791],[126.9596523,35.1146742],[126.9596676,35.1146697],[126.9596985,35.1146613],[126.9597454,35.1146494],[126.9597925,35.1146383],[126.9598082,35.1146349],[126.959824,35.1146318],[126.9598397,35.1146291],[126.9598556,35.1146269],[126.9598715,35.1146255],[126.9598873,35.1146251],[126.9599033,35.1146254],[126.9599192,35.1146263],[126.9599352,35.1146275],[126.9599513,35.1146291],[126.9599834,35.1146327],[126.9600155,35.1146368],[126.9601605,35.1146559],[126.9601924,35.1146595],[126.9602083,35.114661],[126.9602239,35.114662],[126.9602393,35.1146625],[126.9602543,35.1146621],[126.9602688,35.1146606],[126.9602826,35.1146575],[126.9602953,35.1146526],[126.9603074,35.1146461],[126.960319,35.1146385],[126.9603302,35.1146301],[126.9603412,35.1146211],[126.9603626,35.1146019],[126.9603837,35.1145821],[126.9604466,35.1145217],[126.960468,35.1145021],[126.9604789,35.1144927],[126.9604901,35.1144835],[126.9605016,35.1144749],[126.9605136,35.1144669],[126.9605262,35.1144598],[126.9605399,35.1144536],[126.9605543,35.1144483],[126.9605692,35.1144436],[126.9605844,35.1144395],[126.9606156,35.114432],[126.960663,35.114422],[126.9608062,35.1143928],[126.9610445,35.1143437],[126.961076,35.1143367],[126.9610917,35.1143331],[126.9611072,35.1143292],[126.9611225,35.114325],[126.9611376,35.1143203],[126.9611524,35.114315],[126.9611663,35.1143092],[126.9611798,35.1143028],[126.9611931,35.1142959],[126.9612192,35.1142814],[126.961245,35.1142661],[126.9612706,35.1142505],[126.9613854,35.1141796],[126.9614111,35.1141645],[126.9614239,35.1141573],[126.9614369,35.1141506],[126.9614499,35.1141446],[126.961463,35.1141394],[126.9614763,35.1141354],[126.9614899,35.1141332],[126.9615042,35.1141329],[126.9615187,35.1141345],[126.9615335,35.1141373],[126.9615483,35.1141411],[126.9615632,35.1141455],[126.9615782,35.1141503],[126.9616083,35.1141608],[126.9616536,35.1141774],[126.9618044,35.1142334],[126.9618346,35.1142444],[126.9618647,35.1142549],[126.9618797,35.1142598],[126.9618948,35.1142643],[126.9619098,35.1142683],[126.9619247,35.1142715],[126.9619396,35.1142735],[126.9619545,35.114274],[126.9619692,35.1142726],[126.9619839,35.1142696],[126.9619986,35.1142655],[126.9620132,35.1142606],[126.9620278,35.1142552],[126.9620423,35.1142494],[126.9620715,35.114237],[126.9621298,35.1142119],[126.9621593,35.1141998],[126.9621742,35.1141941],[126.9621893,35.1141888],[126.9622044,35.1141839],[126.9622196,35.1141794],[126.9622504,35.114171],[126.962297,35.1141594],[126.9623594,35.1141445],[126.9625624,35.1140966],[126.9625934,35.1140888],[126.9626087,35.1140846],[126.9626238,35.1140802],[126.9626387,35.1140755],[126.9626533,35.1140702],[126.9626674,35.1140643],[126.9626811,35.1140575],[126.9626943,35.11405],[126.9627072,35.114042],[126.9627198,35.1140336],[126.9627447,35.1140162],[126.9627816,35.1139896],[126.9628063,35.113972],[126.9628189,35.1139635],[126.9628317,35.1139552],[126.9628448,35.1139474],[126.9628583,35.1139401],[126.9628721,35.1139334],[126.9628864,35.1139273],[126.9629009,35.1139216],[126.9629157,35.1139162],[126.9629306,35.113911],[126.9629607,35.1139009],[126.9633852,35.1137644],[126.9634456,35.1137446],[126.9634753,35.113734],[126.96349,35.1137284],[126.9635044,35.1137225],[126.9635184,35.113716],[126.9635319,35.113709],[126.9635451,35.1137016],[126.963558,35.1136938],[126.9635708,35.1136857],[126.9636084,35.1136607],[126.9640553,35.1133533],[126.9640927,35.113328],[126.9641181,35.1133118],[126.9641311,35.1133039],[126.9641443,35.1132965],[126.9641578,35.1132895],[126.9641715,35.1132832],[126.9641855,35.1132773],[126.9641997,35.1132718],[126.9642287,35.1132614],[126.9643168,35.113232],[126.964346,35.1132219],[126.9643604,35.1132166],[126.9643746,35.1132111],[126.9643886,35.1132052],[126.9644022,35.1131988],[126.9644157,35.1131917],[126.9644288,35.1131842],[126.9644416,35.1131763],[126.9644543,35.1131681],[126.9644793,35.1131512],[126.9645163,35.1131254],[126.964639,35.1130382],[126.9646637,35.113021],[126.9646887,35.1130042],[126.9647015,35.1129962],[126.9647144,35.1129885],[126.9647276,35.1129812],[126.9647413,35.1129746],[126.9647556,35.1129687],[126.9647704,35.1129634],[126.9647855,35.1129586],[126.9648163,35.1129499],[126.9648475,35.1129418],[126.9650205,35.1128996],[126.9651776,35.1128609],[126.965727,35.112725],[126.9659781,35.1126625],[126.9660253,35.1126512],[126.9660569,35.1126443],[126.9660727,35.1126413],[126.9660887,35.1126386],[126.9661046,35.1126364],[126.9661206,35.1126346],[126.9661366,35.112633],[126.9661688,35.1126305],[126.9662011,35.1126283],[126.9662657,35.1126245],[126.9664925,35.1126118],[126.9665247,35.1126096],[126.9665406,35.1126083],[126.9665565,35.1126067],[126.9665721,35.1126047],[126.9665874,35.1126022],[126.9666024,35.1125989],[126.9666167,35.1125945],[126.9666304,35.1125888],[126.9666436,35.1125821],[126.9666563,35.1125746],[126.9666687,35.1125665],[126.966681,35.1125581],[126.9667051,35.1125404],[126.9668358,35.11244],[126.9669787,35.1123311],[126.9670136,35.1123034],[126.967025,35.1122939],[126.9670361,35.1122842],[126.967047,35.1122743],[126.9670576,35.1122642],[126.9670782,35.1122436],[126.9671086,35.1122122],[126.9672591,35.112054],[126.9674599,35.1118434],[126.9676413,35.1116542],[126.9676712,35.1116225],[126.9676904,35.111601],[126.9676996,35.1115901],[126.9677083,35.111579],[126.9677165,35.1115676],[126.967724,35.1115557],[126.9677308,35.1115436],[126.9677373,35.1115313],[126.9677493,35.1115063],[126.9677663,35.1114682],[126.9678381,35.1113027],[126.967955,35.1110357]]}},{"type":"Feature","properties":{"slot":"mudeungsan_hiking_trail","sourceCode":"291101901","sourceMountainName":"마집봉","trailName":"","trailLengthKm":"0.09","difficulty":"쉬움","sourceFeatureId":"1","pathIndex":"0"},"geometry":{"type":"LineString","coordinates":[[126.9464039,35.1250097],[126.9473051,35.124786]]}},{"type":"Feature","properties":{"slot":"mudeungsan_hiking_trail","sourceCode":"291101901","sourceMountainName":"마집봉","trailName":"","trailLengthKm":"0.79","difficulty":"쉬움","sourceFeatureId":"2","pathIndex":"0"},"geometry":{"type":"LineString","coordinates":[[126.9480598,35.1102383],[126.9480497,35.1103389],[126.9480461,35.1103702],[126.9480444,35.1103834],[126.9480402,35.1104095],[126.9480376,35.1104225],[126.9480345,35.1104354],[126.9480308,35.110448],[126.9480266,35.1104606],[126.9480221,35.1104731],[126.9480125,35.1104979],[126.9480023,35.1105227],[126.9479868,35.1105599],[126.9479761,35.1105845],[126.947965,35.110609],[126.9479592,35.1106211],[126.947953,35.1106329],[126.9479463,35.1106446],[126.947939,35.1106558],[126.9479308,35.1106666],[126.9479215,35.1106767],[126.9479114,35.1106864],[126.9479006,35.1106956],[126.9478894,35.1107047],[126.947866,35.1107222],[126.9478299,35.1107478],[126.9478057,35.1107641],[126.9477936,35.1107718],[126.9477817,35.1107791],[126.9477698,35.1107856],[126.9477582,35.1107912],[126.9477469,35.1107954],[126.9477359,35.1107978],[126.9477254,35.1107976],[126.9477154,35.1107944],[126.947706,35.1107886],[126.9476969,35.1107811],[126.947688,35.1107723],[126.9476669,35.1107595],[126.9476321,35.1107506],[126.9475294,35.1107766],[126.9473916,35.1108914],[126.9473702,35.1109115],[126.9473495,35.1109319],[126.9473396,35.1109423],[126.9473303,35.1109529],[126.9473216,35.1109637],[126.9473138,35.110975],[126.947307,35.1109866],[126.9473011,35.1109984],[126.9472854,35.1110334],[126.9472798,35.111044],[126.9472736,35.1110535],[126.9472663,35.1110616],[126.9472576,35.1110675],[126.9472475,35.1110708],[126.9472359,35.1110721],[126.9472232,35.111072],[126.9472098,35.111071],[126.9471669,35.111066],[126.9471523,35.1110646],[126.9471376,35.111064],[126.9471229,35.1110644],[126.9471076,35.1110663],[126.9470924,35.1110695],[126.9470773,35.1110736],[126.9470622,35.1110784],[126.9470473,35.1110836],[126.9470176,35.1110951],[126.9469883,35.1111074],[126.9469739,35.1111137],[126.9469598,35.1111203],[126.9469462,35.1111272],[126.9469332,35.1111344],[126.946921,35.1111421],[126.9469102,35.1111505],[126.946901,35.1111598],[126.946894,35.1111701],[126.9468888,35.1111813],[126.9468847,35.1111932],[126.9468815,35.1112055],[126.9468789,35.1112182],[126.9468749,35.1112443],[126.946867,35.1113105],[126.9468633,35.1113368],[126.9468611,35.1113498],[126.9468584,35.1113627],[126.946855,35.1113753],[126.9468508,35.1113876],[126.9468455,35.1113994],[126.9468386,35.1114108],[126.9468306,35.1114218],[126.9468217,35.1114324],[126.9468121,35.1114429],[126.9467919,35.1114633],[126.9467708,35.1114834],[126.9467493,35.1115034],[126.9466633,35.1115833],[126.9466308,35.111613],[126.9466087,35.1116324],[126.9465974,35.1116418],[126.9465858,35.111651],[126.9465738,35.1116599],[126.9465491,35.111677],[126.946511,35.1117017],[126.9462406,35.111871],[126.9461893,35.1119036],[126.9461641,35.1119202],[126.9461395,35.1119374],[126.9461274,35.1119464],[126.9461038,35.111965],[126.9460806,35.111984],[126.9460462,35.1120129],[126.9458407,35.1121867],[126.9450406,35.1128618],[126.9448457,35.1130254],[126.9448229,35.1130448],[126.9448006,35.1130644],[126.9447898,35.1130743],[126.9447793,35.1130845],[126.9447693,35.1130949],[126.9447599,35.1131057],[126.9447516,35.1131165],[126.9447438,35.1131277],[126.9447366,35.1131391],[126.9447296,35.1131507],[126.9447164,35.1131742],[126.9447036,35.1131981],[126.9446659,35.1132698],[126.9446529,35.1132935],[126.9446462,35.1133052],[126.9446393,35.1133168],[126.944632,35.1133282],[126.9446242,35.1133393],[126.9446159,35.1133501],[126.9446066,35.1133606],[126.9445968,35.1133707],[126.9445865,35.1133806],[126.9445649,35.1133998],[126.9445427,35.1134186],[126.9445202,35.1134372],[126.9443616,35.1135672],[126.9443052,35.1136138],[126.9442721,35.1136422],[126.9442614,35.1136519],[126.944251,35.1136618],[126.9442409,35.1136719],[126.9442311,35.1136825],[126.9442217,35.1136934],[126.9442126,35.1137045],[126.9441862,35.1137383],[126.9441434,35.1137955],[126.9440072,35.1139791],[126.94399,35.114002],[126.9439724,35.1140245],[126.9439633,35.1140356],[126.9439539,35.1140464],[126.943944,35.1140569],[126.9439335,35.1140669],[126.9439226,35.1140761],[126.9439111,35.1140848],[126.9438992,35.1140933],[126.9438869,35.1141014],[126.9438744,35.1141094],[126.943849,35.1141249],[126.9438229,35.1141397],[126.9438097,35.1141467],[126.9437963,35.1141533],[126.9437826,35.1141595],[126.9437685,35.114165],[126.9437537,35.1141699],[126.9437384,35.1141741],[126.9437229,35.1141777],[126.9436915,35.1141841],[126.9436436,35.1141925],[126.9434994,35.1142162],[126.9434676,35.114222],[126.9434518,35.114225],[126.9434362,35.1142284],[126.9434207,35.1142321],[126.9434055,35.1142362],[126.9433907,35.1142411],[126.9433762,35.1142467],[126.9433621,35.1142531],[126.9433482,35.1142599],[126.9433346,35.1142671],[126.9433076,35.1142821],[126.9432809,35.1142975],[126.9431345,35.1143837],[126.9428414,35.1145553],[126.9426817,35.1146494],[126.9426548,35.1146646],[126.9426413,35.1146719],[126.9426276,35.1146789],[126.9426137,35.1146854],[126.9425995,35.1146913],[126.942585,35.1146962],[126.9425701,35.1147],[126.9425548,35.114703],[126.9425392,35.1147053],[126.9425234,35.1147071],[126.9425075,35.1147086],[126.9424914,35.1147099],[126.9424592,35.1147121],[126.942265,35.1147232],[126.9420549,35.114736]]}},{"type":"Feature","properties":{"slot":"mudeungsan_hiking_trail","sourceCode":"291101901","sourceMountainName":"마집봉","trailName":"","trailLengthKm":"0.31","difficulty":"쉬움","sourceFeatureId":"3","pathIndex":"0"},"geometry":{"type":"LineString","coordinates":[[126.9491049,35.1077859],[126.9491794,35.1078884],[126.9492478,35.1079817],[126.9492726,35.1080163],[126.9492881,35.1080396],[126.9492952,35.1080514],[126.9493017,35.1080633],[126.9493072,35.1080754],[126.9493114,35.1080877],[126.9493141,35.1081003],[126.9493155,35.1081131],[126.949316,35.1081262],[126.9493159,35.1081393],[126.9493153,35.1081526],[126.9493143,35.1081659],[126.949312,35.1081926],[126.9493,35.1083132],[126.9492953,35.1083532],[126.9492934,35.1083664],[126.9492911,35.1083795],[126.9492882,35.1083924],[126.9492846,35.1084051],[126.94928,35.1084175],[126.949274,35.1084296],[126.949267,35.1084414],[126.9492592,35.1084529],[126.9492509,35.1084643],[126.9492422,35.1084756],[126.949224,35.1084979],[126.9492054,35.1085201],[126.9491114,35.1086308],[126.9490929,35.108653],[126.9490749,35.1086754],[126.9490663,35.1086868],[126.9490581,35.1086983],[126.9490504,35.1087099],[126.9490434,35.1087219],[126.9490374,35.108734],[126.9490322,35.1087464],[126.9490274,35.108759],[126.949023,35.1087717],[126.949015,35.1087974],[126.9490037,35.1088362],[126.9489672,35.108966],[126.9488972,35.1092123],[126.9488858,35.1092511],[126.9488776,35.1092768],[126.9488732,35.1092896],[126.9488685,35.1093023],[126.9488635,35.1093147],[126.9488526,35.1093393],[126.948841,35.1093637],[126.9488172,35.1094124],[126.948787,35.1094731],[126.9487685,35.1095094],[126.9487556,35.1095332],[126.9487487,35.109545],[126.9487414,35.1095565],[126.9487336,35.1095678],[126.948725,35.1095789],[126.9487158,35.1095898],[126.9487061,35.1096005],[126.9486962,35.109611],[126.9486758,35.1096318],[126.9486446,35.1096627],[126.9484876,35.1098167],[126.9480598,35.1102383]]}},{"type":"Feature","properties":{"slot":"mudeungsan_hiking_trail","sourceCode":"291101901","sourceMountainName":"마집봉","trailName":"운림동구간","trailLengthKm":"0.53","difficulty":"쉬움","sourceFeatureId":"4","pathIndex":"0"},"geometry":{"type":"LineString","coordinates":[[126.9728212,35.1196357],[126.972822,35.1196262],[126.9728268,35.1195508],[126.9728296,35.1195167],[126.9728311,35.119502],[126.9728328,35.1194888],[126.9728349,35.1194757],[126.9728376,35.1194628],[126.972841,35.11945],[126.9728454,35.1194376],[126.9728509,35.1194257],[126.9728574,35.1194141],[126.9728645,35.1194027],[126.972872,35.1193914],[126.972888,35.119369],[126.9729381,35.1193023],[126.9729543,35.1192799],[126.972962,35.1192686],[126.9729694,35.1192572],[126.9729764,35.1192456],[126.9729826,35.1192338],[126.9729883,35.1192214],[126.9729932,35.1192088],[126.9729977,35.119196],[126.9730057,35.1191702],[126.9730243,35.119105],[126.9730326,35.1190792],[126.9730373,35.1190665],[126.9730425,35.1190539],[126.9730484,35.1190418],[126.9730547,35.1190298],[126.9730615,35.119018],[126.9730686,35.1190062],[126.9730835,35.118983],[126.973099,35.11896],[126.973107,35.1189487],[126.9731152,35.1189374],[126.9731237,35.1189264],[126.9731326,35.1189155],[126.9731419,35.118905],[126.9731518,35.118895],[126.9731622,35.1188852],[126.9731839,35.1188664],[126.9732178,35.1188389],[126.973287,35.1187848],[126.9733098,35.1187667],[126.973332,35.1187483],[126.9733426,35.1187389],[126.9733527,35.1187293],[126.973362,35.1187195],[126.9733705,35.1187093],[126.9733775,35.1186985],[126.9733831,35.1186871],[126.9733872,35.1186751],[126.9733904,35.1186628],[126.9733929,35.1186502],[126.9733948,35.1186374],[126.9733964,35.1186244],[126.9734001,35.1185852],[126.9734081,35.1184799],[126.9734126,35.1184273],[126.9734153,35.1184011],[126.9734169,35.1183881],[126.9734188,35.1183751],[126.973421,35.1183622],[126.9734238,35.1183494],[126.9734274,35.1183367],[126.9734317,35.1183242],[126.9734368,35.1183119],[126.9734425,35.1182997],[126.9734548,35.1182754],[126.9734879,35.1182152],[126.9735007,35.1181912],[126.9735067,35.1181792],[126.973512,35.1181672],[126.9735167,35.1181554],[126.9735202,35.1181436],[126.9735222,35.1181319],[126.9735221,35.1181204],[126.9735195,35.118109],[126.9735147,35.1180978],[126.9735084,35.1180867],[126.973501,35.1180757],[126.9734928,35.1180648],[126.973484,35.118054],[126.9734748,35.1180433],[126.9734652,35.1180328],[126.9734554,35.1180224],[126.9734452,35.1180124],[126.9734347,35.1180027],[126.9734237,35.1179936],[126.9734122,35.1179853],[126.9733998,35.1179781],[126.9733864,35.1179722],[126.9733721,35.1179674],[126.9733573,35.1179634],[126.973342,35.11796],[126.9733265,35.117957],[126.9732948,35.1179517],[126.9731988,35.1179376],[126.9731674,35.1179323],[126.973152,35.1179292],[126.973137,35.1179257],[126.9731225,35.1179216],[126.9731086,35.1179166],[126.9730958,35.1179105],[126.973084,35.117903],[126.9730733,35.1178943],[126.9730632,35.1178848],[126.9730537,35.1178748],[126.9730444,35.1178642],[126.9730355,35.1178534],[126.973018,35.1178312],[126.9729752,35.1177747],[126.9729578,35.1177523],[126.9729398,35.1177306],[126.9729303,35.1177201],[126.9729205,35.11771],[126.9729101,35.1177006],[126.9728988,35.1176919],[126.9728866,35.1176842],[126.9728735,35.1176773],[126.9728599,35.1176709],[126.9728459,35.117665],[126.9728315,35.1176593],[126.9728023,35.1176486],[126.9727726,35.1176382],[126.9723708,35.1175],[126.9723264,35.1174844],[126.9722975,35.1174734],[126.9722833,35.1174675],[126.9722696,35.1174612],[126.9722563,35.1174544],[126.9722439,35.1174469],[126.9722322,35.1174384],[126.9722213,35.1174292],[126.9722109,35.1174194],[126.9722009,35.1174092],[126.9721912,35.1173988],[126.9721817,35.1173882],[126.972163,35.1173666],[126.9720613,35.1172464],[126.9719224,35.117083],[126.9718944,35.1170505],[126.9718754,35.1170291],[126.9718557,35.1170082],[126.9718454,35.1169981],[126.9718347,35.1169884],[126.9718232,35.1169789],[126.9718113,35.1169698],[126.971799,35.116961],[126.9717738,35.1169438],[126.9717481,35.116927],[126.9715926,35.1168274],[126.9713338,35.1166609],[126.9711913,35.1165696],[126.9711655,35.1165529],[126.9711399,35.116536],[126.9711148,35.1165186],[126.9711026,35.1165097],[126.9710907,35.1165005],[126.9710797,35.1164913],[126.9710691,35.1164819],[126.9710586,35.1164722],[126.9710382,35.1164526],[126.9710181,35.1164326],[126.9709584,35.1163724],[126.9709382,35.1163526],[126.9709279,35.1163429],[126.9709175,35.1163333],[126.9709068,35.116324],[126.9708957,35.1163151],[126.9708841,35.1163068],[126.9708717,35.116299],[126.9708587,35.1162917],[126.9708453,35.1162849],[126.9708314,35.1162784],[126.9708156,35.1162713],[126.9707789,35.116256],[126.9706882,35.1162197]]}},{"type":"Feature","properties":{"slot":"mudeungsan_hiking_trail","sourceCode":"291101901","sourceMountainName":"마집봉","trailName":"","trailLengthKm":"0.72","difficulty":"쉬움","sourceFeatureId":"5","pathIndex":"0"},"geometry":{"type":"LineString","coordinates":[[126.9759711,35.1132696],[126.9760743,35.1134074],[126.9760912,35.1134304],[126.9761077,35.1134535],[126.9761156,35.1134652],[126.976123,35.113477],[126.9761299,35.1134889],[126.9761361,35.113501],[126.9761411,35.1135133],[126.9761447,35.1135256],[126.9761474,35.113538],[126.9761493,35.1135507],[126.9761507,35.1135635],[126.9761518,35.1135764],[126.9761531,35.1136023],[126.9761541,35.1136413],[126.976154,35.1136674],[126.9761536,35.1136803],[126.9761528,35.1136932],[126.9761516,35.1137061],[126.9761497,35.1137189],[126.9761471,35.1137314],[126.9761439,35.1137437],[126.9761402,35.1137561],[126.976132,35.1137806],[126.9761146,35.1138295],[126.9761068,35.1138538],[126.9761036,35.113866],[126.976101,35.1138782],[126.9760994,35.1138903],[126.9760991,35.1139024],[126.9761003,35.1139148],[126.9761029,35.1139272],[126.9761065,35.1139396],[126.9761108,35.113952],[126.9761156,35.1139644],[126.9761262,35.1139891],[126.9761375,35.1140139],[126.9761848,35.1141131],[126.9762018,35.1141502],[126.976207,35.1141624],[126.9762118,35.1141745],[126.9762158,35.1141863],[126.9762189,35.1141978],[126.9762206,35.1142088],[126.9762204,35.1142192],[126.9762175,35.1142288],[126.9762114,35.1142374],[126.9762025,35.1142451],[126.9761917,35.1142522],[126.9761794,35.1142589],[126.9761662,35.1142652],[126.9761523,35.1142712],[126.9761379,35.1142772],[126.9761084,35.1142888],[126.975959,35.1143465],[126.9759292,35.1143574],[126.9759143,35.1143624],[126.9758994,35.1143669],[126.9758844,35.1143709],[126.9758693,35.1143739],[126.9758541,35.1143757],[126.9758388,35.114376],[126.9758235,35.1143752],[126.9758081,35.1143734],[126.9757925,35.114371],[126.975777,35.1143683],[126.9757146,35.1143555],[126.9756991,35.1143526],[126.9756837,35.1143499],[126.9756683,35.1143478],[126.9756532,35.1143464],[126.9756382,35.1143461],[126.9756235,35.1143472],[126.9756091,35.1143501],[126.9755949,35.1143544],[126.975581,35.1143598],[126.9755673,35.114366],[126.9755536,35.1143727],[126.9755265,35.114387],[126.9754996,35.1144021],[126.9753651,35.1144787],[126.9751498,35.1146003],[126.9751227,35.1146152],[126.9750954,35.1146296],[126.9750815,35.1146365],[126.9750674,35.1146431],[126.9750531,35.1146492],[126.9750388,35.1146546],[126.9750243,35.1146595],[126.9749948,35.1146686],[126.9749649,35.114677],[126.9749348,35.1146851],[126.9748441,35.1147088],[126.9747986,35.1147199],[126.9747834,35.1147233],[126.9747682,35.1147263],[126.9747528,35.114729],[126.9747374,35.114731],[126.9747217,35.1147323],[126.9747058,35.1147331],[126.9746899,35.1147334],[126.9746739,35.1147334],[126.9746418,35.1147328],[126.9745936,35.1147312],[126.9743845,35.1147234],[126.9743364,35.1147209],[126.9743205,35.1147197],[126.9743045,35.1147183],[126.9742887,35.1147164],[126.9742727,35.1147141],[126.9742567,35.1147113],[126.9742408,35.1147083],[126.974225,35.114705],[126.9741933,35.1146981],[126.9740986,35.1146765],[126.974067,35.1146699],[126.9740513,35.1146669],[126.9740356,35.1146644],[126.9740199,35.1146625],[126.9740043,35.1146613],[126.9739887,35.1146613],[126.973974,35.1146625],[126.9739594,35.1146647],[126.9739449,35.1146676],[126.9739304,35.1146711],[126.9739014,35.1146791],[126.9738435,35.1146965],[126.9738143,35.1147049],[126.9737997,35.1147087],[126.9737849,35.1147123],[126.9737701,35.1147153],[126.9737547,35.1147178],[126.9737392,35.1147199],[126.9737079,35.114723],[126.9736607,35.1147264],[126.9736133,35.1147291],[126.9735659,35.1147314],[126.9735344,35.1147325],[126.9735187,35.1147327],[126.973503,35.1147326],[126.9734874,35.114732],[126.9734718,35.1147309],[126.973456,35.114729],[126.9734403,35.1147265],[126.9734246,35.1147235],[126.9733934,35.1147167],[126.9733623,35.1147092],[126.9733313,35.1147014],[126.9731295,35.1146498],[126.9730984,35.1146421],[126.9730673,35.1146351],[126.9730517,35.1146319],[126.973036,35.1146292],[126.9730204,35.114627],[126.9730046,35.1146257],[126.972989,35.1146253],[126.9729733,35.1146256],[126.9729575,35.1146266],[126.9729417,35.1146279],[126.9729101,35.1146313],[126.9728784,35.1146353],[126.9727514,35.1146524],[126.9726877,35.1146607],[126.9726239,35.1146688],[126.9724959,35.1146845],[126.9724648,35.114689],[126.9724498,35.1146915],[126.9724355,35.1146945],[126.972422,35.114698],[126.9724097,35.1147022],[126.9723991,35.1147075],[126.9723909,35.1147142],[126.9723854,35.1147226],[126.9723821,35.1147325],[126.9723803,35.1147433],[126.9723795,35.1147548],[126.972379,35.1147791],[126.9723785,35.1147915],[126.9723772,35.1148038],[126.9723747,35.114816],[126.9723707,35.1148279],[126.9723653,35.1148395],[126.972359,35.114851],[126.9723519,35.1148623],[126.9723443,35.1148735],[126.9723281,35.1148958],[126.9723026,35.1149289],[126.9722679,35.1149728],[126.9722503,35.1149945],[126.9722324,35.1150158],[126.9722231,35.1150261],[126.9722136,35.115036],[126.9722036,35.1150455],[126.972193,35.1150544],[126.9721815,35.1150623],[126.9721686,35.1150694],[126.9721549,35.1150755],[126.9721404,35.115081],[126.9721256,35.1150859],[126.9721104,35.1150905],[126.972095,35.1150949],[126.9720168,35.1151155],[126.9719858,35.1151242],[126.9719704,35.1151288],[126.9719552,35.1151338],[126.9719403,35.1151391],[126.971926,35.1151449],[126.9719119,35.1151511],[126.9718843,35.1151643],[126.9718435,35.1151851],[126.9717625,35.1152279],[126.971709,35.1152569],[126.9716827,35.115272],[126.9716699,35.1152797],[126.9716573,35.1152878],[126.971645,35.1152963],[126.9716212,35.115314],[126.971598,35.1153323],[126.9715751,35.1153509],[126.9714272,35.1154729],[126.9712563,35.1156133],[126.9712225,35.1156417],[126.9712006,35.115661],[126.9711899,35.1156709],[126.9711794,35.1156812],[126.9711589,35.1157021],[126.9711291,35.1157342],[126.9706882,35.1162197]]}},{"type":"Feature","properties":{"slot":"mudeungsan_hiking_trail","sourceCode":"291101901","sourceMountainName":"마집봉","trailName":"","trailLengthKm":"0.63","difficulty":"쉬움","sourceFeatureId":"6","pathIndex":"0"},"geometry":{"type":"LineString","coordinates":[[126.9517551,35.1211199],[126.9515856,35.121638],[126.9515183,35.1218454],[126.9515096,35.1218713],[126.9515004,35.1218969],[126.9514955,35.1219096],[126.9514902,35.1219222],[126.9514844,35.1219347],[126.9514781,35.1219468],[126.9514713,35.1219587],[126.9514641,35.1219705],[126.9514491,35.1219939],[126.9514179,35.1220403],[126.9512521,35.1222833],[126.951229,35.1223183],[126.9512142,35.1223418],[126.9512072,35.1223537],[126.9512004,35.122366],[126.9511876,35.1223908],[126.9511693,35.1224284],[126.9509858,35.1228192],[126.9509619,35.1228696],[126.9509433,35.1229071],[126.9509368,35.1229195],[126.9509231,35.1229439],[126.9509088,35.1229681],[126.9508796,35.1230162],[126.95085,35.1230642],[126.9508348,35.123088],[126.950819,35.1231114],[126.9508107,35.1231229],[126.950802,35.1231342],[126.9507927,35.1231453],[126.950783,35.1231561],[126.9507627,35.1231772],[126.9507313,35.1232084],[126.9505929,35.1233422],[126.950476,35.1234556],[126.9504019,35.123528],[126.9503068,35.1236216],[126.9502855,35.123642],[126.9502746,35.1236519],[126.9502635,35.1236615],[126.9502522,35.1236707],[126.9502405,35.1236792],[126.9502282,35.1236869],[126.9502151,35.1236934],[126.950202,35.1236982],[126.9501882,35.1237019],[126.9501738,35.1237048],[126.9501591,35.1237072],[126.9501442,35.1237092],[126.9500835,35.1237161],[126.9500685,35.1237182],[126.9500536,35.1237206],[126.950039,35.1237237],[126.9500247,35.1237275],[126.9500106,35.1237323],[126.9499968,35.123738],[126.9499833,35.1237443],[126.9499701,35.123751],[126.949957,35.1237581],[126.949944,35.1237654],[126.9499181,35.1237805],[126.9498412,35.1238267],[126.9498155,35.1238416],[126.9498025,35.1238487],[126.9497895,35.1238554],[126.9497763,35.1238616],[126.949763,35.1238671],[126.9497494,35.1238716],[126.9497355,35.1238746],[126.9497207,35.1238761],[126.9497056,35.123876],[126.9496902,35.1238749],[126.9496746,35.123873],[126.949659,35.1238706],[126.9496274,35.1238647],[126.949532,35.1238446],[126.9495002,35.1238383],[126.9494844,35.1238354],[126.9494687,35.1238329],[126.949453,35.1238309],[126.9494375,35.1238296],[126.9494221,35.1238292],[126.949407,35.1238302],[126.9493923,35.1238328],[126.9493778,35.1238366],[126.9493635,35.1238415],[126.9493493,35.123847],[126.9493351,35.123853],[126.9493071,35.1238659],[126.9492791,35.1238794],[126.9491395,35.1239479],[126.9489854,35.1240221],[126.9489577,35.1240359],[126.9489441,35.124043],[126.9489306,35.1240502],[126.9489175,35.1240578],[126.9489048,35.1240657],[126.9488926,35.1240741],[126.9488812,35.1240831],[126.9488704,35.1240925],[126.94886,35.1241023],[126.9488499,35.1241125],[126.9488303,35.1241332],[126.9487824,35.1241862],[126.9487632,35.1242072],[126.9487434,35.1242276],[126.9487331,35.1242374],[126.9487225,35.1242467],[126.9487113,35.1242553],[126.9486994,35.1242631],[126.9486862,35.1242699],[126.9486722,35.1242757],[126.9486576,35.1242808],[126.9486426,35.1242854],[126.9486273,35.1242896],[126.9486118,35.1242935],[126.9485803,35.124301],[126.9485433,35.1243092],[126.9484324,35.1243333],[126.9484211,35.124336],[126.9483237,35.1243348],[126.9482649,35.1243346],[126.9482334,35.1243353],[126.948218,35.1243361],[126.9482028,35.1243373],[126.9481876,35.1243391],[126.9481727,35.1243416],[126.9481577,35.1243451],[126.9481428,35.1243494],[126.9481281,35.1243542],[126.9481135,35.1243594],[126.948099,35.1243649],[126.9480701,35.1243763],[126.9479117,35.1244413],[126.9477243,35.1245175],[126.9476957,35.1245295],[126.9476816,35.1245357],[126.9476676,35.1245421],[126.9476538,35.1245487],[126.9476403,35.1245557],[126.9476271,35.1245632],[126.9476141,35.124571],[126.9476013,35.1245791],[126.9475887,35.1245874],[126.9475638,35.1246043],[126.9474696,35.1246705],[126.9473051,35.124786]]}},{"type":"Feature","properties":{"slot":"mudeungsan_hiking_trail","sourceCode":"291101901","sourceMountainName":"마집봉","trailName":"소태동구간","trailLengthKm":"1.06","difficulty":"쉬움","sourceFeatureId":"7","pathIndex":"0"},"geometry":{"type":"LineString","coordinates":[[126.9473051,35.124786],[126.9472165,35.1248298],[126.9470949,35.1248893],[126.9470532,35.1249103],[126.9470261,35.1249248],[126.9470131,35.1249325],[126.9470005,35.1249405],[126.9469887,35.124949],[126.9469778,35.1249582],[126.9469683,35.1249681],[126.9469597,35.1249787],[126.9469518,35.1249898],[126.9469443,35.1250012],[126.9469371,35.1250129],[126.9469302,35.1250247],[126.9469168,35.1250487],[126.9468976,35.125085],[126.9468858,35.1251092],[126.9468804,35.1251214],[126.9468757,35.1251335],[126.9468719,35.1251456],[126.9468693,35.1251577],[126.9468684,35.1251698],[126.9468695,35.1251818],[126.9468723,35.1251938],[126.9468764,35.1252058],[126.9468813,35.1252178],[126.9468869,35.1252298],[126.9468929,35.1252418],[126.9469056,35.1252658],[126.9469319,35.1253139],[126.9469444,35.125338],[126.9469501,35.1253501],[126.9469555,35.1253624],[126.9469602,35.1253747],[126.946964,35.1253871],[126.9469669,35.1254002],[126.9469688,35.1254134],[126.9469702,35.1254267],[126.946971,35.1254401],[126.9469718,35.125467],[126.946972,35.125494],[126.9469713,35.1256698],[126.9469708,35.1260889],[126.9469715,35.1261294],[126.9469729,35.1261564],[126.9469742,35.1261698],[126.9469759,35.1261829],[126.9469803,35.1262092],[126.9469856,35.1262353],[126.9469913,35.1262615],[126.9470625,35.1265748],[126.9471017,35.1267447],[126.947107,35.1267707],[126.9471093,35.1267838],[126.9471112,35.1267967],[126.9471124,35.1268097],[126.9471128,35.1268225],[126.9471121,35.1268353],[126.9471101,35.1268478],[126.9471069,35.1268603],[126.947103,35.1268726],[126.9470984,35.126885],[126.9470935,35.1268973],[126.9470613,35.126971],[126.9470563,35.1269834],[126.9470516,35.1269958],[126.9470475,35.1270083],[126.9470439,35.1270209],[126.9470411,35.127034],[126.947039,35.1270471],[126.9470375,35.1270604],[126.9470362,35.1270737],[126.9470338,35.1271139],[126.9470318,35.1271676],[126.9470269,35.1273154],[126.9470259,35.1273422],[126.9470244,35.127369],[126.9470222,35.1273957],[126.9470206,35.1274089],[126.9470183,35.127422],[126.9470153,35.127435],[126.9470113,35.1274475],[126.9470066,35.1274599],[126.9470014,35.1274722],[126.9469898,35.1274966],[126.9469774,35.1275208],[126.9469646,35.127545],[126.9469383,35.127593],[126.9469244,35.1276167],[126.9469171,35.1276283],[126.9469095,35.1276398],[126.9469013,35.1276509],[126.9468923,35.1276621],[126.9468827,35.1276729],[126.9468625,35.127694],[126.9468308,35.127725],[126.9466803,35.1278682],[126.9462192,35.1283084],[126.9461876,35.1283395],[126.9461674,35.1283607],[126.9461578,35.1283715],[126.9461488,35.1283824],[126.9461401,35.1283935],[126.9461234,35.128416],[126.9460992,35.1284503],[126.945988,35.1286115],[126.9458922,35.1287495],[126.9458764,35.1287725],[126.9458609,35.1287957],[126.9458463,35.1288192],[126.9458396,35.1288311],[126.9458334,35.1288432],[126.9458279,35.1288554],[126.9458234,35.128868],[126.9458196,35.1288807],[126.9458164,35.1288937],[126.9458135,35.1289067],[126.9458032,35.1289586],[126.9458003,35.1289713],[126.945797,35.1289836],[126.945793,35.1289954],[126.9457881,35.1290065],[126.945782,35.1290166],[126.9457741,35.1290253],[126.9457638,35.1290326],[126.9457516,35.1290384],[126.9457382,35.1290432],[126.9457237,35.1290473],[126.9457086,35.1290508],[126.9456931,35.129054],[126.9456612,35.1290598],[126.9454658,35.1290913],[126.9454334,35.1290967],[126.9454012,35.1291024],[126.9453854,35.1291055],[126.9453697,35.1291089],[126.9453543,35.1291127],[126.9453394,35.129117],[126.9453251,35.1291221],[126.9453117,35.1291283],[126.9452993,35.1291357],[126.9452877,35.1291443],[126.9452768,35.1291536],[126.9452663,35.1291634],[126.9452561,35.1291737],[126.9452461,35.1291842],[126.9451871,35.1292488],[126.945177,35.1292594],[126.9451667,35.1292697],[126.9451561,35.1292797],[126.9451449,35.1292892],[126.9451332,35.1292981],[126.9451208,35.1293062],[126.9451077,35.1293136],[126.9450943,35.1293206],[126.9450804,35.1293273],[126.9450522,35.1293401],[126.9450235,35.1293524],[126.9448643,35.129419],[126.9445177,35.1295648],[126.9444601,35.1295893],[126.9444318,35.1296021],[126.9444179,35.1296088],[126.9444042,35.1296158],[126.9443908,35.1296231],[126.9443779,35.1296309],[126.9443654,35.1296392],[126.9443409,35.1296564],[126.9443051,35.1296833],[126.94414,35.1298109],[126.943833,35.1300476],[126.9437974,35.1300748],[126.9437735,35.1300926],[126.943749,35.1301099],[126.9437364,35.1301182],[126.9437236,35.1301261],[126.9437106,35.1301339],[126.9436842,35.1301488],[126.9436439,35.1301707],[126.9434816,35.1302568],[126.943333,35.130336],[126.9432786,35.1303643],[126.9432511,35.1303779],[126.9432371,35.1303844],[126.9432227,35.1303908],[126.9431934,35.1304029],[126.9431341,35.1304261],[126.9428211,35.130545],[126.9426568,35.130607],[126.9426271,35.1306185],[126.9425978,35.1306304],[126.9425834,35.1306366],[126.9425693,35.1306431],[126.9425555,35.1306501],[126.9425423,35.1306576],[126.9425301,35.1306657],[126.9425184,35.1306744],[126.9425071,35.1306834],[126.942496,35.1306928],[126.9424852,35.1307024],[126.9424638,35.1307219],[126.9423903,35.1307918],[126.9423691,35.1308115],[126.9423475,35.1308307],[126.9423363,35.1308399],[126.9423248,35.1308486],[126.9423129,35.1308568],[126.9423004,35.1308642],[126.942287,35.1308707],[126.942273,35.1308764],[126.9422585,35.1308814],[126.9422438,35.1308861],[126.9422287,35.1308904],[126.9422136,35.1308945],[126.9421829,35.1309021],[126.9421674,35.1309056],[126.9421519,35.1309088],[126.9421363,35.1309117],[126.9421207,35.1309141],[126.9421049,35.130916],[126.9420891,35.1309172],[126.9420732,35.1309178],[126.9420572,35.1309179],[126.9420411,35.1309178],[126.942009,35.1309169],[126.9419607,35.1309149],[126.9418157,35.1309081],[126.9417836,35.1309068],[126.9417515,35.1309059],[126.9417355,35.1309057],[126.9417196,35.1309058],[126.9417038,35.1309063],[126.9416881,35.1309074],[126.9416725,35.1309093],[126.9416571,35.1309121],[126.9416418,35.1309158],[126.9416267,35.13092],[126.9416116,35.1309247],[126.9415967,35.1309296],[126.9415668,35.1309401],[126.9415369,35.130951],[126.9413872,35.1310072],[126.9413576,35.131018],[126.941343,35.131023],[126.9413288,35.1310276],[126.941315,35.1310316],[126.9413019,35.1310346],[126.9412897,35.1310364],[126.9412788,35.1310364],[126.9412698,35.1310339],[126.9412631,35.1310287],[126.941258,35.1310211],[126.9412542,35.1310118],[126.9412513,35.1310013],[126.941249,35.1309899],[126.941247,35.1309779],[126.9412413,35.1309404],[126.9412388,35.1309279],[126.9412357,35.1309157],[126.9412317,35.1309038],[126.9412263,35.1308924],[126.9412191,35.1308816],[126.9412106,35.1308713],[126.941201,35.1308615],[126.9411761,35.1308544],[126.9411449,35.1308475],[126.9411219,35.1308296],[126.9410862,35.1308032],[126.9409156,35.1306792]]}},{"type":"Feature","properties":{"slot":"mudeungsan_hiking_trail","sourceCode":"291101901","sourceMountainName":"마집봉","trailName":"","trailLengthKm":"0.36","difficulty":"쉬움","sourceFeatureId":"8","pathIndex":"0"},"geometry":{"type":"LineString","coordinates":[[126.9520711,35.1210699],[126.952139,35.120952],[126.9521602,35.1209168],[126.9521751,35.1208938],[126.9521829,35.1208826],[126.9521912,35.1208715],[126.9522003,35.1208604],[126.9522098,35.1208495],[126.9522297,35.1208282],[126.9522605,35.1207967],[126.9523543,35.1207029],[126.9523858,35.1206718],[126.952407,35.1206513],[126.9524179,35.1206412],[126.9524289,35.1206313],[126.9524402,35.1206216],[126.9524517,35.1206122],[126.9524635,35.1206031],[126.9524754,35.1205941],[126.9524998,35.1205765],[126.9525492,35.1205418],[126.9526739,35.1204558],[126.9526984,35.1204384],[126.9527103,35.1204296],[126.9527218,35.1204206],[126.9527328,35.1204113],[126.9527431,35.1204018],[126.9527523,35.1203918],[126.95276,35.1203812],[126.952766,35.1203698],[126.9527706,35.1203579],[126.9527741,35.1203454],[126.9527769,35.1203327],[126.9527791,35.1203197],[126.952781,35.1203066],[126.9527854,35.1202667],[126.9528074,35.1200395],[126.9528118,35.1199996],[126.9528154,35.1199731],[126.9528176,35.11996],[126.9528202,35.119947],[126.9528235,35.1199342],[126.9528276,35.1199215],[126.9528328,35.1199092],[126.9528389,35.119897],[126.9528455,35.119885],[126.9528526,35.1198731],[126.95286,35.1198613],[126.9528755,35.1198378],[126.9529709,35.1196975],[126.9531212,35.1194753],[126.9532007,35.1193584],[126.953232,35.1193115],[126.9532469,35.1192878],[126.9532538,35.1192759],[126.9532603,35.1192637],[126.9532662,35.1192514],[126.9532713,35.1192389],[126.9532757,35.1192262],[126.9532797,35.1192134],[126.9532834,35.1192004],[126.9532932,35.1191612],[126.9533476,35.1189249],[126.9535248,35.1181638]]}},{"type":"Feature","properties":{"slot":"mudeungsan_hiking_trail","sourceCode":"291101901","sourceMountainName":"마집봉","trailName":"월남동구간","trailLengthKm":"0.58","difficulty":"중간","sourceFeatureId":"9","pathIndex":"0"},"geometry":{"type":"LineString","coordinates":[[126.9586048,35.0997027],[126.958567,35.0996959],[126.9585301,35.0996888],[126.9585101,35.0996846],[126.9584904,35.0996801],[126.9584717,35.0996752],[126.958455,35.09967],[126.9584408,35.0996646],[126.9584273,35.0996583],[126.9584141,35.0996513],[126.9584012,35.0996438],[126.9583761,35.0996279],[126.9583512,35.0996114],[126.9582651,35.0995521],[126.9581417,35.0994662],[126.9581171,35.0994495],[126.9581048,35.0994416],[126.9580926,35.0994341],[126.9580805,35.0994273],[126.9580686,35.0994214],[126.9580568,35.0994168],[126.9580453,35.0994141],[126.9580341,35.0994138],[126.9580235,35.0994165],[126.9580133,35.0994216],[126.9580033,35.0994286],[126.9579935,35.0994368],[126.9579838,35.099446],[126.9579743,35.0994557],[126.9579273,35.099507],[126.9579181,35.0995165],[126.9579089,35.0995253],[126.9578997,35.0995329],[126.9578907,35.0995391],[126.9578819,35.0995432],[126.9578732,35.0995444],[126.9578651,35.0995425],[126.9578572,35.0995381],[126.9578494,35.0995318],[126.9578416,35.0995242],[126.9578175,35.0994983],[126.957809,35.0994898],[126.9578,35.099482],[126.9577903,35.0994753],[126.9577798,35.0994702],[126.9577674,35.0994668],[126.9577539,35.0994654],[126.9577397,35.0994654],[126.957725,35.0994663],[126.9577099,35.099468],[126.9576946,35.0994702],[126.9576791,35.0994728],[126.957632,35.0994816],[126.9575217,35.0995035],[126.9573802,35.0995309],[126.957349,35.0995372],[126.957318,35.0995442],[126.9573028,35.099548],[126.9572877,35.0995523],[126.957273,35.0995571],[126.9572583,35.0995626],[126.957244,35.0995687],[126.9572298,35.0995752],[126.9572019,35.0995891],[126.9571606,35.099611],[126.9570647,35.0996632],[126.9570372,35.0996774],[126.9570234,35.0996842],[126.9570096,35.0996905],[126.9569957,35.0996962],[126.9569817,35.0997009],[126.9569677,35.0997044],[126.9569535,35.0997061],[126.9569395,35.0997058],[126.9569255,35.0997038],[126.9569113,35.0997006],[126.956897,35.0996965],[126.9568827,35.0996917],[126.9568684,35.0996866],[126.9568539,35.099681],[126.9567673,35.0996459],[126.9567388,35.099635],[126.9567249,35.0996301],[126.9567114,35.0996259],[126.9566983,35.0996226],[126.956686,35.0996206],[126.9566747,35.0996203],[126.9566648,35.0996224],[126.9566563,35.0996277],[126.9566493,35.0996354],[126.9566433,35.0996449],[126.9566382,35.0996557],[126.9566336,35.0996675],[126.9566295,35.0996798],[126.9566257,35.0996925],[126.9566225,35.0997054],[126.9566196,35.0997183],[126.9566175,35.0997311],[126.9566162,35.0997437],[126.9566161,35.0997558],[126.9566178,35.0997673],[126.9566217,35.099778],[126.9566285,35.0997876],[126.9566375,35.0997963],[126.9566482,35.0998045],[126.9566601,35.0998121],[126.9566728,35.0998195],[126.9566861,35.0998266],[126.9566997,35.0998335],[126.9567277,35.0998471],[126.9568412,35.0999007],[126.9569679,35.0999609],[126.95701,35.099981],[126.9570378,35.0999946],[126.957065,35.1000087],[126.9570783,35.100016],[126.9570911,35.1000237],[126.9571035,35.1000318],[126.9571151,35.1000405],[126.9571258,35.10005],[126.9571358,35.1000601],[126.9571452,35.1000707],[126.9571543,35.1000816],[126.9571631,35.1000927],[126.9571802,35.1001154],[126.9572558,35.1002197],[126.9573246,35.1003129],[126.9573407,35.1003355],[126.9573481,35.1003465],[126.9573546,35.1003569],[126.95736,35.1003667],[126.9573637,35.1003756],[126.957365,35.1003831],[126.9573631,35.1003889],[126.9573572,35.1003924],[126.957348,35.1003941],[126.9573365,35.1003945],[126.9573232,35.1003939],[126.9573088,35.1003926],[126.9572777,35.1003889],[126.9572452,35.1003844],[126.9569335,35.1003387],[126.9568847,35.100332],[126.9568523,35.1003284],[126.9568362,35.1003271],[126.9568201,35.1003263],[126.9568043,35.1003264],[126.9567886,35.1003275],[126.9567735,35.10033],[126.9567587,35.1003335],[126.9567439,35.1003377],[126.9567293,35.1003425],[126.9567148,35.1003478],[126.9567004,35.1003533],[126.9566721,35.1003652],[126.9566582,35.1003714],[126.9566447,35.1003779],[126.9566317,35.1003848],[126.9566193,35.1003921],[126.9566079,35.1004001],[126.9565978,35.100409],[126.9565891,35.1004191],[126.9565817,35.1004301],[126.9565753,35.1004417],[126.9565696,35.1004538],[126.9565643,35.1004662],[126.9565594,35.1004788],[126.9565502,35.1005044],[126.9565016,35.1006468],[126.9564475,35.1008015],[126.9564201,35.1008792],[126.9564011,35.1009306],[126.9563912,35.1009555],[126.956386,35.1009675],[126.9563807,35.1009791],[126.9563751,35.1009901],[126.9563694,35.1010001],[126.9563633,35.101009],[126.9563542,35.1010202],[126.9563045,35.1010349],[126.9560598,35.1009338],[126.9560328,35.1009194],[126.9560056,35.1009053],[126.9559781,35.1008919],[126.9559641,35.1008857],[126.9559499,35.10088],[126.9559354,35.1008749],[126.9559204,35.1008706],[126.9559052,35.1008669],[126.9558897,35.1008638],[126.9558741,35.100861],[126.9558425,35.1008561],[126.9557947,35.1008495],[126.9555713,35.1008197],[126.9552048,35.1007697]]}},{"type":"Feature","properties":{"slot":"mudeungsan_hiking_trail","sourceCode":"291101901","sourceMountainName":"마집봉","trailName":"","trailLengthKm":"0.06","difficulty":"쉬움","sourceFeatureId":"10","pathIndex":"0"},"geometry":{"type":"LineString","coordinates":[[126.9532708,35.1052198],[126.9533257,35.1053551],[126.9533686,35.1054592],[126.953381,35.1054904],[126.9533884,35.1055112],[126.9533914,35.1055215],[126.9533939,35.1055319],[126.9533955,35.1055422],[126.9533958,35.1055525],[126.9533946,35.1055627],[126.9533922,35.1055729],[126.9533888,35.105583],[126.9533848,35.1055931],[126.9533802,35.1056032],[126.9533703,35.1056234],[126.9533596,35.1056436],[126.9533085,35.1057372],[126.9533048,35.1057443]]}},{"type":"Feature","properties":{"slot":"mudeungsan_hiking_trail","sourceCode":"291101901","sourceMountainName":"마집봉","trailName":"","trailLengthKm":"0.31","difficulty":"쉬움","sourceFeatureId":"11","pathIndex":"0"},"geometry":{"type":"LineString","coordinates":[[126.9491049,35.1077859],[126.9493112,35.1078182],[126.9493589,35.1078252],[126.9493906,35.107829],[126.9494065,35.1078304],[126.9494224,35.1078313],[126.9494383,35.1078316],[126.9494537,35.107831],[126.949469,35.1078297],[126.9494843,35.107828],[126.9494996,35.1078259],[126.9495148,35.1078235],[126.9495299,35.1078208],[126.949545,35.1078179],[126.9495599,35.1078146],[126.9495746,35.107811],[126.949589,35.107807],[126.949603,35.1078023],[126.9496165,35.1077968],[126.9496297,35.1077901],[126.9496423,35.1077826],[126.9496545,35.1077744],[126.9496665,35.1077658],[126.9496897,35.1077478],[126.9497126,35.1077292],[126.9498374,35.1076256],[126.9499971,35.1074948],[126.9500311,35.1074667],[126.9500534,35.1074477],[126.9500643,35.107438],[126.9500749,35.1074282],[126.9500852,35.1074181],[126.9500953,35.1074076],[126.9501146,35.1073858],[126.9501422,35.1073524],[126.9501782,35.1073073],[126.9503484,35.1070926],[126.9503755,35.1070589],[126.9503941,35.1070368],[126.9504037,35.1070259],[126.9504136,35.1070153],[126.950424,35.1070049],[126.9504348,35.106995],[126.9504461,35.1069854],[126.9504695,35.1069668],[126.9504936,35.1069487],[126.9505181,35.1069309],[126.9505428,35.1069135],[126.9505554,35.106905],[126.9505681,35.1068967],[126.950581,35.1068887],[126.9505942,35.1068811],[126.9506078,35.1068741],[126.9506218,35.1068679],[126.9506361,35.1068623],[126.9506507,35.1068571],[126.9506656,35.1068522],[126.9506957,35.1068429],[126.9508023,35.106812],[126.9508633,35.1067949],[126.9508939,35.1067871],[126.9509092,35.1067836],[126.9509246,35.1067806],[126.95094,35.1067782],[126.9509555,35.1067768],[126.9509711,35.1067764],[126.9509867,35.1067768],[126.9510025,35.106778],[126.9510183,35.1067796],[126.9510341,35.1067815],[126.9510499,35.1067837],[126.9510816,35.1067884],[126.951161,35.106801],[126.9511927,35.1068058],[126.9512244,35.10681],[126.9512402,35.1068117],[126.951256,35.106813],[126.9512718,35.1068138],[126.9512875,35.1068137],[126.9513032,35.1068127],[126.9513188,35.1068109],[126.9513343,35.1068086],[126.9513499,35.1068058],[126.9513654,35.1068028],[126.9513965,35.1067962],[126.9516291,35.1067432],[126.9519549,35.1066698]]}},{"type":"Feature","properties":{"slot":"mudeungsan_hiking_trail","sourceCode":"291101901","sourceMountainName":"마집봉","trailName":"","trailLengthKm":"0.13","difficulty":"쉬움","sourceFeatureId":"12","pathIndex":"0"},"geometry":{"type":"LineString","coordinates":[[126.9450051,35.124803],[126.9452811,35.1247811],[126.9453786,35.1247731],[126.9454924,35.1247634],[126.945541,35.1247597],[126.9455732,35.124758],[126.9455892,35.1247577],[126.945605,35.124758],[126.9456206,35.124759],[126.945636,35.1247611],[126.9456508,35.1247645],[126.9456653,35.1247688],[126.9456796,35.124774],[126.9456937,35.1247797],[126.9457078,35.1247857],[126.9457218,35.1247921],[126.9457496,35.1248053],[126.945916,35.1248867],[126.9459715,35.1249134],[126.9459995,35.1249263],[126.9460137,35.1249325],[126.9460279,35.1249384],[126.9460423,35.124944],[126.946057,35.1249489],[126.946072,35.1249533],[126.9460873,35.1249571],[126.9461028,35.1249605],[126.9461341,35.1249665],[126.9461657,35.1249719],[126.9461974,35.1249771],[126.9464039,35.1250097]]}},{"type":"Feature","properties":{"slot":"mudeungsan_hiking_trail","sourceCode":"291101901","sourceMountainName":"마집봉","trailName":"","trailLengthKm":"0.69","difficulty":"쉬움","sourceFeatureId":"13","pathIndex":"0"},"geometry":{"type":"LineString","coordinates":[[126.9586048,35.0997027],[126.9586427,35.0995733],[126.9586535,35.0995345],[126.9586597,35.0995085],[126.9586623,35.0994955],[126.9586644,35.0994825],[126.9586658,35.0994694],[126.9586663,35.0994562],[126.9586662,35.0994429],[126.9586655,35.0994296],[126.9586632,35.0994029],[126.9586587,35.0993628],[126.9586504,35.099296],[126.9586447,35.0992561],[126.95864,35.0992296],[126.9586371,35.0992165],[126.9586336,35.0992035],[126.9586295,35.0991906],[126.9586248,35.0991778],[126.9586197,35.0991651],[126.9586087,35.0991398],[126.9585971,35.0991146],[126.9585141,35.0989387],[126.958284,35.0984486],[126.9582725,35.0984233],[126.9582617,35.0983979],[126.9582566,35.0983851],[126.9582476,35.0983596],[126.9582394,35.0983339],[126.9582276,35.0982952],[126.9582127,35.0982434],[126.9582057,35.0982175],[126.9581996,35.0981915],[126.9581972,35.0981786],[126.9581954,35.0981656],[126.9581945,35.0981526],[126.9581947,35.0981396],[126.9581957,35.0981266],[126.9581974,35.0981135],[126.9582021,35.0980875],[126.9582106,35.0980483],[126.9582351,35.0979439],[126.9582406,35.0979179],[126.9582429,35.0979049],[126.9582449,35.0978919],[126.9582463,35.0978789],[126.9582469,35.097866],[126.9582464,35.0978532],[126.9582446,35.0978403],[126.9582417,35.0978274],[126.958238,35.0978146],[126.9582337,35.0978018],[126.9582291,35.097789],[126.958219,35.0977635],[126.9581391,35.0975728],[126.9580074,35.0972546],[126.9579498,35.0971145],[126.9579034,35.0969992],[126.9578929,35.0969737],[126.9578818,35.0969486],[126.9578759,35.0969363],[126.9578695,35.0969243],[126.9578625,35.0969128],[126.9578546,35.0969019],[126.9578455,35.0968918],[126.9578355,35.0968833],[126.9578243,35.0968755],[126.9578123,35.0968682],[126.9577997,35.0968614],[126.9577867,35.0968549],[126.9577598,35.0968425],[126.9577462,35.0968365],[126.9577185,35.0968249],[126.9576906,35.0968138],[126.9576766,35.0968087],[126.9576625,35.0968039],[126.9576484,35.0967997],[126.957634,35.0967962],[126.9576195,35.0967937],[126.9576042,35.0967924],[126.9575886,35.0967922],[126.9575729,35.0967928],[126.9575571,35.0967939],[126.9575253,35.0967972],[126.9574774,35.0968034],[126.9573495,35.0968211],[126.9573176,35.0968253],[126.9572856,35.0968289],[126.9572696,35.0968305],[126.9572536,35.0968317],[126.9572376,35.0968326],[126.9572214,35.096833],[126.9572052,35.096833],[126.9571728,35.0968323],[126.9571241,35.0968302],[126.9569131,35.096819],[126.9567343,35.0968102],[126.9566857,35.0968074],[126.9566536,35.0968046],[126.9566377,35.0968028],[126.956622,35.0968004],[126.9566065,35.0967973],[126.9565912,35.0967934],[126.9565762,35.0967888],[126.9565614,35.0967836],[126.9565466,35.0967781],[126.956532,35.0967723],[126.9565028,35.0967603],[126.9563288,35.0966857],[126.9561836,35.0966239],[126.9560817,35.0965809],[126.955921,35.0965137],[126.9558924,35.096501],[126.9558785,35.0964944],[126.9558649,35.0964875],[126.9558519,35.0964801],[126.9558397,35.0964722],[126.9558287,35.0964634],[126.9558193,35.096454],[126.955811,35.0964438],[126.9558034,35.096433],[126.9557964,35.0964218],[126.9557899,35.0964103],[126.9557837,35.0963986],[126.9557721,35.0963748],[126.9557667,35.0963627],[126.9557617,35.0963505],[126.955757,35.0963383],[126.9557529,35.096326],[126.9557496,35.0963136],[126.9557472,35.0963011],[126.9557459,35.096288],[126.9557455,35.0962748],[126.9557457,35.0962617],[126.9557467,35.0962357],[126.9557469,35.0962231],[126.9557464,35.0962109],[126.9557448,35.0961994],[126.9557416,35.0961888],[126.9557361,35.0961794],[126.955728,35.0961716],[126.9557177,35.0961651],[126.9557057,35.0961594],[126.9556926,35.0961544],[126.9556786,35.0961499],[126.955664,35.0961456],[126.955649,35.0961416],[126.9556028,35.0961302],[126.9554937,35.0961042],[126.9554319,35.0960889],[126.9554012,35.0960809],[126.9553859,35.0960767],[126.9553708,35.0960722],[126.9553558,35.0960675],[126.9553409,35.0960625],[126.9553113,35.0960516],[126.9552675,35.0960343],[126.9552094,35.0960105],[126.955021,35.0959327],[126.9549774,35.0959151],[126.9549481,35.0959039],[126.9549333,35.0958987],[126.9549183,35.0958938],[126.9549032,35.0958893],[126.9548881,35.0958855],[126.9548727,35.0958822],[126.9548573,35.0958792],[126.9548417,35.0958765],[126.9548104,35.0958714],[126.9547632,35.0958644],[126.9545582,35.0958349],[126.9543377,35.0958027]]}},{"type":"Feature","properties":{"slot":"mudeungsan_hiking_trail","sourceCode":"291101901","sourceMountainName":"마집봉","trailName":"소태동구간","trailLengthKm":"1.27","difficulty":"쉬움","sourceFeatureId":"14","pathIndex":"0"},"geometry":{"type":"LineString","coordinates":[[126.9373378,35.10897],[126.9373758,35.1089565],[126.9373932,35.1089498],[126.9374118,35.1089423],[126.9374306,35.108934],[126.9374485,35.1089251],[126.9374645,35.1089159],[126.9374779,35.1089065],[126.9374891,35.108897],[126.9374998,35.1088871],[126.9375102,35.1088769],[126.9375204,35.1088664],[126.9375405,35.1088452],[126.9376688,35.1087052],[126.9378567,35.1085008],[126.9379751,35.1083714],[126.9380051,35.1083395],[126.9380153,35.1083291],[126.9380258,35.1083189],[126.9380366,35.108309],[126.9380478,35.1082995],[126.9380597,35.1082906],[126.938072,35.1082825],[126.9380848,35.108275],[126.9380981,35.1082679],[126.9381117,35.108261],[126.9381671,35.1082346],[126.9381945,35.1082211],[126.9382077,35.108214],[126.9382206,35.1082064],[126.9382328,35.1081983],[126.9382444,35.1081895],[126.9382553,35.1081802],[126.9382658,35.1081704],[126.938276,35.1081604],[126.938286,35.1081501],[126.9383056,35.1081292],[126.9384015,35.1080229],[126.9384784,35.1079381],[126.938507,35.1079062],[126.9385256,35.1078846],[126.9385346,35.1078737],[126.9385432,35.1078627],[126.9385515,35.1078514],[126.9385593,35.1078398],[126.9385666,35.107828],[126.9385805,35.1078039],[126.9386002,35.1077672],[126.938869,35.107251],[126.938895,35.1072021],[126.9389087,35.1071779],[126.9389159,35.1071659],[126.9389235,35.1071542],[126.9389316,35.1071425],[126.93894,35.107131],[126.9389576,35.1071084],[126.9389758,35.1070859],[126.9390035,35.1070525],[126.9390315,35.1070193],[126.9390504,35.1069973],[126.93907,35.1069758],[126.9390801,35.1069653],[126.9390906,35.1069551],[126.9391016,35.1069452],[126.939113,35.1069356],[126.9391246,35.1069263],[126.9391365,35.1069171],[126.9391605,35.1068989],[126.9393314,35.1067735],[126.9393683,35.1067469],[126.9393932,35.1067295],[126.9394059,35.106721],[126.9394314,35.1067048],[126.9394704,35.1066812],[126.9395888,35.1066112],[126.9396151,35.1065958],[126.9396415,35.1065809],[126.9396548,35.1065738],[126.9396682,35.1065671],[126.9396817,35.1065609],[126.9396953,35.1065556],[126.9397091,35.1065514],[126.9397233,35.1065487],[126.9397378,35.1065479],[126.9397525,35.1065486],[126.9397675,35.1065504],[126.9397826,35.1065529],[126.9397979,35.106556],[126.9398437,35.106566],[126.9398589,35.106569],[126.939874,35.1065715],[126.939889,35.1065732],[126.9399037,35.1065739],[126.9399181,35.106573],[126.9399321,35.1065702],[126.9399458,35.1065658],[126.9399593,35.1065603],[126.9399726,35.106554],[126.9399857,35.1065471],[126.9399988,35.1065398],[126.9400248,35.1065245],[126.9402706,35.1063731],[126.9403096,35.1063495],[126.9403359,35.1063344],[126.9403492,35.1063272],[126.9403627,35.1063203],[126.9403765,35.1063139],[126.9403906,35.1063082],[126.9404055,35.1063032],[126.9404208,35.1062989],[126.9404363,35.1062951],[126.9404521,35.1062917],[126.9404679,35.1062885],[126.9404999,35.1062826],[126.9407093,35.1062467],[126.9409345,35.1062076],[126.9418189,35.1060532],[126.9420922,35.1060049],[126.9421244,35.1059995],[126.9421567,35.1059946],[126.9421728,35.1059925],[126.942189,35.1059908],[126.9422052,35.1059896],[126.9422205,35.1059892],[126.9422359,35.1059892],[126.9422513,35.1059895],[126.9422821,35.105991],[126.9422976,35.1059921],[126.9423284,35.1059945],[126.942359,35.1059976],[126.9423742,35.1059995],[126.9423893,35.1060016],[126.9424043,35.1060043],[126.942419,35.1060075],[126.9424342,35.1060116],[126.9424492,35.1060164],[126.942464,35.1060216],[126.9424786,35.1060271],[126.9425078,35.1060389],[126.9425512,35.1060572],[126.9427533,35.1061438],[126.9427824,35.1061559],[126.9428116,35.1061675],[126.9428263,35.1061729],[126.9428412,35.1061781],[126.9428563,35.1061827],[126.9428712,35.1061867],[126.9428862,35.1061902],[126.9429013,35.1061934],[126.9429319,35.1061991],[126.9429626,35.1062041],[126.942978,35.1062064],[126.9430089,35.1062104],[126.9430243,35.1062119],[126.9430397,35.1062131],[126.943055,35.1062137],[126.9430704,35.1062135],[126.943086,35.1062123],[126.9431016,35.1062103],[126.9431172,35.1062078],[126.9431483,35.1062016],[126.9432103,35.1061881],[126.9432258,35.106185],[126.9432413,35.1061822],[126.9432568,35.10618],[126.9432723,35.1061784],[126.9432878,35.1061778],[126.9433032,35.1061783],[126.9433187,35.1061798],[126.9433341,35.1061821],[126.9433496,35.1061848],[126.9433804,35.1061912],[126.9434267,35.1062019],[126.9437663,35.106284],[126.9438127,35.106295],[126.9438436,35.106302],[126.943859,35.1063052],[126.9438745,35.1063082],[126.9438901,35.1063108],[126.9439057,35.1063129],[126.9439213,35.1063143],[126.943937,35.1063148],[126.9439527,35.1063146],[126.9439684,35.1063139],[126.9439842,35.1063128],[126.9440001,35.1063114],[126.9440317,35.1063082],[126.944111,35.1062992],[126.9441427,35.1062958],[126.9441744,35.106293],[126.9441901,35.106292],[126.9442058,35.1062914],[126.9442215,35.1062914],[126.944237,35.1062922],[126.9442528,35.1062939],[126.9442684,35.1062965],[126.944284,35.1062997],[126.9442996,35.1063033],[126.9443151,35.1063072],[126.9443614,35.1063198],[126.9445157,35.106364],[126.9445775,35.1063813],[126.9446241,35.1063936],[126.9446397,35.1063973],[126.9446554,35.1064008],[126.9446714,35.106404],[126.9447035,35.1064096],[126.9447357,35.1064146],[126.9447681,35.1064193],[126.9450923,35.1064646],[126.9451408,35.1064716],[126.945173,35.1064767],[126.945189,35.1064795],[126.9452049,35.1064825],[126.9452207,35.1064859],[126.9452362,35.1064899],[126.9452513,35.1064944],[126.9452661,35.1064994],[126.9452808,35.1065048],[126.9452954,35.1065105],[126.9453388,35.1065284],[126.9454538,35.1065778],[126.9454827,35.1065897],[126.9454972,35.1065953],[126.9455119,35.1066007],[126.9455266,35.1066056],[126.9455415,35.1066099],[126.9455567,35.1066134],[126.9455715,35.1066159],[126.9455865,35.1066176],[126.9456017,35.1066187],[126.945617,35.1066194],[126.9456324,35.1066199],[126.9456634,35.1066203],[126.9457255,35.1066207],[126.9457564,35.1066214],[126.9457719,35.1066222],[126.9457873,35.1066233],[126.9458034,35.1066249],[126.9458195,35.106627],[126.9458515,35.1066319],[126.9458994,35.1066403],[126.9461703,35.1066907],[126.9463779,35.1067283],[126.9464097,35.1067344],[126.9464255,35.1067376],[126.9464411,35.106741],[126.9464566,35.1067447],[126.9464717,35.1067489],[126.9464865,35.1067537],[126.9465006,35.1067593],[126.946514,35.1067658],[126.9465268,35.1067732],[126.9465393,35.1067812],[126.9465514,35.1067896],[126.9465752,35.1068072],[126.9465986,35.1068254],[126.9468655,35.107038],[126.9468888,35.1070564],[126.9469123,35.1070744],[126.9469242,35.1070832],[126.9469363,35.1070917],[126.9469487,35.1070999],[126.9469614,35.1071075],[126.9469747,35.1071145],[126.9469885,35.1071206],[126.9470028,35.107126],[126.9470174,35.1071308],[126.9470323,35.1071354],[126.9470627,35.1071437],[126.9470933,35.1071516],[126.9472321,35.1071861],[126.9472784,35.1071974],[126.9473093,35.1072044],[126.9473247,35.1072076],[126.9473403,35.1072105],[126.9473558,35.1072128],[126.9473715,35.1072145],[126.9473869,35.1072154],[126.9474023,35.1072157],[126.9474179,35.1072155],[126.947449,35.1072143],[126.9475427,35.1072084],[126.9475738,35.1072073],[126.9475893,35.1072072],[126.9476046,35.1072076],[126.9476199,35.1072088],[126.9476357,35.1072109],[126.9476513,35.1072137],[126.9476669,35.1072171],[126.9476824,35.1072209],[126.9476978,35.107225],[126.9477287,35.1072336],[126.9479133,35.107288],[126.9479746,35.1073065],[126.9480049,35.1073163],[126.9480199,35.1073216],[126.9480348,35.1073271],[126.9480641,35.1073387],[126.9480932,35.1073508],[126.9491049,35.1077859]]}},{"type":"Feature","properties":{"slot":"mudeungsan_hiking_trail","sourceCode":"291101901","sourceMountainName":"마집봉","trailName":"용연동구간","trailLengthKm":"3.18","difficulty":"쉬움","sourceFeatureId":"15","pathIndex":"0"},"geometry":{"type":"LineString","coordinates":[[126.9873712,35.1146354],[126.9872737,35.1145532],[126.9872386,35.1145239],[126.987216,35.1145058],[126.9872046,35.1144969],[126.9871929,35.1144882],[126.987181,35.1144798],[126.9871688,35.1144718],[126.9871564,35.1144643],[126.9871436,35.1144572],[126.9871175,35.1144437],[126.9870908,35.1144307],[126.9870639,35.1144181],[126.9870368,35.1144058],[126.9870232,35.1143999],[126.9870095,35.1143943],[126.9869957,35.1143889],[126.9869817,35.114384],[126.9869676,35.1143796],[126.9869532,35.1143761],[126.9869382,35.1143735],[126.986923,35.1143718],[126.9869075,35.1143706],[126.986892,35.1143699],[126.9868763,35.1143695],[126.9868448,35.1143693],[126.9867814,35.1143697],[126.9867499,35.1143697],[126.9867186,35.114369],[126.9867031,35.1143681],[126.9866877,35.1143668],[126.9866727,35.1143648],[126.9866579,35.1143619],[126.9866433,35.1143578],[126.9866291,35.1143527],[126.9866151,35.114347],[126.9866012,35.1143407],[126.9865739,35.1143273],[126.9865468,35.1143131],[126.9864524,35.1142625],[126.9864115,35.1142414],[126.9863838,35.1142281],[126.9863698,35.1142218],[126.9863553,35.1142159],[126.986326,35.1142048],[126.9862814,35.1141893],[126.9862214,35.1141693],[126.986041,35.1141098],[126.9859961,35.1140946],[126.9859664,35.1140842],[126.9859517,35.1140787],[126.9859371,35.114073],[126.9859228,35.114067],[126.9859087,35.1140606],[126.9858811,35.1140469],[126.985854,35.1140326],[126.985679,35.1139362],[126.985543,35.1138626],[126.9855166,35.1138476],[126.9855039,35.11384],[126.9854919,35.1138322],[126.9854807,35.1138241],[126.9854707,35.1138156],[126.9854624,35.1138067],[126.9854564,35.113797],[126.9854534,35.1137867],[126.9854525,35.1137757],[126.9854533,35.1137643],[126.9854554,35.1137524],[126.9854582,35.1137404],[126.9854617,35.1137281],[126.9854698,35.1137032],[126.9854874,35.113653],[126.9854959,35.1136279],[126.9855036,35.1136028],[126.9855068,35.1135902],[126.9855095,35.1135777],[126.9855113,35.1135651],[126.9855121,35.1135526],[126.9855115,35.1135396],[126.9855098,35.1135266],[126.9855072,35.1135136],[126.985504,35.1135006],[126.9854965,35.1134747],[126.9854882,35.1134487],[126.9854319,35.1132799],[126.9854226,35.1132542],[126.9854176,35.1132415],[126.9854122,35.1132291],[126.9854061,35.1132168],[126.9853993,35.1132049],[126.9853915,35.1131936],[126.985383,35.1131826],[126.9853739,35.1131718],[126.9853643,35.1131613],[126.9853545,35.1131508],[126.9853342,35.1131302],[126.9853133,35.11311],[126.9852918,35.1130902],[126.9852807,35.1130806],[126.9852693,35.1130712],[126.9852575,35.1130621],[126.9852329,35.1130445],[126.9852077,35.1130275],[126.9846317,35.1126527],[126.9846063,35.1126358],[126.9845812,35.1126188],[126.9845566,35.1126012],[126.9845447,35.1125921],[126.9845329,35.1125828],[126.9845098,35.112564],[126.9844643,35.1125257],[126.9839206,35.1120639],[126.983751,35.1119192],[126.9837281,35.1119002],[126.9837165,35.1118909],[126.9837048,35.1118818],[126.9836928,35.1118729],[126.9836804,35.1118645],[126.9836676,35.1118566],[126.9836543,35.1118493],[126.9836405,35.1118426],[126.9836263,35.1118363],[126.9836119,35.1118302],[126.9835827,35.1118187],[126.9835531,35.1118075],[126.9834044,35.1117526],[126.9833452,35.1117304],[126.9833158,35.1117189],[126.9833012,35.1117129],[126.9832868,35.1117068],[126.9832726,35.1117004],[126.9832585,35.1116936],[126.9832446,35.1116865],[126.9832309,35.1116792],[126.9832037,35.1116642],[126.9830282,35.1115646],[126.9830014,35.1115491],[126.9829749,35.1115333],[126.9829619,35.1115252],[126.9829492,35.1115169],[126.9829369,35.1115083],[126.9829251,35.1114992],[126.9829143,35.11149],[126.9829041,35.1114803],[126.9828942,35.1114703],[126.9828752,35.1114498],[126.9828566,35.1114289],[126.9828383,35.1114078],[126.982793,35.1113546],[126.9827666,35.1113224],[126.9827499,35.1113006],[126.9827421,35.1112895],[126.9827349,35.1112782],[126.9827284,35.1112667],[126.9827231,35.1112553],[126.9827184,35.1112437],[126.9827142,35.111232],[126.9827026,35.1111966],[126.9826985,35.1111851],[126.982694,35.1111738],[126.9826889,35.1111628],[126.9826828,35.1111524],[126.9826756,35.1111427],[126.9826667,35.1111336],[126.9826564,35.1111253],[126.9826453,35.1111174],[126.9826336,35.1111099],[126.9825972,35.1110878],[126.9825853,35.1110802],[126.982574,35.1110721],[126.9825635,35.1110635],[126.9825535,35.1110535],[126.9825445,35.1110429],[126.9825361,35.1110318],[126.9825281,35.1110203],[126.9825206,35.1110085],[126.9825133,35.1109966],[126.9824991,35.1109724],[126.982396,35.1107889],[126.9823344,35.1106786],[126.9823135,35.110642],[126.9822989,35.1106182],[126.9822911,35.1106066],[126.9822829,35.1105954],[126.982274,35.1105846],[126.9822642,35.1105745],[126.9822534,35.1105654],[126.9822417,35.1105568],[126.9822294,35.1105488],[126.9822166,35.1105411],[126.9822035,35.1105337],[126.9821766,35.1105192],[126.9821493,35.110505],[126.9819704,35.110414],[126.9819157,35.1103857],[126.9818889,35.1103711],[126.981876,35.1103636],[126.9818634,35.1103558],[126.9818514,35.1103476],[126.9818401,35.1103389],[126.9818299,35.1103295],[126.9818212,35.1103194],[126.9818135,35.1103086],[126.9818066,35.1102973],[126.9818002,35.1102856],[126.9817942,35.1102737],[126.9817714,35.1102254],[126.9817655,35.1102135],[126.9817593,35.1102019],[126.9817526,35.1101908],[126.9817453,35.1101802],[126.9817371,35.1101704],[126.9817275,35.1101617],[126.9817161,35.1101542],[126.9817033,35.1101478],[126.9816896,35.1101423],[126.9816751,35.1101374],[126.9816602,35.1101329],[126.9816449,35.1101287],[126.9816294,35.1101248],[126.9815979,35.1101172],[126.9813132,35.1100507],[126.9812818,35.110043],[126.9812506,35.1100349],[126.9812352,35.1100305],[126.9812201,35.1100258],[126.9812053,35.1100206],[126.9811909,35.1100146],[126.9811778,35.1100083],[126.9811652,35.1100012],[126.9811529,35.1099937],[126.9811409,35.1099858],[126.9811292,35.1099776],[126.9811177,35.1099691],[126.9811065,35.1099603],[126.9810958,35.1099512],[126.9810854,35.1099417],[126.9810757,35.1099319],[126.9810198,35.1099115],[126.9808585,35.1098742],[126.9808077,35.109873],[126.9807782,35.1098784],[126.980766,35.1098826],[126.9807538,35.1098847],[126.9807419,35.1098841],[126.9807299,35.1098814],[126.9807179,35.1098772],[126.9807059,35.1098719],[126.980694,35.1098657],[126.9806821,35.1098588],[126.9806704,35.1098514],[126.980659,35.1098435],[126.9806478,35.1098352],[126.9806372,35.1098265],[126.9806271,35.1098172],[126.9806173,35.1098069],[126.9806083,35.1097961],[126.9805996,35.109785],[126.9805833,35.1097621],[126.9805594,35.1097277],[126.9805513,35.1097164],[126.9805428,35.1097054],[126.9805339,35.1096949],[126.9805244,35.1096848],[126.9805139,35.1096756],[126.9805029,35.1096675],[126.980491,35.1096602],[126.9804786,35.1096534],[126.9804656,35.109647],[126.9804524,35.1096409],[126.9804389,35.1096351],[126.9804113,35.1096242],[126.9803973,35.109619],[126.9803831,35.1096141],[126.9803689,35.1096095],[126.9803544,35.1096054],[126.9803389,35.1096015],[126.9803233,35.1095981],[126.9802917,35.1095922],[126.9802598,35.1095869],[126.9802278,35.109582],[126.97994,35.1095379],[126.9798599,35.1095258],[126.9797474,35.1095092],[126.9797155,35.1095043],[126.9796842,35.1094987],[126.979669,35.1094954],[126.9796543,35.1094917],[126.9796402,35.1094873],[126.9796272,35.1094819],[126.9796154,35.1094753],[126.979605,35.1094669],[126.9795961,35.1094572],[126.979588,35.1094465],[126.9795807,35.1094351],[126.9795738,35.1094233],[126.979561,35.1093987],[126.9795359,35.1093486],[126.9795293,35.1093363],[126.9795223,35.1093242],[126.9795149,35.1093124],[126.9795067,35.109301],[126.9794976,35.1092904],[126.9794873,35.1092805],[126.9794762,35.1092713],[126.9794643,35.1092625],[126.9794519,35.1092541],[126.9794262,35.1092379],[126.979413,35.10923],[126.9793863,35.1092146],[126.9793592,35.1091999],[126.9793454,35.1091929],[126.9793315,35.1091863],[126.9793173,35.1091803],[126.9793027,35.109175],[126.9792878,35.1091707],[126.9792725,35.1091671],[126.979257,35.109164],[126.9792413,35.1091613],[126.9792255,35.1091589],[126.9791776,35.1091526],[126.9790332,35.1091353],[126.9788249,35.1091097],[126.978648,35.1090888],[126.978616,35.1090848],[126.9785845,35.1090803],[126.9785691,35.1090775],[126.9785541,35.1090743],[126.9785397,35.1090705],[126.9785261,35.1090657],[126.9785136,35.1090596],[126.9785022,35.1090519],[126.978492,35.1090429],[126.9784826,35.109033],[126.9784738,35.1090224],[126.9784653,35.1090113],[126.9784572,35.1089999],[126.9784413,35.1089765],[126.97841,35.1089291],[126.9783937,35.1089058],[126.9783852,35.1088943],[126.9783764,35.1088831],[126.9783671,35.1088721],[126.9783573,35.1088617],[126.978347,35.1088515],[126.9783364,35.1088416],[126.9783144,35.1088221],[126.9782919,35.108803],[126.9781212,35.1086607],[126.9780531,35.1086033],[126.9779738,35.1085358],[126.977951,35.1085169],[126.9779396,35.1085078],[126.9779282,35.108499],[126.9779166,35.1084908],[126.9779049,35.1084834],[126.977893,35.108477],[126.9778809,35.1084723],[126.9778683,35.1084696],[126.9778554,35.1084695],[126.9778422,35.1084714],[126.9778287,35.1084749],[126.977815,35.1084794],[126.9778011,35.1084847],[126.9777448,35.1085078],[126.9777305,35.1085131],[126.9777161,35.1085177],[126.9777016,35.1085214],[126.9776869,35.1085238],[126.9776719,35.1085245],[126.9776567,35.1085239],[126.9776413,35.1085223],[126.9776259,35.1085199],[126.9776104,35.108517],[126.9775948,35.1085138],[126.9775793,35.1085103],[126.9775481,35.108503],[126.977361,35.1084568],[126.977283,35.1084381],[126.9772517,35.1084311],[126.977236,35.1084278],[126.9772203,35.1084248],[126.9772045,35.108422],[126.9771885,35.1084197],[126.9771562,35.108416],[126.9771076,35.1084115],[126.9768962,35.108395],[126.9767173,35.1083803],[126.9766685,35.1083765],[126.9766361,35.1083746],[126.9766199,35.108374],[126.9766038,35.1083737],[126.9765877,35.108374],[126.9765718,35.108375],[126.9765562,35.1083769],[126.9765407,35.1083795],[126.9765253,35.1083826],[126.9764946,35.1083898],[126.9764487,35.1084018],[126.9763417,35.108431],[126.9763113,35.1084394],[126.976281,35.1084482],[126.976266,35.1084527],[126.9762512,35.1084575],[126.9762367,35.1084627],[126.9762225,35.1084683],[126.9762087,35.1084745],[126.9761956,35.1084816],[126.9761829,35.1084893],[126.9761706,35.1084974],[126.9761585,35.1085059],[126.9761348,35.1085235],[126.9761115,35.1085416],[126.9760767,35.1085691],[126.9759263,35.1086893],[126.975903,35.1087076],[126.9758912,35.1087165],[126.9758794,35.1087251],[126.9758674,35.1087334],[126.9758552,35.1087412],[126.9758427,35.1087482],[126.9758298,35.1087541],[126.9758163,35.1087585],[126.9758024,35.1087612],[126.9757879,35.1087624],[126.975773,35.1087625],[126.9757578,35.1087619],[126.9757424,35.1087608],[126.9757269,35.1087593],[126.9757113,35.1087575],[126.9756801,35.1087532],[126.9756645,35.1087508],[126.9756492,35.1087482],[126.975634,35.1087452],[126.9756192,35.1087418],[126.9756049,35.1087378],[126.9755912,35.108733],[126.9755785,35.1087271],[126.9755665,35.1087196],[126.9755555,35.108711],[126.9755451,35.1087015],[126.9755353,35.1086914],[126.9755257,35.1086809],[126.9755074,35.1086591],[126.9754895,35.1086368],[126.9754275,35.1085579],[126.9754095,35.1085357],[126.9754003,35.1085248],[126.9753909,35.1085141],[126.9753811,35.1085038],[126.975371,35.1084938],[126.9753603,35.1084845],[126.9753487,35.108476],[126.9753365,35.1084685],[126.9753235,35.1084619],[126.9753099,35.1084558],[126.9752959,35.1084502],[126.9752671,35.1084397],[126.9751936,35.108415],[126.9751643,35.1084048],[126.9751498,35.1083995],[126.9751356,35.108394],[126.9751216,35.108388],[126.975108,35.1083816],[126.9750944,35.1083744],[126.9750812,35.1083667],[126.9750683,35.1083586],[126.9750431,35.1083417],[126.9750183,35.1083243],[126.9749939,35.1083065],[126.9749699,35.1082884],[126.9749581,35.1082791],[126.9749467,35.1082697],[126.9749356,35.10826],[126.974925,35.1082499],[126.9749152,35.1082395],[126.9749058,35.1082288],[126.9748968,35.1082178],[126.9748796,35.1081953],[126.9748379,35.1081382],[126.9748209,35.1081156],[126.9748121,35.1081045],[126.974803,35.1080936],[126.9747935,35.1080831],[126.9747834,35.1080729],[126.9747724,35.1080632],[126.9747609,35.1080539],[126.974749,35.108045],[126.9747242,35.1080277],[126.9746861,35.1080024],[126.9745701,35.1079278],[126.9745189,35.1078944],[126.9744938,35.1078773],[126.9744815,35.1078685],[126.9744695,35.1078595],[126.9744579,35.1078502],[126.9744467,35.1078406],[126.9744359,35.1078307],[126.9744254,35.1078205],[126.9744151,35.1078102],[126.9743948,35.1077893],[126.9743449,35.1077363],[126.9742359,35.1076186],[126.9742158,35.1075977],[126.9742055,35.1075875],[126.9741951,35.1075777],[126.9741843,35.1075685],[126.9741731,35.1075599],[126.9741613,35.1075524],[126.9741487,35.1075462],[126.974135,35.1075418],[126.9741205,35.1075388],[126.9741054,35.1075368],[126.9740898,35.1075355],[126.974074,35.1075347],[126.9740579,35.1075343],[126.9740091,35.1075341],[126.9738944,35.107535],[126.9737963,35.1075353],[126.9735351,35.107535],[126.9735025,35.1075352],[126.9734863,35.1075356],[126.9734701,35.1075362],[126.973454,35.107537],[126.9734379,35.1075384],[126.973422,35.1075403],[126.9734067,35.1075429],[126.9733916,35.1075461],[126.9733765,35.1075497],[126.9733615,35.1075536],[126.9733316,35.107562],[126.9732423,35.1075888],[126.9732125,35.1075975],[126.9731825,35.1076056],[126.9731674,35.1076092],[126.9731523,35.1076124],[126.973137,35.107615],[126.973122,35.1076168],[126.9731069,35.1076182],[126.9730917,35.1076191],[126.9730764,35.1076197],[126.9730458,35.1076202],[126.9729997,35.1076202],[126.9729689,35.1076196],[126.9729382,35.1076185],[126.972906,35.1076164],[126.9728738,35.1076138],[126.9724076,35.1075702],[126.9723111,35.1075614],[126.9721662,35.1075485],[126.9721181,35.1075436],[126.9721023,35.1075416],[126.9720866,35.1075394],[126.972071,35.1075367],[126.9720558,35.1075334],[126.9720409,35.1075293],[126.9720264,35.1075241],[126.9720122,35.1075181],[126.9719983,35.1075116],[126.9719846,35.1075045],[126.9719576,35.1074897],[126.9719176,35.1074664],[126.9718112,35.1074036],[126.971545,35.1072472],[126.9715182,35.1072318],[126.9714912,35.1072169],[126.9714775,35.1072098],[126.9714636,35.1072031],[126.9714495,35.1071968],[126.971435,35.1071913],[126.9714207,35.1071867],[126.971406,35.1071828],[126.9713911,35.1071794],[126.971376,35.1071762],[126.9713152,35.1071648],[126.9712851,35.1071586],[126.9712703,35.107155],[126.9712558,35.1071509],[126.9712418,35.107146],[126.9712279,35.1071401],[126.9712145,35.1071335],[126.9712013,35.1071263],[126.9711884,35.1071187],[126.9711756,35.1071108],[126.9711376,35.1070866],[126.971112,35.1070707],[126.971099,35.107063],[126.9710857,35.1070557],[126.9710718,35.1070486],[126.9710577,35.1070418],[126.9710288,35.107029],[126.9709996,35.1070167],[126.9709554,35.1069987],[126.9701729,35.1066835],[126.970114,35.1066595],[126.9700702,35.1066408],[126.970042,35.1066277],[126.9700144,35.1066141],[126.9699736,35.106593],[126.9698788,35.1065431],[126.969825,35.1065142],[126.9697985,35.1064993],[126.9697855,35.1064917],[126.9697727,35.1064838],[126.9697599,35.1064754],[126.969735,35.1064579],[126.9696984,35.1064308],[126.9696501,35.106394],[126.9695299,35.1063017],[126.9694937,35.1062743],[126.9694692,35.1062563],[126.9694568,35.1062476],[126.9694442,35.1062391],[126.9694313,35.1062309],[126.969418,35.1062232],[126.9694042,35.1062161],[126.9693901,35.1062095],[126.9693757,35.1062032],[126.969361,35.1061972],[126.9693314,35.1061855],[126.9692566,35.1061574],[126.9692268,35.106146],[126.9691974,35.106134],[126.969183,35.1061277],[126.9691689,35.106121],[126.9691552,35.1061139],[126.969142,35.1061061],[126.9691293,35.1060978],[126.9691168,35.1060892],[126.9691045,35.1060804],[126.9690803,35.1060621],[126.9690327,35.1060249],[126.9688667,35.1058935],[126.9688308,35.1058657],[126.9688064,35.1058479],[126.9687938,35.1058393],[126.968781,35.1058312],[126.9687677,35.1058236],[126.9687548,35.1058171],[126.9687414,35.1058111],[126.9687278,35.1058054],[126.9687139,35.1058001],[126.9686858,35.10579],[126.9686429,35.1057757],[126.9686141,35.1057669],[126.9685995,35.1057628],[126.9685849,35.105759],[126.9685701,35.1057556],[126.9685543,35.1057525],[126.9685384,35.1057498],[126.9685224,35.1057475],[126.9684901,35.1057434],[126.9684577,35.1057397],[126.9682466,35.1057176],[126.9681001,35.1057026],[126.9680516,35.1056972],[126.9680356,35.1056951],[126.9680198,35.1056927],[126.9680042,35.1056899],[126.967989,35.1056865],[126.9679744,35.1056824],[126.9679604,35.1056771],[126.9679476,35.1056707],[126.9679355,35.1056632],[126.9679238,35.1056549],[126.9679126,35.105646],[126.9679016,35.1056367],[126.9678801,35.1056174],[126.9678063,35.1055475],[126.9677849,35.105528],[126.9677741,35.1055186],[126.967763,35.1055096],[126.9677517,35.105501],[126.96774,35.1054931],[126.9677278,35.1054862],[126.9677148,35.1054806],[126.9677014,35.1054767],[126.9676873,35.105474],[126.9676727,35.1054723],[126.9676578,35.1054711],[126.9676426,35.1054705],[126.967581,35.1054695],[126.9675658,35.1054691],[126.9675508,35.1054683],[126.9675361,35.105467],[126.967522,35.105465],[126.9675085,35.105462],[126.9674959,35.1054575],[126.967484,35.1054511],[126.967473,35.1054432],[126.9674628,35.1054342],[126.9674531,35.1054244],[126.9674437,35.105414],[126.9674346,35.1054033],[126.9674257,35.1053923],[126.9674082,35.1053698],[126.9673476,35.1052902],[126.9673041,35.1052335],[126.9672171,35.1051206],[126.9671819,35.1050757],[126.9671638,35.1050536],[126.9671546,35.1050427],[126.967145,35.105032],[126.9671351,35.1050215],[126.9671245,35.1050113],[126.9671136,35.1050013],[126.9670911,35.1049818],[126.967068,35.1049626],[126.9670446,35.1049437],[126.9668569,35.1047926],[126.9661189,35.1041967],[126.9660365,35.1041306],[126.9659298,35.1040459],[126.9659067,35.1040269],[126.9658955,35.1040173],[126.9658847,35.1040075],[126.9658746,35.1039976],[126.9658653,35.1039873],[126.9658573,35.1039767],[126.965851,35.1039656],[126.9658469,35.1039544],[126.9658445,35.1039428],[126.9658431,35.1039307],[126.9658426,35.1039185],[126.9658427,35.103906],[126.9658432,35.1038934],[126.965845,35.1038679],[126.9658492,35.1038167],[126.9658505,35.103791],[126.9658506,35.1037783],[126.9658503,35.1037656],[126.9658492,35.1037529],[126.9658472,35.1037404],[126.9658446,35.1037279],[126.9658414,35.1037155],[126.9658379,35.1037031],[126.965834,35.1036907],[126.9658257,35.1036662],[126.9658165,35.1036419],[126.9658116,35.10363],[126.9658063,35.1036183],[126.9658006,35.1036069],[126.9657942,35.1035959],[126.965787,35.1035855],[126.9657785,35.1035759],[126.965768,35.1035668],[126.9657562,35.1035586],[126.9657435,35.103551],[126.9657301,35.1035439],[126.9657162,35.103537],[126.9657021,35.1035305],[126.9656877,35.103524],[126.9656585,35.1035115],[126.965629,35.1034996],[126.9656141,35.1034939],[126.9655992,35.1034886],[126.9655841,35.1034838],[126.9655689,35.1034796],[126.9655535,35.1034763],[126.9655381,35.1034742],[126.9655226,35.103473],[126.9655068,35.1034724],[126.965491,35.1034723],[126.965475,35.1034725],[126.965459,35.1034729],[126.9654269,35.1034742],[126.965282,35.1034819],[126.9652501,35.103483],[126.9652344,35.1034832],[126.9652189,35.103483],[126.9652038,35.1034822],[126.9651891,35.1034806],[126.9651751,35.1034779],[126.9651621,35.1034737],[126.9651501,35.1034677],[126.9651391,35.1034602],[126.9651287,35.1034516],[126.9651188,35.1034421],[126.9651093,35.1034321],[126.9650908,35.1034111],[126.9650727,35.1033894],[126.9649743,35.1032684],[126.9649568,35.1032463],[126.9649483,35.1032352],[126.9649401,35.1032239],[126.9649322,35.1032126],[126.9649247,35.103201],[126.9649177,35.1031889],[126.9649112,35.1031765],[126.9648991,35.1031514],[126.9648824,35.1031132],[126.9648502,35.1030362],[126.9648389,35.103011],[126.964833,35.1029987],[126.9648267,35.1029867],[126.9648199,35.1029753],[126.9648124,35.1029645],[126.9648038,35.1029548],[126.9647938,35.1029463],[126.9647826,35.1029398],[126.9647702,35.1029345],[126.9647568,35.1029301],[126.9647427,35.1029264],[126.9647281,35.1029231],[126.9646832,35.1029141],[126.9646682,35.1029109],[126.9646533,35.1029075],[126.9646388,35.1029037],[126.9646247,35.1028992],[126.9646112,35.1028938],[126.9645979,35.102887],[126.9645853,35.1028793],[126.9645731,35.102871],[126.9645613,35.1028622],[126.9645149,35.1028255],[126.9645031,35.1028168],[126.9644909,35.1028086],[126.9644783,35.1028011],[126.964465,35.1027947],[126.9644512,35.1027897],[126.9644367,35.1027857],[126.9644218,35.1027825],[126.9644065,35.1027798],[126.9643909,35.1027775],[126.9643593,35.1027738],[126.9642797,35.1027656],[126.9642642,35.1027638],[126.964249,35.1027616],[126.9642343,35.1027591],[126.9642204,35.102756],[126.9642076,35.1027521],[126.9641962,35.1027472],[126.9641868,35.1027407],[126.9641797,35.1027322],[126.9641746,35.1027221],[126.9641711,35.1027109],[126.9641686,35.1026989],[126.964167,35.1026863],[126.9641658,35.1026734],[126.964165,35.1026602],[126.964164,35.1026333],[126.9641616,35.1025383],[126.9641594,35.1024707],[126.9641481,35.1021749],[126.9641423,35.1020136],[126.964141,35.1019867],[126.9641388,35.1019601],[126.9641373,35.1019468],[126.9641352,35.1019336],[126.9641323,35.1019206],[126.9641286,35.1019077],[126.9641241,35.1018949],[126.9641191,35.1018822],[126.9641138,35.1018696],[126.9641023,35.1018445],[126.9640843,35.101807],[126.9639798,35.1015946],[126.9639617,35.1015571],[126.9639504,35.1015321],[126.9639453,35.1015196],[126.9639408,35.1015071],[126.9639372,35.1014945],[126.9639346,35.101482],[126.9639337,35.1014694],[126.9639347,35.1014572],[126.9639371,35.1014449],[126.9639407,35.1014326],[126.9639451,35.1014204],[126.96395,35.1014081],[126.9639715,35.101359],[126.9639765,35.1013468],[126.9639811,35.1013347],[126.9639849,35.1013227],[126.9639877,35.1013108],[126.963989,35.101299],[126.9639883,35.1012875],[126.9639851,35.101276],[126.9639798,35.1012648],[126.9639729,35.1012537],[126.9639649,35.1012428],[126.9639562,35.1012319],[126.9639373,35.1012104],[126.9639175,35.101189],[126.9638166,35.101082],[126.9636569,35.1009108],[126.9636372,35.1008893],[126.9636179,35.1008676],[126.9635993,35.1008456],[126.9635905,35.1008343],[126.9635825,35.1008231],[126.9635748,35.1008117],[126.9635673,35.1008002],[126.9635529,35.100777],[126.963532,35.1007418],[126.9635115,35.1007065],[126.9634981,35.1006828],[126.9634853,35.100659],[126.9634793,35.100647],[126.9634736,35.1006348],[126.9634683,35.1006223],[126.9634633,35.1006096],[126.9634541,35.100584],[126.9634413,35.1005454],[126.9633709,35.1003257],[126.9632417,35.0999254],[126.9632122,35.0998349],[126.963173,35.0997183],[126.9631646,35.0996924],[126.9631608,35.0996796],[126.9631573,35.0996668],[126.9631543,35.0996542],[126.9631521,35.0996417],[126.9631511,35.0996296],[126.9631516,35.0996178],[126.9631542,35.0996065],[126.9631594,35.0995961],[126.9631666,35.0995862],[126.9631754,35.0995766],[126.9631852,35.0995673],[126.9631959,35.0995582],[126.9632186,35.0995403],[126.9632543,35.0995138],[126.9633026,35.099479],[126.9633271,35.0994623],[126.9633394,35.0994544],[126.963352,35.0994469],[126.9633648,35.0994402],[126.9633779,35.0994343],[126.9633916,35.0994297],[126.9634056,35.0994267],[126.9634201,35.099425],[126.963435,35.0994241],[126.9634502,35.0994239],[126.9634655,35.0994242],[126.963481,35.0994248],[126.9635121,35.0994265],[126.9635591,35.0994296],[126.9635904,35.0994311],[126.9636061,35.0994316],[126.9636217,35.0994317],[126.9636372,35.0994314],[126.9636532,35.0994304],[126.9636691,35.099429],[126.963685,35.0994272],[126.9637008,35.0994251],[126.9637325,35.0994204],[126.96378,35.0994126],[126.9639378,35.0993856]]}},{"type":"Feature","properties":{"slot":"mudeungsan_hiking_trail","sourceCode":"291101901","sourceMountainName":"마집봉","trailName":"소태동구간","trailLengthKm":"0.9","difficulty":"쉬움","sourceFeatureId":"16","pathIndex":"0"},"geometry":{"type":"LineString","coordinates":[[126.9489711,35.1189029],[126.9490981,35.1188503],[126.9492153,35.1188022],[126.9492583,35.1187841],[126.9492862,35.1187717],[126.9492998,35.1187653],[126.9493129,35.1187586],[126.9493254,35.1187515],[126.9493371,35.1187439],[126.9493475,35.1187357],[126.9493564,35.1187266],[126.9493634,35.1187165],[126.9493688,35.1187058],[126.9493734,35.1186945],[126.9493814,35.118672],[126.9493856,35.1186612],[126.9493904,35.1186513],[126.9493964,35.1186426],[126.9494041,35.1186357],[126.9494142,35.1186309],[126.9494261,35.1186281],[126.9494393,35.1186266],[126.9494535,35.1186261],[126.9494684,35.1186263],[126.9494837,35.1186271],[126.9494995,35.1186281],[126.9495315,35.1186308],[126.949645,35.1186417],[126.9497421,35.1186507],[126.9502253,35.1186934],[126.9502575,35.1186961],[126.9502898,35.1186984],[126.950322,35.1187],[126.9503381,35.1187003],[126.9503543,35.1187002],[126.9503706,35.1186997],[126.9503868,35.1186991],[126.9504194,35.1186972],[126.9504682,35.1186938],[126.9505983,35.1186841],[126.9506961,35.118677],[126.9507616,35.1186726],[126.9508929,35.1186641],[126.9509252,35.1186615],[126.9509409,35.1186598],[126.9509562,35.1186577],[126.9509709,35.1186551],[126.9509846,35.1186516],[126.950997,35.118647],[126.9510077,35.1186407],[126.9510161,35.1186325],[126.9510228,35.1186227],[126.9510283,35.1186118],[126.9510328,35.1186],[126.9510366,35.1185876],[126.9510401,35.1185748],[126.9510432,35.1185618],[126.9510491,35.1185352],[126.9510662,35.1184544],[126.9510715,35.1184278],[126.9510739,35.1184146],[126.9510758,35.1184017],[126.9510772,35.1183891],[126.9510777,35.1183769],[126.951077,35.1183653],[126.9510745,35.1183545],[126.9510696,35.1183448],[126.9510621,35.1183368],[126.9510523,35.1183299],[126.9510407,35.1183237],[126.951028,35.1183181],[126.9510144,35.1183129],[126.9510002,35.1183081],[126.9509708,35.1182988],[126.9509107,35.1182806],[126.9508959,35.1182757],[126.9508814,35.1182707],[126.9508673,35.1182652],[126.9508538,35.1182593],[126.9508411,35.1182526],[126.9508295,35.118245],[126.9508189,35.118236],[126.9508095,35.1182259],[126.9508009,35.1182152],[126.9507929,35.1182039],[126.9507853,35.1181922],[126.9507781,35.1181803],[126.9507644,35.118156],[126.9507579,35.1181437],[126.9507518,35.1181314],[126.9507461,35.1181191],[126.9507411,35.1181067],[126.950737,35.1180943],[126.9507343,35.118082],[126.9507333,35.1180697],[126.9507345,35.1180578],[126.9507374,35.118046],[126.9507416,35.1180343],[126.9507468,35.1180226],[126.9507528,35.1180111],[126.9507595,35.1179999],[126.9507669,35.1179889],[126.950775,35.1179783],[126.9507839,35.1179683],[126.9507938,35.117959],[126.9508053,35.1179503],[126.9508178,35.1179425],[126.9508311,35.1179352],[126.9508448,35.1179283],[126.9508732,35.1179154],[126.9509022,35.117903],[126.9510046,35.1178604],[126.9510628,35.1178359],[126.9511208,35.1178112],[126.9512076,35.1177737],[126.9512366,35.1177615],[126.9512655,35.1177499],[126.9512801,35.1177446],[126.9512946,35.1177399],[126.9513093,35.1177358],[126.951324,35.1177328],[126.9513388,35.1177313],[126.9513536,35.1177314],[126.9513685,35.117733],[126.9513836,35.1177355],[126.9513986,35.1177387],[126.9514138,35.1177424],[126.9514595,35.1177543],[126.9514749,35.1177581],[126.9514904,35.1177614],[126.951506,35.1177642],[126.9515212,35.1177663],[126.9515366,35.1177677],[126.9515521,35.1177688],[126.9515676,35.1177695],[126.9515987,35.1177703],[126.9516456,35.1177706],[126.9516768,35.1177703],[126.951708,35.1177693],[126.9517235,35.1177684],[126.9517389,35.1177672],[126.9517543,35.1177655],[126.95177,35.1177632],[126.9517856,35.1177603],[126.9518011,35.1177571],[126.9518166,35.1177536],[126.9518784,35.117739],[126.9518938,35.1177356],[126.9519093,35.1177325],[126.9519248,35.1177299],[126.9519403,35.1177279],[126.9519559,35.1177268],[126.9519715,35.1177267],[126.9519872,35.1177276],[126.9520029,35.117729],[126.9520186,35.117731],[126.9520344,35.1177333],[126.9520502,35.1177358],[126.9520817,35.1177412],[126.9521131,35.1177472],[126.9521287,35.1177504],[126.952144,35.1177538],[126.952159,35.1177575],[126.9521736,35.1177617],[126.9521876,35.1177665],[126.9522006,35.1177722],[126.9522125,35.1177791],[126.9522226,35.1177872],[126.9522315,35.1177965],[126.9522395,35.1178066],[126.9522469,35.1178174],[126.9522537,35.1178285],[126.9522602,35.11784],[126.9522663,35.1178516],[126.9522721,35.1178634],[126.9522774,35.1178753],[126.9522822,35.1178872],[126.9522863,35.1178991],[126.9522894,35.1179109],[126.9522912,35.1179227],[126.9522912,35.1179344],[126.952289,35.1179463],[126.9522849,35.1179582],[126.9522795,35.1179699],[126.9522731,35.1179816],[126.952266,35.1179932],[126.9522584,35.1180049],[126.9522424,35.118028],[126.9522257,35.1180511],[126.9521414,35.1181665],[126.9521251,35.1181895],[126.9521173,35.118201],[126.95211,35.1182125],[126.9521034,35.1182238],[126.9520977,35.1182351],[126.9520933,35.1182462],[126.9520908,35.1182571],[126.9520909,35.1182678],[126.9520941,35.1182783],[126.9521,35.1182885],[126.9521077,35.1182985],[126.9521168,35.1183083],[126.9521268,35.1183181],[126.9521375,35.1183278],[126.9521486,35.1183374],[126.9521716,35.1183566],[126.9522183,35.118395],[126.9522413,35.1184145],[126.9522526,35.1184243],[126.9522636,35.1184343],[126.9522743,35.1184444],[126.9522846,35.1184549],[126.9522944,35.1184657],[126.9523038,35.1184767],[126.9523128,35.118488],[126.9523304,35.1185109],[126.9523645,35.1185573],[126.952398,35.1186039],[126.9524142,35.1186274],[126.9524219,35.1186392],[126.9524293,35.1186511],[126.952436,35.1186631],[126.952442,35.1186753],[126.9524468,35.1186877],[126.9524502,35.1187001],[126.9524526,35.1187127],[126.9524542,35.1187254],[126.9524552,35.1187383],[126.9524558,35.1187513],[126.9524565,35.1187905],[126.9524564,35.1189614],[126.9524558,35.1189875],[126.9524552,35.1190004],[126.9524541,35.1190133],[126.9524526,35.1190261],[126.9524502,35.1190387],[126.9524468,35.119051],[126.9524421,35.1190631],[126.9524364,35.1190749],[126.9524299,35.1190865],[126.9524229,35.1190981],[126.9524154,35.1191095],[126.9523918,35.1191435],[126.9523268,35.1192339],[126.9522622,35.1193244],[126.9522374,35.1193579],[126.9522289,35.1193689],[126.95222,35.1193797],[126.9522108,35.1193902],[126.952201,35.1194004],[126.9521907,35.11941],[126.9521798,35.1194193],[126.9521686,35.1194283],[126.9521454,35.1194458],[126.9521217,35.1194629],[126.9520976,35.1194799],[126.9520734,35.1194965],[126.9520612,35.1195046],[126.9520488,35.1195124],[126.9520364,35.11952],[126.9520238,35.119527],[126.952011,35.1195333],[126.9519978,35.1195387],[126.9519841,35.1195428],[126.9519698,35.1195452],[126.951955,35.1195464],[126.9519399,35.1195466],[126.9519245,35.1195461],[126.9519089,35.119545],[126.9518775,35.119542],[126.951846,35.1195382],[126.9518148,35.1195338],[126.9517996,35.1195312],[126.9517846,35.1195282],[126.9517702,35.1195248],[126.9517564,35.1195206],[126.9517436,35.1195155],[126.951732,35.1195091],[126.9517221,35.1195012],[126.9517135,35.119492],[126.9517057,35.1194819],[126.9516986,35.119471],[126.951692,35.1194598],[126.9516666,35.1194132],[126.95166,35.1194018],[126.9516528,35.1193909],[126.951645,35.1193805],[126.9516363,35.119371],[126.9516264,35.1193627],[126.9516147,35.1193556],[126.9516016,35.1193497],[126.9515876,35.1193447],[126.9515728,35.1193403],[126.9515576,35.1193364],[126.9515421,35.1193329],[126.9515106,35.1193264],[126.9514793,35.1193206],[126.9514641,35.1193181],[126.9514495,35.1193158],[126.9514358,35.1193141],[126.9514233,35.119313],[126.9514126,35.1193128],[126.9514044,35.119314],[126.9513995,35.1193169],[126.9513986,35.1193218],[126.9514007,35.1193282],[126.9514051,35.1193359],[126.951411,35.1193445],[126.9514411,35.1193831],[126.9514482,35.119393],[126.9514544,35.1194028],[126.9514591,35.1194124],[126.9514617,35.1194216],[126.9514615,35.1194303],[126.9514576,35.1194388],[126.9514504,35.1194467],[126.951441,35.1194542],[126.9514298,35.1194614],[126.9514175,35.1194684],[126.9514043,35.1194752],[126.9513906,35.1194819],[126.9513477,35.1195017],[126.9513041,35.1195212],[126.951275,35.1195336],[126.9512606,35.1195394],[126.9512462,35.1195446],[126.9512319,35.1195493],[126.9512177,35.1195529],[126.9512036,35.1195551],[126.9511898,35.1195555],[126.9511761,35.1195535],[126.9511627,35.1195496],[126.9511493,35.1195444],[126.9511361,35.1195381],[126.9511229,35.1195312],[126.9511098,35.1195238],[126.9510967,35.1195161],[126.9510706,35.1195001],[126.9509402,35.1194187],[126.9507057,35.1192743],[126.9506795,35.1192584],[126.9506532,35.1192428],[126.9506265,35.1192277],[126.9506129,35.1192206],[126.9505991,35.1192139],[126.9505849,35.1192077],[126.9505705,35.1192023],[126.9505557,35.1191974],[126.9505407,35.1191928],[126.9504649,35.1191721],[126.95045,35.1191677],[126.9504356,35.1191629],[126.9504216,35.1191577],[126.9504083,35.1191517],[126.950396,35.1191447],[126.9503852,35.1191367],[126.9503753,35.1191278],[126.950366,35.1191181],[126.9503573,35.119108],[126.950349,35.1190975],[126.9503408,35.1190867],[126.9503012,35.1190315],[126.9502847,35.1190098],[126.9502759,35.1189992],[126.9502667,35.118989],[126.9502567,35.118979],[126.9502462,35.1189693],[126.9502353,35.1189599],[126.9502241,35.1189507],[126.9502011,35.1189326],[126.9501611,35.1189025],[126.9500711,35.1188359]]}},{"type":"Feature","properties":{"slot":"mudeungsan_hiking_trail","sourceCode":"291101901","sourceMountainName":"마집봉","trailName":"","trailLengthKm":"0.39","difficulty":"쉬움","sourceFeatureId":"17","pathIndex":"0"},"geometry":{"type":"LineString","coordinates":[[126.9489711,35.1189029],[126.9490749,35.1190195],[126.9491689,35.119126],[126.9491974,35.1191575],[126.9492071,35.1191678],[126.9492171,35.1191778],[126.9492273,35.1191875],[126.9492379,35.1191967],[126.9492491,35.1192052],[126.9492611,35.1192128],[126.9492739,35.1192193],[126.9492874,35.1192248],[126.9493015,35.1192298],[126.949316,35.1192342],[126.9493308,35.1192383],[126.9493609,35.1192459],[126.9493914,35.119253],[126.9494986,35.1192774],[126.949529,35.1192848],[126.949544,35.1192887],[126.9495588,35.1192929],[126.9495735,35.1192974],[126.9495878,35.1193024],[126.9496018,35.119308],[126.9496152,35.1193143],[126.9496283,35.1193213],[126.949641,35.1193287],[126.949666,35.1193444],[126.9497026,35.1193692],[126.9497994,35.1194366],[126.9498358,35.1194617],[126.9498603,35.1194781],[126.9498727,35.1194862],[126.9498853,35.119494],[126.949898,35.1195015],[126.949911,35.1195087],[126.9499243,35.1195153],[126.9499384,35.1195215],[126.9499528,35.1195271],[126.9499822,35.1195375],[126.950027,35.1195523],[126.9500417,35.1195574],[126.9500563,35.1195628],[126.9500706,35.1195685],[126.9500844,35.1195749],[126.950098,35.119582],[126.9501111,35.1195898],[126.9501239,35.119598],[126.9501364,35.1196065],[126.9501488,35.1196152],[126.9501733,35.1196331],[126.9502096,35.1196604],[126.9503786,35.1197885],[126.9504273,35.1198247],[126.950452,35.1198423],[126.9504647,35.1198507],[126.9504776,35.1198588],[126.9504909,35.1198665],[126.9505046,35.1198736],[126.9505187,35.1198803],[126.9505331,35.1198866],[126.9505625,35.1198986],[126.9505921,35.1199102],[126.9507715,35.1199782],[126.9509505,35.1200469],[126.9509804,35.1200579],[126.9509955,35.120063],[126.9510106,35.1200678],[126.9510258,35.1200722],[126.9510412,35.1200759],[126.9510568,35.1200786],[126.9510718,35.1200802],[126.9510871,35.120081],[126.9511025,35.1200812],[126.951118,35.1200809],[126.9511491,35.1200794],[126.9512116,35.1200757],[126.951227,35.120075],[126.9512424,35.1200747],[126.9512576,35.1200748],[126.9512726,35.1200755],[126.9512872,35.1200771],[126.9513014,35.1200799],[126.9513154,35.1200842],[126.9513289,35.1200897],[126.9513421,35.1200962],[126.9513551,35.1201033],[126.9513679,35.1201109],[126.9513805,35.1201188],[126.9514181,35.1201435],[126.951568,35.1202442],[126.9516052,35.1202695],[126.9516295,35.1202868],[126.9516414,35.1202956],[126.951653,35.1203048],[126.9516643,35.1203143],[126.9516753,35.1203241],[126.9516968,35.1203441],[126.9517283,35.1203748],[126.95177,35.120416],[126.9517906,35.1204367],[126.9518107,35.1204575],[126.9518204,35.120468],[126.9518296,35.1204785],[126.9518381,35.1204892],[126.9518458,35.1205001],[126.9518521,35.1205113],[126.9518567,35.1205228],[126.9518592,35.1205342],[126.95186,35.120546],[126.9518597,35.1205579],[126.9518586,35.1205701],[126.9518569,35.1205824],[126.9518511,35.1206195],[126.9518496,35.1206319],[126.9518486,35.1206442],[126.9518485,35.1206564],[126.9518495,35.1206685],[126.9518522,35.1206811],[126.9518562,35.1206936],[126.9518612,35.120706],[126.9518669,35.1207183],[126.9518731,35.1207305],[126.9518864,35.1207548],[126.9519075,35.1207912],[126.9519861,35.1209245],[126.9520711,35.1210699]]}},{"type":"Feature","properties":{"slot":"mudeungsan_hiking_trail","sourceCode":"291101901","sourceMountainName":"마집봉","trailName":"용산동구간","trailLengthKm":"0.25","difficulty":"중간","sourceFeatureId":"18","pathIndex":"0"},"geometry":{"type":"LineString","coordinates":[[126.927105,35.1225362],[126.9273664,35.122671],[126.9275324,35.1227555],[126.9275599,35.1227697],[126.9275869,35.1227843],[126.9276001,35.1227918],[126.9276128,35.1227995],[126.9276249,35.1228077],[126.9276362,35.1228164],[126.9276464,35.1228258],[126.9276552,35.1228361],[126.927663,35.1228472],[126.9276699,35.1228588],[126.9276762,35.1228708],[126.9276821,35.122883],[126.9276878,35.1228955],[126.9276985,35.1229207],[126.9277449,35.1230353],[126.927761,35.1230732],[126.9277726,35.123098],[126.927779,35.1231102],[126.9277859,35.1231221],[126.9277936,35.1231335],[126.9278022,35.1231445],[126.9278116,35.1231551],[126.9278216,35.1231655],[126.9278319,35.1231756],[126.9278535,35.1231954],[126.9278758,35.1232146],[126.9278989,35.1232333],[126.9279108,35.1232422],[126.9279231,35.1232508],[126.9279359,35.123259],[126.927949,35.1232669],[126.9279624,35.1232745],[126.9279897,35.1232893],[126.9280311,35.1233108],[126.9282114,35.1234031],[126.9283222,35.1234602],[126.9283633,35.123482],[126.9283903,35.123497],[126.9284035,35.1235048],[126.9284164,35.1235129],[126.9284417,35.1235295],[126.9284666,35.1235466],[126.9284913,35.1235639],[126.9287249,35.1237296],[126.9288602,35.1238267],[126.9288848,35.1238441],[126.9289095,35.1238606],[126.9289218,35.1238682],[126.9289341,35.1238751],[126.9289465,35.1238809],[126.9289589,35.1238851],[126.9289713,35.1238872],[126.9289837,35.1238864],[126.9289961,35.1238833],[126.9290101,35.1238774],[126.9290257,35.123869],[126.9290421,35.1238589],[126.9290587,35.123848],[126.9290748,35.1238368],[126.9290895,35.1238261],[126.9291187,35.1238045],[126.929121,35.1238032]]}},{"type":"Feature","properties":{"slot":"mudeungsan_hiking_trail","sourceCode":"291101901","sourceMountainName":"마집봉","trailName":"소태동구간","trailLengthKm":"0.52","difficulty":"중간","sourceFeatureId":"19","pathIndex":"0"},"geometry":{"type":"LineString","coordinates":[[126.9450051,35.124803],[126.9445138,35.1251765],[126.9443218,35.1253221],[126.9442742,35.1253588],[126.944251,35.1253776],[126.9442396,35.1253872],[126.9442176,35.1254067],[126.9441961,35.1254266],[126.944175,35.1254468],[126.9439547,35.1256602],[126.9438395,35.1257722],[126.9438079,35.1258025],[126.9437863,35.1258223],[126.9437753,35.125832],[126.9437641,35.1258415],[126.9437525,35.1258507],[126.9437407,35.1258594],[126.9437286,35.1258677],[126.9437038,35.1258838],[126.9436656,35.1259073],[126.9434985,35.1260072],[126.9434726,35.1260223],[126.9434464,35.1260371],[126.9434332,35.1260442],[126.9434197,35.1260511],[126.9434059,35.1260578],[126.9433778,35.1260704],[126.9433349,35.1260885],[126.9431475,35.1261647],[126.9429602,35.1262415],[126.9429311,35.1262529],[126.9429164,35.1262583],[126.9429017,35.1262635],[126.9428867,35.1262683],[126.942872,35.1262726],[126.9428572,35.1262765],[126.9428422,35.12628],[126.9428272,35.1262833],[126.9428122,35.1262863],[126.9427971,35.126289],[126.9427821,35.1262913],[126.9427671,35.1262931],[126.9427522,35.1262943],[126.9427374,35.1262946],[126.9427228,35.1262937],[126.9427082,35.1262914],[126.9426938,35.1262878],[126.9426795,35.1262834],[126.9426653,35.1262783],[126.9426512,35.1262728],[126.9426232,35.126261],[126.9425532,35.1262296],[126.9425252,35.1262173],[126.9424969,35.1262056],[126.9424825,35.1262001],[126.9424681,35.126195],[126.9424534,35.1261904],[126.9424382,35.1261863],[126.9424228,35.1261828],[126.9424072,35.1261797],[126.9423915,35.1261769],[126.9423599,35.1261717],[126.9423281,35.1261669],[126.9421211,35.1261371],[126.9418825,35.1261019],[126.9418507,35.1260975],[126.9418188,35.1260934],[126.9418029,35.1260916],[126.9417869,35.1260902],[126.9417709,35.1260891],[126.9417549,35.1260885],[126.9417389,35.1260882],[126.9417068,35.1260885],[126.9416747,35.1260894],[126.9416426,35.1260906],[126.9414161,35.1261184],[126.941384,35.1261195],[126.9413519,35.1261199],[126.9413359,35.1261198],[126.94132,35.1261193],[126.9413041,35.1261183],[126.9412883,35.1261167],[126.9412726,35.1261145],[126.941257,35.126112],[126.9412414,35.1261092],[126.9412102,35.1261031],[126.9411791,35.1260965],[126.9411482,35.1260895],[126.9411175,35.1260821],[126.9411022,35.1260781],[126.9410872,35.1260737],[126.9410723,35.126069],[126.9410579,35.1260637],[126.9410437,35.1260581],[126.9410296,35.1260521],[126.9410017,35.1260396],[126.9409603,35.1260199],[126.9408409,35.1259805],[126.9408133,35.1259676],[126.9407995,35.1259614],[126.9407855,35.1259555],[126.9407715,35.12595],[126.9407574,35.1259451],[126.9407431,35.125941],[126.9407286,35.1259381],[126.9407135,35.1259365],[126.9406981,35.1259361],[126.9406826,35.1259366],[126.940667,35.1259378],[126.9403957,35.1260036],[126.9402827,35.1260242],[126.940248,35.126024],[126.940232,35.1259995],[126.9401947,35.125891]]}},{"type":"Feature","properties":{"slot":"mudeungsan_hiking_trail","sourceCode":"291101901","sourceMountainName":"마집봉","trailName":"용산동구간","trailLengthKm":"0.26","difficulty":"쉬움","sourceFeatureId":"20","pathIndex":"0"},"geometry":{"type":"LineString","coordinates":[[126.926071,35.1227032],[126.9260296,35.1229948],[126.926002,35.1231937],[126.9259979,35.1232201],[126.9259956,35.1232333],[126.925993,35.1232463],[126.9259901,35.1232593],[126.9259866,35.1232722],[126.9259824,35.1232848],[126.9259773,35.1232972],[126.9259716,35.1233093],[126.9259653,35.1233214],[126.9259517,35.1233452],[126.92593,35.1233806],[126.9258709,35.1234748],[126.925805,35.1235811],[126.9257902,35.1236045],[126.9257749,35.1236275],[126.9257669,35.1236387],[126.9257585,35.1236495],[126.9257496,35.1236599],[126.9257399,35.1236696],[126.9257293,35.1236784],[126.9257174,35.1236862],[126.9257045,35.1236931],[126.925691,35.1236995],[126.9256349,35.123723],[126.9256214,35.1237293],[126.9256086,35.1237363],[126.9255967,35.1237441],[126.9255861,35.1237529],[126.9255764,35.1237626],[126.9255675,35.123773],[126.9255591,35.1237838],[126.9255511,35.123795],[126.9255358,35.123818],[126.9255064,35.1238651],[126.9254049,35.1240309],[126.9253903,35.1240545],[126.9253752,35.1240778],[126.9253674,35.1240892],[126.9253593,35.1241004],[126.9253508,35.1241114],[126.9253418,35.1241219],[126.925332,35.1241319],[126.9253211,35.1241413],[126.9253093,35.1241501],[126.925297,35.1241585],[126.9252843,35.1241666],[126.9251303,35.1242608],[126.9250146,35.1243192],[126.9248417,35.1243393],[126.9245408,35.1243438]]}},{"type":"Feature","properties":{"slot":"mudeungsan_hiking_trail","sourceCode":"291101901","sourceMountainName":"마집봉","trailName":"","trailLengthKm":"0.55","difficulty":"쉬움","sourceFeatureId":"21","pathIndex":"0"},"geometry":{"type":"LineString","coordinates":[[126.927105,35.1225362],[126.927482,35.1222815],[126.9276839,35.1221462],[126.9277086,35.122129],[126.9277207,35.1221202],[126.9277325,35.1221112],[126.9277439,35.122102],[126.9277546,35.1220924],[126.9277645,35.1220823],[126.9277733,35.1220716],[126.9277813,35.1220603],[126.9277887,35.1220487],[126.9277957,35.1220369],[126.9278087,35.1220126],[126.9278212,35.121988],[126.9278817,35.1218638],[126.9279003,35.1218269],[126.9279134,35.1218026],[126.9279203,35.1217907],[126.9279277,35.1217791],[126.9279357,35.1217679],[126.9279446,35.1217571],[126.9279541,35.1217473],[126.9279645,35.1217379],[126.9279754,35.1217289],[126.9279868,35.1217201],[126.9280103,35.1217031],[126.9280709,35.1216613],[126.9280949,35.1216444],[126.9281066,35.1216357],[126.928118,35.1216269],[126.9281291,35.1216177],[126.9281395,35.1216082],[126.9281492,35.1215982],[126.9281539,35.1215659],[126.928147,35.1215332],[126.9281355,35.1215055],[126.9281246,35.1214914],[126.9281194,35.1214851],[126.928115,35.1214766],[126.9281113,35.1214665],[126.9281081,35.1214553],[126.9281052,35.1214432],[126.9281026,35.1214306],[126.9281003,35.1214177],[126.9280982,35.1214046],[126.9280965,35.1213914],[126.9280952,35.1213781],[126.9280945,35.1213648],[126.9280946,35.1213516],[126.9280958,35.1213386],[126.9280984,35.1213256],[126.928102,35.1213129],[126.9281064,35.1213002],[126.9281113,35.1212876],[126.9281223,35.1212625],[126.928134,35.1212376],[126.9282191,35.1210644],[126.9282366,35.1210274],[126.9282421,35.121015],[126.9282471,35.1210026],[126.9282517,35.1209902],[126.9282555,35.1209778],[126.9282582,35.1209653],[126.9282595,35.1209529],[126.9282591,35.1209402],[126.9282572,35.1209275],[126.9282543,35.1209148],[126.9282506,35.1209021],[126.9282464,35.1208893],[126.928237,35.1208638],[126.9282174,35.1208127],[126.9282129,35.1208],[126.9282087,35.1207872],[126.9282052,35.1207745],[126.9282024,35.1207617],[126.9282007,35.1207491],[126.9282005,35.1207364],[126.9282022,35.1207237],[126.9282054,35.1207111],[126.9282097,35.1206985],[126.9282148,35.1206859],[126.9282205,35.1206733],[126.9282265,35.1206607],[126.9282513,35.1206107],[126.928257,35.1205984],[126.928262,35.1205861],[126.9282662,35.1205741],[126.928269,35.1205623],[126.9282701,35.1205508],[126.9282687,35.1205398],[126.9282644,35.1205296],[126.9282577,35.12052],[126.9282493,35.1205106],[126.9282397,35.1205015],[126.9282291,35.1204926],[126.9282179,35.1204838],[126.9282063,35.120475],[126.9281824,35.1204577],[126.9281215,35.1204145],[126.9280979,35.1203968],[126.9280865,35.1203878],[126.9280756,35.1203786],[126.9280653,35.1203691],[126.9280559,35.1203592],[126.9280476,35.1203487],[126.9280409,35.1203379],[126.9280353,35.1203266],[126.9280305,35.1203149],[126.9280263,35.1203029],[126.928019,35.1202784],[126.9280061,35.1202285],[126.9279992,35.1202037],[126.9279954,35.1201914],[126.9279912,35.1201793],[126.9279865,35.1201673],[126.9279809,35.1201556],[126.9279741,35.1201436],[126.9279665,35.1201319],[126.9279583,35.1201203],[126.9279496,35.120109],[126.9279315,35.1200865],[126.9278939,35.1200421],[126.9278754,35.1200199],[126.9278666,35.1200087],[126.9278583,35.1199975],[126.9278506,35.1199862],[126.9278439,35.1199748],[126.9278386,35.1199632],[126.9278351,35.1199513],[126.9278339,35.1199394],[126.9278345,35.1199273],[126.9278363,35.119915],[126.9278392,35.1199026],[126.9278427,35.1198901],[126.9278466,35.1198776],[126.9278554,35.1198524],[126.9279165,35.1196879],[126.927935,35.1196374],[126.9279484,35.1195994],[126.9279568,35.119574],[126.9279607,35.1195613],[126.9279642,35.1195485],[126.9279673,35.1195357],[126.9279698,35.1195227],[126.9279719,35.1195098],[126.9279736,35.1194967],[126.9279776,35.1194575],[126.9279883,35.1193259],[126.927999,35.119207],[126.9280007,35.1191809],[126.928001,35.119168],[126.9280009,35.1191554],[126.928,35.1191431],[126.9279981,35.1191314],[126.9279947,35.1191203],[126.9279893,35.1191101],[126.9279815,35.1191011],[126.9279717,35.119093],[126.9279604,35.1190855],[126.927948,35.1190786],[126.9279349,35.1190721],[126.9279213,35.1190658],[126.9279073,35.1190598],[126.9278786,35.1190483],[126.9278641,35.1190429],[126.9278494,35.1190379],[126.9278345,35.1190333],[126.9278195,35.1190293],[126.9278043,35.1190261],[126.9277886,35.1190239],[126.9277727,35.1190225],[126.9277566,35.1190218],[126.9277404,35.1190214],[126.9277242,35.1190214],[126.9276753,35.1190223],[126.9275447,35.119026],[126.9274633,35.1190281],[126.9272515,35.1190327],[126.9272191,35.1190339],[126.927203,35.1190348],[126.9271871,35.1190361],[126.9271713,35.1190378],[126.9271559,35.1190402],[126.9271407,35.1190436],[126.9271271,35.1190477],[126.9271138,35.1190527],[126.9271007,35.1190582],[126.9270879,35.1190642],[126.927037,35.1190897],[126.9270243,35.1190957],[126.9270102,35.1191013],[126.9269939,35.1191059],[126.9269762,35.1191092],[126.9269579,35.1191107],[126.9269395,35.1191109],[126.9269218,35.11911],[126.9269056,35.1191085],[126.9268916,35.1191067],[126.9268806,35.119105],[126.9268709,35.1191032]]}},{"type":"Feature","properties":{"slot":"mudeungsan_hiking_trail","sourceCode":"291101901","sourceMountainName":"마집봉","trailName":"소태동구간","trailLengthKm":"1.1","difficulty":"쉬움","sourceFeatureId":"22","pathIndex":"0"},"geometry":{"type":"LineString","coordinates":[[126.9420549,35.114736],[126.9422776,35.1153103],[126.9423176,35.1154124],[126.9423582,35.1155145],[126.9423729,35.1155528],[126.9423774,35.1155655],[126.9423815,35.1155783],[126.942385,35.1155909],[126.9423877,35.1156036],[126.9423893,35.1156162],[126.9423894,35.1156287],[126.9423876,35.1156412],[126.9423843,35.1156536],[126.9423798,35.1156659],[126.9423746,35.1156781],[126.9423688,35.1156904],[126.9423561,35.1157148],[126.9423428,35.1157393],[126.9422885,35.1158369],[126.9422147,35.1159712],[126.9421938,35.1160074],[126.9421791,35.116031],[126.9421638,35.1160539],[126.9421402,35.1160881],[126.9420524,35.1162127],[126.9420279,35.1162464],[126.9420109,35.1162684],[126.942002,35.1162791],[126.9419927,35.1162896],[126.941983,35.1162997],[126.9419729,35.1163091],[126.9419623,35.1163182],[126.9419515,35.116327],[126.9419183,35.1163532],[126.9419075,35.116362],[126.941897,35.116371],[126.941887,35.1163804],[126.9418778,35.1163901],[126.941869,35.116401],[126.9418611,35.1164123],[126.9418537,35.1164239],[126.9418468,35.1164358],[126.9418338,35.1164602],[126.9418213,35.1164849],[126.9418092,35.1165099],[126.9417615,35.1166103],[126.9417493,35.1166351],[126.941743,35.1166473],[126.9417364,35.1166591],[126.9417296,35.1166706],[126.9417222,35.1166814],[126.9417141,35.1166914],[126.9417051,35.1167001],[126.9416947,35.1167072],[126.9416825,35.1167123],[126.941669,35.1167157],[126.9416545,35.1167179],[126.9416393,35.1167192],[126.9416236,35.1167199],[126.9416075,35.1167201],[126.9415913,35.1167201],[126.9415583,35.1167196],[126.9414424,35.1167169],[126.9413433,35.116715],[126.9408496,35.1167074],[126.9407669,35.1167058],[126.9406672,35.1167033],[126.9406343,35.1167028],[126.9406181,35.1167028],[126.9406021,35.1167031],[126.9405866,35.1167038],[126.9405717,35.1167052],[126.9405576,35.1167075],[126.9405448,35.1167111],[126.9405337,35.1167164],[126.9405247,35.1167239],[126.9405174,35.116733],[126.9405113,35.1167435],[126.9405061,35.1167548],[126.9405015,35.1167668],[126.9404973,35.1167792],[126.9404897,35.1168049],[126.9404544,35.1169361],[126.9404472,35.1169622],[126.9404396,35.1169881],[126.9404314,35.1170138],[126.9404269,35.1170266],[126.940422,35.1170391],[126.9404165,35.1170515],[126.9404102,35.1170638],[126.9404033,35.1170758],[126.940396,35.1170877],[126.9403884,35.1170995],[126.9403726,35.117123],[126.9403483,35.1171579],[126.9401358,35.1174599],[126.9401037,35.1175066],[126.9400884,35.1175303],[126.9400811,35.1175422],[126.9400743,35.1175543],[126.940068,35.1175664],[126.940062,35.1175787],[126.940051,35.1176035],[126.9400196,35.1176784],[126.9400085,35.1177029],[126.9400024,35.1177149],[126.9399958,35.1177267],[126.9399886,35.117738],[126.9399804,35.1177487],[126.9399709,35.117759],[126.9399605,35.1177686],[126.9399493,35.1177779],[126.9399377,35.1177869],[126.9399134,35.1178043],[126.9398758,35.1178298],[126.9397242,35.1179308],[126.9394223,35.1181337],[126.9392709,35.1182349],[126.9392459,35.1182519],[126.9392212,35.1182692],[126.9392092,35.1182781],[126.9391975,35.1182871],[126.9391862,35.1182965],[126.9391755,35.1183063],[126.9391657,35.1183163],[126.9391565,35.1183268],[126.9391477,35.1183375],[126.9391391,35.1183485],[126.9391227,35.1183709],[126.9391067,35.1183936],[126.9390438,35.1184853],[126.9390279,35.1185079],[126.9390115,35.1185301],[126.9390029,35.1185407],[126.9389939,35.1185509],[126.9389845,35.1185605],[126.9389742,35.1185693],[126.938963,35.1185769],[126.9389502,35.1185833],[126.9389363,35.1185884],[126.9389217,35.1185927],[126.9389065,35.1185963],[126.9388909,35.1185995],[126.938875,35.1186025],[126.9388429,35.1186077],[126.9386967,35.1186299],[126.9385511,35.1186528],[126.9385188,35.1186577],[126.9384864,35.1186622],[126.9384702,35.1186641],[126.9384539,35.1186657],[126.9384376,35.1186668],[126.9384219,35.1186674],[126.938406,35.1186676],[126.9383743,35.1186672],[126.9383426,35.1186661],[126.9382789,35.1186632],[126.9382312,35.1186607],[126.9381996,35.1186586],[126.938184,35.1186572],[126.9381685,35.1186556],[126.9381532,35.1186536],[126.9381381,35.118651],[126.9381236,35.1186476],[126.9381095,35.1186431],[126.9380962,35.1186373],[126.9380834,35.1186304],[126.938071,35.1186228],[126.9380589,35.1186147],[126.9380121,35.1185811],[126.9380006,35.1185734],[126.937989,35.1185666],[126.9379774,35.118561],[126.9379658,35.118557],[126.9379541,35.1185553],[126.9379424,35.1185563],[126.9379306,35.1185596],[126.9379187,35.1185645],[126.9379068,35.1185707],[126.9378949,35.1185777],[126.937883,35.1185854],[126.937871,35.1185934],[126.9378229,35.1186272],[126.9377985,35.1186436],[126.9377862,35.1186513],[126.9377737,35.1186585],[126.9377609,35.118665],[126.9377478,35.1186705],[126.9377343,35.1186746],[126.9377198,35.1186771],[126.9377048,35.1186783],[126.9376895,35.1186784],[126.937674,35.1186777],[126.9376582,35.1186765],[126.9376424,35.118675],[126.9376104,35.1186712],[126.9375254,35.1186849],[126.9374772,35.118679],[126.9374452,35.1186759],[126.9374292,35.1186749],[126.9374133,35.1186744],[126.9373975,35.1186746],[126.9373818,35.1186757],[126.937367,35.1186778],[126.9373523,35.1186809],[126.9373377,35.1186845],[126.9373232,35.1186885],[126.9372662,35.118706],[126.9372523,35.1187099],[126.9372387,35.1187133],[126.9372256,35.1187159],[126.9372131,35.1187173],[126.9372013,35.1187171],[126.9371907,35.1187148],[126.9371807,35.1187096],[126.937172,35.1187019],[126.9371641,35.1186925],[126.9371569,35.1186819],[126.9371501,35.1186704],[126.9371436,35.1186584],[126.9371099,35.1185728],[126.9371035,35.1185609],[126.937097,35.1185498],[126.9370902,35.1185396],[126.937083,35.118531],[126.9370752,35.1185246],[126.9370666,35.118521],[126.9370573,35.118521],[126.9370472,35.1185238],[126.9370366,35.1185286],[126.9370256,35.118535],[126.9370143,35.1185424],[126.9370028,35.1185506],[126.9369794,35.1185682],[126.9369461,35.1186528],[126.9369224,35.1186713],[126.9369105,35.1186803],[126.9368985,35.118689],[126.9368863,35.1186974],[126.9368739,35.1187054],[126.9368612,35.1187127],[126.9368481,35.1187191],[126.9368344,35.1187243],[126.9368207,35.1187278],[126.9368065,35.1187303],[126.9367919,35.118732],[126.936777,35.1187331],[126.9367619,35.1187339],[126.9366154,35.1187019],[126.9366012,35.118707],[126.9365874,35.1187128],[126.9365736,35.1187192],[126.9365465,35.1187329],[126.9365064,35.1187548],[126.9364805,35.1187697],[126.9364681,35.1187771],[126.9364564,35.1187846],[126.9364455,35.118792],[126.9364359,35.1187994],[126.9364282,35.1188067],[126.936423,35.1188139],[126.9364212,35.1188211],[126.9364236,35.1188282],[126.9364296,35.1188352],[126.9364381,35.1188422],[126.9364484,35.118849],[126.93646,35.1188559],[126.9364726,35.1188627],[126.9364858,35.1188695],[126.9365133,35.118883],[126.9365697,35.11891],[126.9365976,35.1189236],[126.9366604,35.1190019],[126.9366689,35.1190123],[126.9366762,35.1190234],[126.9366826,35.1190351],[126.9366883,35.1190471],[126.9366935,35.1190595],[126.9366984,35.1190721],[126.9367123,35.1191104],[126.9367074,35.1192462],[126.9367201,35.1192848],[126.9367277,35.1193106],[126.9367308,35.1193235],[126.9367334,35.1193366],[126.9367353,35.1193494],[126.9367365,35.1193623],[126.9367374,35.1193753],[126.9367379,35.1193882],[126.9367384,35.1194143],[126.9367384,35.1194534],[126.9367379,35.1195448],[126.936738,35.1195709],[126.9367384,35.1195969],[126.9367395,35.1196229],[126.9367405,35.1196359],[126.9367418,35.1196491],[126.9367435,35.1196622],[126.9367475,35.1196885],[126.9367567,35.1197409],[126.9367907,35.1199243],[126.9368186,35.1200689],[126.9368233,35.1200951],[126.9368272,35.1201209],[126.9368284,35.1201337],[126.9368289,35.1201462],[126.9368284,35.1201583],[126.9368264,35.1201701],[126.9368225,35.1201811],[126.9368162,35.1201915],[126.9368079,35.1202011],[126.9367982,35.1202104],[126.9367874,35.1202193],[126.9367759,35.1202279],[126.9367639,35.1202364],[126.9367389,35.1202531],[126.9366751,35.1202944],[126.9366505,35.1203113],[126.9366387,35.1203199],[126.9366277,35.1203288],[126.9366175,35.120338],[126.9366086,35.1203477],[126.9366015,35.120358],[126.9365964,35.1203693],[126.9365931,35.1203813],[126.9365912,35.1203938],[126.9365903,35.1204066],[126.93659,35.1204197],[126.9365908,35.1204464],[126.9365925,35.1204734],[126.9366036,35.1206155],[126.936605,35.1206361]]}},{"type":"Feature","properties":{"slot":"mudeungsan_hiking_trail","sourceCode":"291101901","sourceMountainName":"마집봉","trailName":"","trailLengthKm":"0.11","difficulty":"쉬움","sourceFeatureId":"23","pathIndex":"0"},"geometry":{"type":"LineString","coordinates":[[126.926071,35.1227032],[126.9261362,35.1227439],[126.9262535,35.1228178],[126.9262796,35.1228338],[126.9262927,35.1228414],[126.9263057,35.1228487],[126.9263188,35.1228555],[126.9263318,35.1228614],[126.9263449,35.1228663],[126.926358,35.1228696],[126.9263711,35.1228708],[126.9263842,35.1228695],[126.9263972,35.1228662],[126.9264103,35.1228614],[126.9264234,35.1228555],[126.9264365,35.1228489],[126.9264496,35.1228418],[126.9264627,35.1228343],[126.9264889,35.1228189],[126.9265936,35.1227555],[126.9266591,35.1227165],[126.9266988,35.1226938],[126.9267258,35.1226794],[126.9267396,35.1226726],[126.9267536,35.1226662],[126.9267821,35.1226544],[126.9268258,35.1226377],[126.927105,35.1225362]]}},{"type":"Feature","properties":{"slot":"mudeungsan_hiking_trail","sourceCode":"291101901","sourceMountainName":"마집봉","trailName":"","trailLengthKm":"0.73","difficulty":"쉬움","sourceFeatureId":"24","pathIndex":"0"},"geometry":{"type":"LineString","coordinates":[[126.938138,35.1228031],[126.9383607,35.1227593],[126.9383926,35.1227533],[126.9384244,35.1227479],[126.9384403,35.1227455],[126.9384563,35.1227435],[126.9384723,35.1227419],[126.9384883,35.1227411],[126.9385041,35.1227412],[126.93852,35.1227419],[126.938536,35.1227431],[126.9385678,35.1227464],[126.9385998,35.1227505],[126.9386317,35.1227548],[126.9387275,35.122768],[126.9387753,35.1227749],[126.9388071,35.1227798],[126.9388386,35.1227855],[126.9388542,35.1227889],[126.9388696,35.1227926],[126.9388849,35.1227967],[126.9389153,35.1228055],[126.9389605,35.1228198],[126.9390508,35.1228491],[126.9390808,35.1228584],[126.9390958,35.1228627],[126.9391108,35.1228667],[126.9391258,35.1228701],[126.9391407,35.1228728],[126.9391556,35.1228745],[126.9391704,35.1228748],[126.9391845,35.1228735],[126.9391985,35.1228709],[126.9392125,35.1228674],[126.9392265,35.1228632],[126.9392405,35.1228586],[126.9392825,35.1228436],[126.9393108,35.122834],[126.9393252,35.1228297],[126.9393397,35.122826],[126.9393548,35.1228229],[126.93937,35.1228204],[126.9393854,35.1228183],[126.9394009,35.1228166],[126.9394321,35.1228138],[126.9394949,35.1228095],[126.9395578,35.122806],[126.9395893,35.1228047],[126.9396214,35.122804],[126.9396541,35.122804],[126.9396868,35.1228044],[126.9403902,35.1228179],[126.9404556,35.1228188],[126.9404883,35.1228187],[126.9405046,35.1228184],[126.940521,35.1228178],[126.9405369,35.122817],[126.9405686,35.1228144],[126.9406162,35.1228096],[126.9407272,35.1227973],[126.9407589,35.1227942],[126.9407747,35.122793],[126.9407904,35.1227921],[126.9408061,35.1227916],[126.9408217,35.1227916],[126.9408372,35.1227925],[126.9408524,35.1227944],[126.9408676,35.122797],[126.9408826,35.1228003],[126.9408976,35.122804],[126.9409125,35.1228079],[126.9409424,35.1228164],[126.9410317,35.1228433],[126.9410765,35.1228561],[126.9411067,35.1228638],[126.9411219,35.1228672],[126.9411375,35.1228703],[126.9411531,35.122873],[126.9411847,35.1228777],[126.9412279,35.1229025],[126.9415096,35.1229729],[126.9415573,35.1229788],[126.941589,35.1229831],[126.9416206,35.1229879],[126.9416363,35.1229907],[126.9416522,35.1229939],[126.9416681,35.1229974],[126.9416996,35.123005],[126.9417311,35.1230131],[126.9417624,35.1230214],[126.9417935,35.1230301],[126.941824,35.1230395],[126.941839,35.1230446],[126.9418535,35.1230502],[126.9418676,35.1230563],[126.941881,35.1230633],[126.9421205,35.1231345],[126.9421312,35.1231415],[126.9421424,35.1231472],[126.9421541,35.1231513],[126.9421674,35.1231535],[126.9421813,35.1231538],[126.9421958,35.1231528],[126.9422106,35.1231509],[126.9422257,35.1231483],[126.9425134,35.1231847],[126.9425265,35.1231895],[126.9425403,35.1231924],[126.9425547,35.1231938],[126.9425697,35.1231939],[126.9425849,35.1231932],[126.9426004,35.1231919],[126.9426161,35.1231902],[126.9426319,35.1231882],[126.9426637,35.1231837],[126.9427435,35.1231715],[126.9427913,35.1231646],[126.9428233,35.1231605],[126.9428392,35.1231588],[126.9428552,35.1231574],[126.9428712,35.1231564],[126.9428869,35.123156],[126.9429026,35.123156],[126.9429182,35.1231563],[126.9429339,35.1231568],[126.9429654,35.1231583],[126.9430282,35.1231622],[126.9430753,35.1231657],[126.9431064,35.1231688],[126.943122,35.1231706],[126.9431374,35.1231729],[126.943153,35.1231757],[126.9431685,35.1231788],[126.9431994,35.1231859],[126.9432609,35.1232014],[126.943399,35.1232372],[126.9434296,35.1232454],[126.9434598,35.1232539],[126.9434748,35.1232585],[126.9434895,35.1232635],[126.9435038,35.1232688],[126.9435178,35.1232748],[126.9435314,35.1232816],[126.9435446,35.1232891],[126.9435575,35.123297],[126.9435702,35.1233053],[126.9435827,35.1233137],[126.9436074,35.1233311],[126.94373,35.1234197],[126.9438409,35.1234989],[126.9438653,35.1235166],[126.9438891,35.1235347],[126.9439006,35.123544],[126.9439116,35.1235535],[126.9439221,35.1235634],[126.9439317,35.1235737],[126.94394,35.1235844],[126.9439476,35.1235955],[126.9439546,35.123607],[126.9439611,35.1236187],[126.9439734,35.1236426],[126.943985,35.1236668],[126.9440418,35.1237888],[126.9440533,35.1238132],[126.9440651,35.1238373],[126.9440776,35.1238613],[126.9440842,35.1238731],[126.9440912,35.1238847],[126.9440987,35.1238964],[126.9441067,35.1239078],[126.9441233,35.1239305],[126.9441493,35.123964],[126.9442463,35.1240862],[126.944334,35.1241976],[126.9443517,35.1242198],[126.9443699,35.1242416],[126.9443792,35.1242523],[126.9443889,35.1242627],[126.9443989,35.1242728],[126.9444096,35.1242825],[126.944421,35.1242917],[126.9444329,35.1243003],[126.9444453,35.1243087],[126.944458,35.1243168],[126.944484,35.1243326],[126.9445236,35.1243557],[126.9448031,35.1245162],[126.9448427,35.1245393],[126.9448683,35.1245552],[126.9448806,35.1245635],[126.9448923,35.1245721],[126.9449033,35.1245811],[126.9449132,35.1245908],[126.9449218,35.1246014],[126.9449292,35.1246126],[126.9449359,35.1246244],[126.9449419,35.1246365],[126.9449475,35.1246489],[126.9449527,35.1246614],[126.9449632,35.1246883],[126.9449753,35.1247211],[126.9450016,35.1247939],[126.9450051,35.124803]]}},{"type":"Feature","properties":{"slot":"mudeungsan_hiking_trail","sourceCode":"291101901","sourceMountainName":"마집봉","trailName":"소태동구간","trailLengthKm":"0.77","difficulty":"쉬움","sourceFeatureId":"25","pathIndex":"0"},"geometry":{"type":"LineString","coordinates":[[126.9517551,35.1211199],[126.9514625,35.1212338],[126.9512577,35.1213143],[126.9512284,35.1213252],[126.9512137,35.1213303],[126.9511989,35.121335],[126.951184,35.1213391],[126.951169,35.1213426],[126.9511538,35.1213449],[126.9511382,35.121346],[126.9511224,35.1213461],[126.9511066,35.1213454],[126.9510906,35.1213441],[126.9510745,35.1213424],[126.9510585,35.1213405],[126.9510262,35.1213363],[126.9509131,35.1213201],[126.9507839,35.1213022],[126.9507517,35.1212975],[126.9507197,35.1212923],[126.9507038,35.1212893],[126.9506881,35.1212861],[126.9506725,35.1212823],[126.9506572,35.121278],[126.950642,35.1212731],[126.950627,35.1212679],[126.9506121,35.1212625],[126.9505824,35.1212512],[126.9503022,35.1211392],[126.9492399,35.1207167],[126.9489745,35.1206108],[126.9489301,35.1205934],[126.9489003,35.1205823],[126.9488853,35.120577],[126.9488701,35.1205719],[126.9488551,35.1205673],[126.9488248,35.1205586],[126.9487789,35.1205466],[126.9485634,35.1204928],[126.9483942,35.12045],[126.9483634,35.1204424],[126.9483325,35.1204355],[126.9483171,35.1204323],[126.9483015,35.1204296],[126.948286,35.1204274],[126.9482703,35.1204259],[126.9482547,35.1204253],[126.948239,35.1204255],[126.9482233,35.1204262],[126.9482075,35.1204273],[126.9481758,35.1204302],[126.9480648,35.1204426],[126.9480491,35.1204441],[126.9480336,35.1204453],[126.9480183,35.120446],[126.9480034,35.1204461],[126.9479889,35.1204454],[126.9479751,35.1204435],[126.9479621,35.1204399],[126.94795,35.1204342],[126.9479387,35.1204267],[126.9479281,35.120418],[126.9479181,35.1204085],[126.9479083,35.1203983],[126.9478988,35.1203876],[126.9478894,35.1203767],[126.947871,35.1203543],[126.9477983,35.1202632],[126.94778,35.1202406],[126.9477614,35.1202185],[126.9477518,35.1202078],[126.9477421,35.1201974],[126.947732,35.1201876],[126.9477214,35.1201786],[126.9477101,35.1201706],[126.9476978,35.1201641],[126.9476847,35.1201595],[126.9476706,35.1201563],[126.9476559,35.1201542],[126.9476407,35.1201528],[126.9476251,35.1201519],[126.9475933,35.1201512],[126.9475611,35.120151],[126.947415,35.1201512],[126.9473828,35.1201515],[126.947367,35.1201518],[126.9473513,35.1201525],[126.9473359,35.1201535],[126.947321,35.1201552],[126.9473067,35.1201576],[126.9472933,35.1201612],[126.947281,35.1201664],[126.9472707,35.1201729],[126.9472614,35.1201809],[126.9472528,35.1201898],[126.9472448,35.1201994],[126.9472142,35.1202401],[126.9472061,35.1202498],[126.9471975,35.1202587],[126.9471882,35.1202667],[126.9471779,35.1202733],[126.9471662,35.1202783],[126.9471535,35.1202819],[126.9471401,35.1202843],[126.947126,35.120286],[126.9471116,35.120287],[126.9470969,35.1202875],[126.947082,35.1202875],[126.9470671,35.1202872],[126.9470522,35.1202864],[126.9470373,35.1202851],[126.9470226,35.1202831],[126.9470081,35.1202804],[126.946993,35.1202764],[126.9469782,35.1202715],[126.9469636,35.120266],[126.9469492,35.12026],[126.9469348,35.1202537],[126.9469064,35.1202406],[126.9467795,35.1201797],[126.946695,35.1201395],[126.9466101,35.1200996],[126.9464965,35.1200468],[126.9464544,35.1200267],[126.9464407,35.1200198],[126.9464273,35.1200127],[126.9464145,35.1200053],[126.9464023,35.1199974],[126.9463911,35.1199889],[126.9463811,35.1199796],[126.9463728,35.1199693],[126.9463658,35.1199581],[126.9463597,35.1199463],[126.9463544,35.119934],[126.9463495,35.1199215],[126.9463449,35.1199087],[126.9463324,35.1198698],[126.9462765,35.1196864],[126.9462639,35.1196475],[126.9462594,35.1196347],[126.9462546,35.119622],[126.9462493,35.1196097],[126.9462434,35.1195976],[126.9462367,35.119586],[126.9462287,35.1195751],[126.9462196,35.1195653],[126.9462092,35.119556],[126.9461981,35.1195473],[126.9461863,35.1195388],[126.9461741,35.1195307],[126.9461617,35.1195226],[126.9460978,35.1194832],[126.9460728,35.1194671],[126.9460608,35.1194587],[126.9460493,35.11945],[126.9460385,35.1194409],[126.9460286,35.1194313],[126.9460197,35.1194207],[126.9460117,35.1194095],[126.9460045,35.1193979],[126.9459977,35.119386],[126.9459913,35.1193738],[126.9459791,35.1193491],[126.94595,35.1192865],[126.9459387,35.1192614],[126.9459279,35.1192362],[126.9459228,35.1192235],[126.945918,35.1192108],[126.9459138,35.119198],[126.9459102,35.1191851],[126.9459074,35.1191721],[126.9459053,35.1191589],[126.9459037,35.1191457],[126.9459025,35.1191325],[126.9459269,35.1189937],[126.9459252,35.1189534],[126.9459217,35.1188454],[126.94592,35.1188191],[126.9459188,35.1188063],[126.945917,35.1187941],[126.9459144,35.1187826],[126.9459108,35.118772],[126.9459057,35.1187629],[126.9458985,35.1187558],[126.9458887,35.1187509],[126.9458769,35.1187481],[126.9458635,35.1187466],[126.9458491,35.1187462],[126.9458339,35.1187465],[126.9458182,35.1187473],[126.9458021,35.1187484],[126.9457694,35.1187512],[126.9456538,35.118762],[126.9455505,35.1188032],[126.945088,35.11892]]}},{"type":"Feature","properties":{"slot":"mudeungsan_hiking_trail","sourceCode":"291101901","sourceMountainName":"마집봉","trailName":"월남동구간","trailLengthKm":"0.64","difficulty":"중간","sourceFeatureId":"26","pathIndex":"0"},"geometry":{"type":"LineString","coordinates":[[126.9532708,35.1052198],[126.9528549,35.1047045],[126.9527918,35.104626],[126.9527019,35.1045135],[126.9526835,35.1044914],[126.952674,35.1044805],[126.9526643,35.1044699],[126.9526543,35.1044597],[126.9526437,35.1044499],[126.9526323,35.1044408],[126.95262,35.1044325],[126.952607,35.1044248],[126.9525935,35.1044176],[126.9525796,35.1044107],[126.952551,35.1043977],[126.9525073,35.1043789],[126.9523901,35.1043293],[126.9520393,35.1041802],[126.9520104,35.1041674],[126.9519961,35.1041608],[126.9519821,35.104154],[126.9519684,35.1041469],[126.9519552,35.1041394],[126.9519425,35.1041312],[126.9519312,35.1041227],[126.9519204,35.1041137],[126.95191,35.1041042],[126.9518999,35.1040945],[126.9518901,35.1040845],[126.9518708,35.1040641],[126.9518141,35.104002],[126.9517854,35.1039713],[126.9517656,35.1039514],[126.9517553,35.1039418],[126.9517446,35.1039325],[126.9517334,35.1039237],[126.9517214,35.1039154],[126.9517089,35.1039076],[126.951696,35.1039001],[126.9516827,35.1038928],[126.9516693,35.1038858],[126.9516421,35.103872],[126.9515591,35.1038317],[126.9515318,35.1038182],[126.9515052,35.1038042],[126.9514925,35.1037969],[126.9514804,35.1037894],[126.9514691,35.1037813],[126.951459,35.1037727],[126.9514506,35.1037633],[126.9514439,35.1037526],[126.9514389,35.103741],[126.9514352,35.1037289],[126.9514323,35.1037163],[126.95143,35.1037033],[126.9514265,35.1036769],[126.9514238,35.1036501],[126.9514141,35.1035424],[126.951405,35.1034484],[126.9513807,35.1032073],[126.9513648,35.1030465],[126.9513619,35.1030197],[126.9513586,35.102993],[126.9513544,35.1029664],[126.9513517,35.1029532],[126.9513485,35.10294],[126.9513448,35.1029269],[126.9513366,35.1029008],[126.9513188,35.1028488],[126.9512999,35.102797],[126.9512897,35.1027715],[126.9512842,35.102759],[126.9512782,35.1027467],[126.9512715,35.1027347],[126.9512639,35.1027231],[126.9512552,35.1027121],[126.9512456,35.1027016],[126.9512353,35.1026913],[126.9512245,35.1026813],[126.9512021,35.1026618],[126.9511672,35.102633],[126.9510611,35.1025471],[126.9510383,35.1025278],[126.9510273,35.1025181],[126.9510168,35.1025082],[126.9510071,35.1024982],[126.9509984,35.1024879],[126.9509912,35.1024773],[126.9509861,35.1024662],[126.9509834,35.1024547],[126.9509828,35.1024428],[126.9509836,35.1024305],[126.9509854,35.1024179],[126.950988,35.1024052],[126.9509944,35.1023795],[126.9510017,35.1023535],[126.9510397,35.1022231],[126.9510474,35.1021973],[126.9510559,35.1021717],[126.9510606,35.1021592],[126.9510659,35.1021469],[126.9510719,35.102135],[126.9510789,35.1021235],[126.951087,35.1021128],[126.951096,35.1021026],[126.9511058,35.1020927],[126.9511161,35.102083],[126.9511377,35.1020641],[126.9512046,35.1020085],[126.9512153,35.1019992],[126.9512257,35.1019896],[126.9512355,35.1019799],[126.9512446,35.1019699],[126.9512526,35.1019596],[126.9512592,35.1019488],[126.9512642,35.101937],[126.9512677,35.1019247],[126.9512701,35.101912],[126.9512718,35.101899],[126.9512729,35.1018859],[126.951274,35.1018593],[126.9512745,35.1018324],[126.9512754,35.1017381],[126.9512763,35.1016708],[126.9512804,35.1014423],[126.9512837,35.1012943],[126.9512878,35.1011593],[126.951288,35.1011326],[126.9512877,35.1011194],[126.9512869,35.1011065],[126.9512854,35.1010938],[126.9512829,35.1010817],[126.951279,35.1010702],[126.9512733,35.1010595],[126.9512651,35.10105],[126.9512551,35.1010413],[126.9512436,35.1010333],[126.9512312,35.1010258],[126.951218,35.1010185],[126.9512044,35.1010115],[126.9511764,35.1009979],[126.9510616,35.1009447],[126.950976,35.1009045],[126.9505361,35.1006958]]}},{"type":"Feature","properties":{"slot":"mudeungsan_hiking_trail","sourceCode":"291101901","sourceMountainName":"마집봉","trailName":"월남동구간","trailLengthKm":"0.42","difficulty":"쉬움","sourceFeatureId":"27","pathIndex":"0"},"geometry":{"type":"LineString","coordinates":[[126.9543377,35.0958027],[126.9543357,35.0958042],[126.9543294,35.095808],[126.9542761,35.0958397],[126.9542431,35.09586],[126.9542275,35.09587],[126.9542136,35.0958794],[126.954202,35.0958879],[126.9541915,35.0958964],[126.9541819,35.0959053],[126.9541736,35.0959146],[126.9541668,35.0959246],[126.9541618,35.0959359],[126.9541584,35.0959478],[126.9541562,35.0959603],[126.9541548,35.095973],[126.954154,35.095986],[126.9541536,35.0959992],[126.9541535,35.0960257],[126.954155,35.0961328],[126.9541551,35.0961728],[126.9541545,35.0961994],[126.9541538,35.0962126],[126.9541526,35.0962257],[126.9541508,35.0962388],[126.9541482,35.0962517],[126.9541447,35.0962642],[126.9541403,35.0962766],[126.9541354,35.096289],[126.95413,35.0963012],[126.9541244,35.0963134],[126.9541124,35.0963378],[126.9540688,35.0964227],[126.9540506,35.0964593],[126.9540393,35.0964838],[126.9540343,35.0964963],[126.9540298,35.0965088],[126.9540261,35.0965214],[126.9540233,35.0965344],[126.9540213,35.0965476],[126.9540199,35.0965609],[126.9540189,35.0965743],[126.9540178,35.096601],[126.9540176,35.0966277],[126.9540179,35.0966408],[126.9540187,35.0966537],[126.9540199,35.0966663],[126.954022,35.0966784],[126.9540251,35.0966897],[126.9540297,35.0967],[126.9540365,35.0967089],[126.9540459,35.0967162],[126.9540573,35.0967221],[126.9540703,35.0967269],[126.9540844,35.096731],[126.9540993,35.0967346],[126.9541148,35.0967378],[126.9541466,35.0967436],[126.9542442,35.0967594],[126.9542765,35.0967649],[126.9543081,35.096771],[126.9543235,35.0967744],[126.9543385,35.0967784],[126.9543528,35.096783],[126.9543662,35.0967885],[126.9543784,35.0967952],[126.9543891,35.0968034],[126.9543986,35.0968129],[126.9544072,35.0968232],[126.9544152,35.0968342],[126.9544227,35.0968456],[126.954437,35.0968693],[126.9544577,35.0969058],[126.9544916,35.0969671],[126.9545113,35.097004],[126.9545175,35.0970164],[126.9545233,35.0970289],[126.9545287,35.0970414],[126.9545333,35.0970542],[126.9545369,35.0970668],[126.9545399,35.0970797],[126.9545424,35.0970926],[126.9545462,35.0971186],[126.9545489,35.0971447],[126.9545499,35.0971577],[126.9545505,35.0971705],[126.9545506,35.0971833],[126.95455,35.0971957],[126.9545485,35.0972079],[126.9545457,35.0972196],[126.9545411,35.0972307],[126.9545343,35.0972411],[126.9545257,35.0972508],[126.9545157,35.0972601],[126.9545049,35.0972691],[126.9544933,35.0972778],[126.9544814,35.0972864],[126.9544691,35.0972948],[126.9544439,35.0973115],[126.9543291,35.0973858],[126.9542913,35.0974108],[126.954267,35.0974279],[126.9542553,35.0974367],[126.9542441,35.0974457],[126.9542337,35.097455],[126.9542242,35.0974648],[126.954216,35.0974753],[126.9542095,35.0974865],[126.9542044,35.0974983],[126.9542002,35.0975106],[126.9541967,35.0975232],[126.9541936,35.097536],[126.9541854,35.0975748],[126.9541825,35.0975875],[126.9541792,35.0976],[126.9541753,35.097612],[126.9541705,35.0976234],[126.9541645,35.0976339],[126.9541567,35.0976432],[126.9541467,35.0976512],[126.954135,35.0976579],[126.9541219,35.0976637],[126.9541079,35.0976689],[126.9540933,35.0976736],[126.9540783,35.097678],[126.9540473,35.0976863],[126.9540159,35.0976941],[126.9539842,35.0977014],[126.9539525,35.0977079],[126.9539366,35.0977107],[126.9539207,35.0977129],[126.9539047,35.0977144],[126.9538888,35.097715],[126.9538729,35.0977149],[126.9538569,35.0977142],[126.953841,35.0977132],[126.9538249,35.0977119],[126.9537929,35.0977088],[126.9534086,35.0976673],[126.9532319,35.0976475],[126.9531998,35.0976444],[126.953184,35.0976431],[126.9531682,35.0976422],[126.9531526,35.0976418],[126.9531373,35.0976422],[126.9531225,35.0976436],[126.9531081,35.0976464],[126.9530947,35.0976508],[126.9530818,35.0976567],[126.9530693,35.0976635],[126.9530571,35.0976712],[126.9530452,35.0976793],[126.9530336,35.0976879],[126.9530223,35.0976968],[126.9530113,35.0977059],[126.9530007,35.0977153],[126.9529907,35.0977249],[126.9529815,35.0977348],[126.9529734,35.0977452],[126.9529668,35.097756],[126.9529622,35.097767],[126.9529589,35.0977785],[126.9529567,35.0977903],[126.9529552,35.0978024],[126.9529541,35.0978146],[126.9529518,35.0978514],[126.9529506,35.0978636],[126.9529488,35.0978756],[126.9529462,35.0978872],[126.9529423,35.0978985],[126.9529363,35.09791],[126.9529288,35.097921],[126.9529189,35.0979326],[126.9529067,35.0979452],[126.9528928,35.0979583],[126.9528782,35.0979713],[126.9528318,35.0980101],[126.9527501,35.0980345],[126.9526727,35.0981008]]}},{"type":"Feature","properties":{"slot":"mudeungsan_hiking_trail","sourceCode":"291101901","sourceMountainName":"마집봉","trailName":"선교동구간","trailLengthKm":"1.3","difficulty":"쉬움","sourceFeatureId":"28","pathIndex":"0"},"geometry":{"type":"LineString","coordinates":[[126.9543377,35.0958027],[126.9539464,35.0958028],[126.9537018,35.095803],[126.9536692,35.0958029],[126.9536366,35.0958025],[126.9536041,35.0958015],[126.9535879,35.0958006],[126.9535716,35.0957994],[126.9535554,35.0957979],[126.953523,35.0957944],[126.9534907,35.0957904],[126.9531514,35.0957463],[126.953103,35.0957397],[126.9530709,35.0957349],[126.9530391,35.0957297],[126.9529915,35.0957213],[126.9527541,35.0956779],[126.9525481,35.0956407],[126.9525166,35.0956346],[126.952501,35.0956313],[126.9524855,35.0956278],[126.9524701,35.095624],[126.952455,35.0956197],[126.9524403,35.0956148],[126.952426,35.0956091],[126.9524121,35.0956027],[126.9523984,35.095596],[126.9523849,35.0955888],[126.9523582,35.0955739],[126.9523318,35.0955585],[126.9522397,35.0955035],[126.9522133,35.095488],[126.9521868,35.0954733],[126.9521734,35.0954665],[126.95216,35.0954601],[126.9521463,35.0954546],[126.9521324,35.0954501],[126.9521182,35.0954472],[126.9521034,35.095446],[126.9520882,35.0954463],[126.9520728,35.0954477],[126.9520572,35.0954499],[126.9520416,35.0954527],[126.95201,35.0954592],[126.9519783,35.0954663],[126.9518829,35.0954886],[126.9518035,35.0955069],[126.9517083,35.0955283],[126.9515811,35.0955565],[126.9515495,35.0955638],[126.9515181,35.0955714],[126.9515025,35.0955755],[126.9514872,35.09558],[126.9514721,35.0955848],[126.9514574,35.0955903],[126.9514432,35.0955964],[126.9514294,35.0956032],[126.9514159,35.0956103],[126.9514025,35.0956178],[126.9513762,35.0956334],[126.9513371,35.0956574],[126.9512461,35.095714],[126.95122,35.0957299],[126.9511935,35.0957453],[126.95118,35.0957526],[126.9511663,35.0957597],[126.9511524,35.0957663],[126.9511381,35.0957722],[126.9511236,35.0957778],[126.9511089,35.095783],[126.9510791,35.0957928],[126.9510489,35.0958021],[126.9509124,35.095843],[126.950776,35.0958845],[126.9507456,35.0958934],[126.9507304,35.0958977],[126.9507152,35.0959017],[126.9506999,35.0959054],[126.9506846,35.0959086],[126.9506693,35.0959111],[126.9506538,35.0959127],[126.9506383,35.0959131],[126.9506226,35.0959126],[126.9506069,35.0959114],[126.9505911,35.0959098],[126.9505595,35.0959055],[126.9505278,35.0959006],[126.9504803,35.0958927],[126.9504488,35.0958871],[126.9504332,35.0958841],[126.9504179,35.0958808],[126.9504027,35.0958771],[126.950388,35.0958729],[126.9503738,35.095868],[126.9503604,35.0958622],[126.9503476,35.0958549],[126.9503356,35.0958467],[126.9503241,35.0958377],[126.950313,35.0958281],[126.9503022,35.0958182],[126.9502812,35.0957977],[126.9502604,35.0957767],[126.9501987,35.0957131],[126.9501675,35.0956818],[126.9501461,35.0956617],[126.9501351,35.095652],[126.9501237,35.0956428],[126.9501117,35.0956343],[126.950099,35.0956266],[126.9500855,35.09562],[126.9500713,35.0956143],[126.9500565,35.0956092],[126.9500413,35.0956046],[126.9500104,35.0955961],[126.9499474,35.0955805],[126.9499162,35.0955724],[126.9499008,35.0955681],[126.9498858,35.0955634],[126.9498712,35.0955582],[126.9498572,35.0955523],[126.9498441,35.0955454],[126.9498322,35.0955376],[126.949821,35.0955288],[126.9498105,35.0955194],[126.9498004,35.0955095],[126.9497906,35.0954992],[126.949781,35.0954888],[126.9497529,35.0954565],[126.9496604,35.0953478],[126.9495953,35.0952719],[126.9495669,35.0952398],[126.9495473,35.0952188],[126.9495372,35.0952085],[126.9495268,35.0951985],[126.949516,35.0951888],[126.9495046,35.0951795],[126.9494929,35.0951705],[126.9494809,35.0951617],[126.9494325,35.0951275],[126.949421,35.0951188],[126.9494102,35.0951098],[126.9494003,35.0951006],[126.9493917,35.0950909],[126.9493848,35.0950805],[126.9493801,35.0950695],[126.9493772,35.0950578],[126.9493756,35.0950456],[126.9493749,35.0950332],[126.9493749,35.0950204],[126.9493754,35.0950075],[126.9493771,35.0949814],[126.9493794,35.0949551],[126.9493954,35.0947838],[126.9493977,35.0947575],[126.9493996,35.0947313],[126.9494002,35.0947182],[126.9494005,35.0947053],[126.9494003,35.0946924],[126.9493994,35.0946797],[126.9493976,35.0946672],[126.9493945,35.094655],[126.9493898,35.094643],[126.9493837,35.0946312],[126.9493768,35.0946197],[126.9493691,35.0946084],[126.9493609,35.0945971],[126.9493524,35.0945859],[126.9493259,35.0945525],[126.9492629,35.094475],[126.9491824,35.0943751],[126.9491551,35.0943422],[126.9491364,35.0943205],[126.9491165,35.094299],[126.9490858,35.0942673],[126.9490442,35.0942254],[126.9490125,35.0941944],[126.9489909,35.0941742],[126.9489798,35.0941643],[126.9489684,35.0941547],[126.9489565,35.0941453],[126.9489444,35.0941363],[126.9489196,35.0941187],[126.9488816,35.0940929],[126.9484852,35.0938296],[126.9484343,35.0937955],[126.9484091,35.0937781],[126.9483967,35.0937693],[126.9483845,35.0937603],[126.9483725,35.0937511],[126.9483611,35.0937419],[126.9483499,35.0937324],[126.948328,35.093713],[126.9482959,35.0936834],[126.9480941,35.0934943],[126.9479561,35.0933645],[126.9479346,35.093345],[126.9479237,35.0933356],[126.9479126,35.0933263],[126.9479012,35.0933175],[126.9478894,35.0933092],[126.9478772,35.0933017],[126.9478643,35.0932952],[126.9478516,35.0932903],[126.9478383,35.0932862],[126.9478248,35.0932826],[126.9477834,35.0932729],[126.94777,35.0932693],[126.947757,35.093265],[126.9477446,35.0932598],[126.9477325,35.0932531],[126.9477211,35.0932454],[126.9477103,35.0932368],[126.9476999,35.0932277],[126.9476898,35.0932181],[126.9476799,35.0932083],[126.9476605,35.0931881],[126.9476318,35.0931571],[126.9476034,35.0931259],[126.9475847,35.0931049],[126.9475664,35.0930838],[126.9475576,35.0930731],[126.947549,35.0930623],[126.9475409,35.0930513],[126.9475331,35.0930398],[126.9475257,35.0930282],[126.9475118,35.0930045],[126.9474986,35.0929805],[126.9474597,35.092908],[126.9474463,35.0928841],[126.9474393,35.0928723],[126.947432,35.0928607],[126.9474243,35.0928493],[126.947416,35.0928381],[126.9474071,35.0928274],[126.9473977,35.092817],[126.9473879,35.0928067],[126.9473674,35.0927867],[126.9473355,35.0927572],[126.947271,35.0926986],[126.94725,35.0926789],[126.9472399,35.092669],[126.9472302,35.0926589],[126.947221,35.0926487],[126.9472127,35.0926382],[126.9472054,35.0926275],[126.9471996,35.0926162],[126.9471957,35.0926047],[126.9471933,35.0925927],[126.9471919,35.0925804],[126.9471913,35.0925679],[126.9471913,35.0925552],[126.9471924,35.0925295],[126.9471942,35.0925035],[126.9471995,35.0924385],[126.9472009,35.0924127],[126.9472012,35.0924001],[126.9472009,35.0923876],[126.9472,35.0923754],[126.9471981,35.0923636],[126.9471949,35.0923524],[126.9471898,35.0923419],[126.9471822,35.092332],[126.9471727,35.0923228],[126.9471617,35.0923143],[126.9471498,35.0923061],[126.9471371,35.0922983],[126.9471106,35.0922831],[126.9470831,35.0922684],[126.946972,35.0922097],[126.9468199,35.0921288],[126.9467083,35.09207],[126.9466808,35.0920552],[126.9466673,35.0920477],[126.9466543,35.09204],[126.9466418,35.0920322],[126.9466303,35.092024],[126.94662,35.0920155],[126.9466114,35.0920065],[126.9466053,35.0919967],[126.9466023,35.0919866],[126.9466015,35.0919758],[126.9466023,35.0919645],[126.9466043,35.0919529],[126.9466072,35.091941],[126.9466108,35.091929],[126.9466148,35.0919169],[126.9466192,35.0919048],[126.946624,35.0918928],[126.9466291,35.0918809],[126.9466346,35.0918693],[126.9466407,35.0918581],[126.9466474,35.0918475],[126.9466551,35.0918376],[126.9466641,35.0918288],[126.9466752,35.0918208],[126.9466878,35.091814],[126.9467013,35.091808],[126.9467155,35.0918026],[126.9467303,35.0917977],[126.9467454,35.091793],[126.9467761,35.0917841],[126.9469321,35.0917422],[126.9469631,35.0917337],[126.9469937,35.0917248],[126.9470088,35.0917201],[126.9470237,35.0917151],[126.9470383,35.0917097],[126.9470525,35.0917038],[126.9470661,35.0916972],[126.9470789,35.0916896],[126.9470912,35.0916814],[126.947103,35.0916726],[126.9471146,35.0916634],[126.9471259,35.091654],[126.9471482,35.0916347],[126.9473128,35.0914864],[126.947368,35.0914372],[126.9474678,35.0913489],[126.9474895,35.0913292],[126.9475,35.0913192],[126.9475102,35.091309],[126.94752,35.0912988],[126.947529,35.0912882],[126.9475371,35.0912773],[126.947544,35.091266],[126.947549,35.0912546],[126.9475529,35.0912427],[126.9475559,35.0912304],[126.9475583,35.091218],[126.9475602,35.0912054],[126.947567,35.0911547],[126.9475692,35.0911421],[126.9475719,35.0911297],[126.9475753,35.0911175],[126.9475798,35.0911056],[126.9475857,35.0910937],[126.9475926,35.0910821],[126.9476004,35.0910708],[126.9476088,35.0910597],[126.9476176,35.0910486],[126.9476359,35.0910268],[126.9477499,35.0908971],[126.9478535,35.0907776],[126.9478728,35.0907564],[126.9478827,35.090746],[126.9478928,35.0907358],[126.9479033,35.0907261],[126.9479143,35.0907169],[126.9479261,35.0907085],[126.9479389,35.0907009],[126.9479525,35.090694],[126.9479665,35.0906877],[126.947981,35.0906817],[126.9479957,35.0906761],[126.9480106,35.0906706],[126.9480408,35.09066],[126.9481927,35.0906082],[126.9484201,35.0905299],[126.9484962,35.090504],[126.9486034,35.090468],[126.9486337,35.0904575],[126.9486485,35.0904521],[126.9486631,35.0904465],[126.9486771,35.0904407],[126.9486904,35.0904344],[126.9487026,35.0904276],[126.9487134,35.0904199],[126.9487221,35.0904112],[126.9487282,35.0904015],[126.9487323,35.0903908],[126.9487351,35.0903794],[126.9487369,35.0903674],[126.9487379,35.090355],[126.9487384,35.0903422],[126.9487386,35.0903293],[126.9487383,35.0903031],[126.9487366,35.0902372],[126.9487367,35.0902118],[126.9487372,35.0901996],[126.9487382,35.090188],[126.9487399,35.0901772],[126.9487427,35.0901677],[126.9487468,35.0901598],[126.9487529,35.0901542],[126.9487611,35.0901513],[126.9487711,35.0901507],[126.9487826,35.0901517],[126.948795,35.0901539],[126.9488082,35.0901569],[126.948822,35.0901606],[126.9488795,35.0901774],[126.9488941,35.0901815],[126.9489088,35.0901853],[126.9489236,35.0901884],[126.9489383,35.0901909],[126.948953,35.0901921],[126.9489684,35.090192],[126.9489856,35.09019],[126.9490047,35.0901864],[126.9490248,35.0901817],[126.949045,35.0901763],[126.9490645,35.0901706],[126.9490824,35.0901651],[126.9491205,35.0901527]]}},{"type":"Feature","properties":{"slot":"mudeungsan_hiking_trail","sourceCode":"291101901","sourceMountainName":"마집봉","trailName":"소태동구간","trailLengthKm":"0.7","difficulty":"중간","sourceFeatureId":"29","pathIndex":"0"},"geometry":{"type":"LineString","coordinates":[[126.9378878,35.109803],[126.9378951,35.1100192],[126.9379011,35.1102085],[126.937903,35.110249],[126.9379051,35.1102759],[126.9379067,35.1102892],[126.9379088,35.1103026],[126.9379115,35.1103153],[126.9379146,35.1103279],[126.937918,35.1103405],[126.9379217,35.110353],[126.9379297,35.1103781],[126.9379546,35.1104533],[126.9379626,35.1104784],[126.9379696,35.1105036],[126.9379727,35.1105162],[126.9379752,35.1105289],[126.937977,35.1105415],[126.9379778,35.1105542],[126.9379776,35.1105663],[126.9379766,35.1105784],[126.937975,35.1105904],[126.9379696,35.110626],[126.9379683,35.1106374],[126.9379677,35.1106485],[126.9379682,35.1106591],[126.9379702,35.110669],[126.9379742,35.110678],[126.9379814,35.1106864],[126.9379908,35.1106938],[126.938002,35.1107004],[126.9380144,35.1107065],[126.9380277,35.1107122],[126.9380416,35.1107177],[126.9380706,35.1107281],[126.9381004,35.1107382],[126.9381905,35.1107681],[126.9382352,35.1107833],[126.9382644,35.1107939],[126.9382786,35.1107995],[126.9382925,35.1108054],[126.9383059,35.1108118],[126.9383186,35.1108188],[126.9383303,35.1108267],[126.938341,35.1108356],[126.9383506,35.1108453],[126.9383596,35.1108556],[126.9383681,35.1108664],[126.9383762,35.1108776],[126.9383918,35.1109004],[126.9384145,35.1109353],[126.9384968,35.1110638],[126.9385344,35.111122],[126.9385576,35.1111565],[126.9385738,35.1111792],[126.9385822,35.1111903],[126.9385911,35.1112011],[126.9386004,35.1112115],[126.93861,35.1112216],[126.93862,35.1112316],[126.9386301,35.1112414],[126.9386508,35.1112609],[126.9387247,35.1113282],[126.9387558,35.1113574],[126.9387758,35.1113773],[126.9387855,35.1113875],[126.9387951,35.1113983],[126.9388045,35.1114094],[126.9388226,35.1114318],[126.938849,35.111466],[126.9389703,35.1116266],[126.939127,35.1118328],[126.9391529,35.1118673],[126.9391781,35.1119021],[126.9391862,35.1119139],[126.9391939,35.1119257],[126.9392012,35.1119378],[126.9392079,35.1119497],[126.9392201,35.1119739],[126.9392484,35.112035],[126.9392601,35.1120587],[126.9392665,35.1120701],[126.9392733,35.112081],[126.9392808,35.1120913],[126.9392893,35.1121006],[126.9392991,35.1121086],[126.9393096,35.1121146],[126.9393213,35.1121196],[126.9393338,35.1121239],[126.9393469,35.1121277],[126.9393739,35.1121348],[126.9393875,35.1121386],[126.9394009,35.1121429],[126.9394149,35.1121482],[126.9394286,35.1121542],[126.9394421,35.1121606],[126.9394554,35.1121675],[126.9394686,35.1121746],[126.9394944,35.1121894],[126.9395197,35.112205],[126.9395319,35.1122131],[126.9395439,35.1122214],[126.9395554,35.1122301],[126.9395663,35.1122392],[126.9395769,35.1122492],[126.9395868,35.1122597],[126.9395963,35.1122705],[126.9396055,35.1122815],[126.9396233,35.112304],[126.9396493,35.1123383],[126.9397353,35.112453],[126.9398735,35.112636],[126.9399682,35.112762],[126.9399857,35.1127847],[126.9400035,35.1128072],[126.9400127,35.1128183],[126.9400222,35.1128291],[126.9400321,35.1128396],[126.9400425,35.1128498],[126.9400534,35.1128593],[126.9400649,35.1128684],[126.9400767,35.1128772],[126.9400889,35.1128858],[126.9401136,35.1129026],[126.9401511,35.1129276],[126.9401755,35.1129445],[126.9401872,35.1129531],[126.9401985,35.112962],[126.940209,35.1129712],[126.9402185,35.1129809],[126.9402267,35.1129912],[126.9402333,35.1130023],[126.9402386,35.1130141],[126.9402428,35.1130264],[126.9402463,35.1130389],[126.9402494,35.1130517],[126.9402522,35.1130647],[126.9402599,35.1131038],[126.9402627,35.1131168],[126.9402658,35.1131297],[126.9402694,35.1131425],[126.9402737,35.113155],[126.940279,35.1131672],[126.9402854,35.113179],[126.9402927,35.1131904],[126.9403008,35.1132016],[126.9403093,35.1132127],[126.9403182,35.1132236],[126.9403368,35.1132452],[126.9403653,35.1132774],[126.9404517,35.1133736],[126.9405857,35.1135234],[126.9406046,35.1135449],[126.9406231,35.1135666],[126.9406407,35.1135886],[126.940649,35.1135998],[126.9406568,35.1136112],[126.9406638,35.1136229],[126.9406699,35.1136349],[126.9406754,35.1136472],[126.940695,35.1136969],[126.9407005,35.113709],[126.9407066,35.1137207],[126.9407138,35.113732],[126.940722,35.1137421],[126.9407312,35.1137517],[126.9407411,35.1137609],[126.9407516,35.1137697],[126.9407626,35.1137783],[126.940774,35.1137867],[126.9407857,35.1137947],[126.9407977,35.1138025],[126.94081,35.1138099],[126.9408227,35.1138169],[126.9408367,35.1138237],[126.9408511,35.11383],[126.9408657,35.113836],[126.9408806,35.1138417],[126.9409257,35.1138581],[126.9411532,35.113937],[126.9411983,35.1139531],[126.9412131,35.1139587],[126.9412277,35.1139645],[126.9412419,35.1139706],[126.9412557,35.1139772],[126.9412688,35.1139844],[126.941281,35.1139924],[126.9412918,35.1140013],[126.9413018,35.114011],[126.9413112,35.1140213],[126.94132,35.1140321],[126.9413286,35.1140432],[126.941345,35.1140658],[126.941361,35.1140889],[126.9414399,35.1142055],[126.9414639,35.1142401],[126.9414804,35.1142627],[126.941489,35.1142737],[126.9414979,35.1142843],[126.9415074,35.1142945],[126.9415175,35.114304],[126.9415286,35.1143125],[126.9415402,35.1143196],[126.9415528,35.1143259],[126.9415659,35.1143316],[126.9415796,35.1143368],[126.9416077,35.1143463],[126.941665,35.1143645],[126.9416791,35.1143693],[126.941693,35.1143744],[126.9417065,35.1143798],[126.9417195,35.1143859],[126.9417318,35.1143926],[126.9417438,35.1144006],[126.9417551,35.1144094],[126.9417658,35.1144188],[126.9417762,35.1144286],[126.9417863,35.1144387],[126.9418059,35.1144594],[126.9418347,35.1144912],[126.9419398,35.1146085],[126.9420549,35.114736]]}},{"type":"Feature","properties":{"slot":"mudeungsan_hiking_trail","sourceCode":"291101901","sourceMountainName":"마집봉","trailName":"운림동구간","trailLengthKm":"1.16","difficulty":"쉬움","sourceFeatureId":"30","pathIndex":"0"},"geometry":{"type":"LineString","coordinates":[[126.9706882,35.1162197],[126.9706423,35.1161873],[126.9705402,35.1161143],[126.9705031,35.1160883],[126.9704782,35.1160719],[126.9704655,35.1160642],[126.9704527,35.1160571],[126.9704397,35.1160508],[126.9704263,35.1160457],[126.9704125,35.1160422],[126.9703979,35.1160405],[126.9703829,35.1160404],[126.9703675,35.1160414],[126.9703519,35.1160433],[126.9703362,35.1160456],[126.9703203,35.1160484],[126.9702885,35.1160546],[126.9701124,35.1160909],[126.9698728,35.1161391],[126.9694894,35.1162155],[126.9692495,35.1162627],[126.9692177,35.1162693],[126.969202,35.1162729],[126.9691864,35.1162767],[126.969171,35.1162808],[126.9691559,35.1162855],[126.9691412,35.1162908],[126.9691273,35.1162968],[126.9691138,35.1163035],[126.9691006,35.1163106],[126.9690748,35.1163258],[126.9690494,35.1163417],[126.9690241,35.116358],[126.9688102,35.1164968],[126.9687471,35.1165374],[126.9687216,35.1165533],[126.9687087,35.116561],[126.9686957,35.1165685],[126.9686825,35.1165758],[126.9686689,35.1165826],[126.9686549,35.1165891],[126.9686406,35.1165951],[126.9686261,35.1166009],[126.9685967,35.1166119],[126.9685669,35.1166224],[126.9683578,35.1166954],[126.9683279,35.1167056],[126.9682979,35.1167151],[126.9682828,35.1167194],[126.9682677,35.1167232],[126.9682524,35.1167263],[126.968237,35.1167285],[126.9682215,35.1167295],[126.9682058,35.1167297],[126.96819,35.1167291],[126.9681741,35.116728],[126.9681581,35.1167267],[126.9681422,35.116725],[126.9681101,35.1167213],[126.9679338,35.1166994],[126.9676935,35.1166702],[126.9675493,35.1166524],[126.9675012,35.1166467],[126.9674692,35.1166434],[126.9674532,35.116642],[126.9674372,35.1166408],[126.9674212,35.1166401],[126.9674052,35.11664],[126.9673891,35.1166405],[126.967373,35.1166416],[126.9673569,35.1166431],[126.9673247,35.1166469],[126.9672925,35.1166513],[126.9670835,35.1166818],[126.9666975,35.1167376],[126.9666331,35.1167466],[126.9665847,35.1167526],[126.9665358,35.1167575],[126.9664705,35.1167632],[126.9659313,35.1168074],[126.9657024,35.1168258],[126.9656535,35.1168303],[126.9656211,35.116834],[126.965605,35.1168363],[126.965589,35.116839],[126.9655737,35.1168421],[126.9655584,35.1168457],[126.9655281,35.1168536],[126.965498,35.1168622],[126.965468,35.1168711],[126.9652732,35.1169302],[126.9652282,35.1169435],[126.9651981,35.1169517],[126.965183,35.1169555],[126.9651678,35.1169589],[126.9651525,35.1169617],[126.9651371,35.1169639],[126.9651218,35.1169651],[126.9651063,35.1169657],[126.9650907,35.1169658],[126.9650751,35.1169654],[126.9650438,35.116964],[126.9649494,35.1169583],[126.9649181,35.1169571],[126.9649025,35.1169569],[126.9648871,35.1169571],[126.9648717,35.116958],[126.9648565,35.1169597],[126.9648416,35.1169623],[126.9648268,35.1169658],[126.9648121,35.11697],[126.9647975,35.1169745],[126.9647829,35.1169794],[126.9647685,35.1169845],[126.9647396,35.1169951],[126.964653,35.1170278],[126.9646242,35.1170381],[126.9646097,35.1170428],[126.9645952,35.1170471],[126.9645808,35.1170509],[126.9645663,35.1170539],[126.9645519,35.1170558],[126.9645375,35.1170562],[126.9645234,35.117055],[126.9645093,35.1170524],[126.9644953,35.1170489],[126.9644814,35.1170447],[126.9644403,35.1170312],[126.9644271,35.1170271],[126.9644143,35.1170239],[126.964402,35.1170217],[126.9643904,35.1170212],[126.9643799,35.1170228],[126.9643703,35.1170273],[126.9643618,35.117034],[126.9643541,35.1170425],[126.9643469,35.1170522],[126.9643401,35.1170628],[126.9643335,35.117074],[126.9643077,35.1171213],[126.9643009,35.1171331],[126.9642938,35.1171447],[126.9642861,35.1171558],[126.9642777,35.1171664],[126.9642683,35.1171762],[126.964258,35.1171848],[126.9642467,35.1171925],[126.9642348,35.1171995],[126.9642223,35.1172058],[126.9642094,35.1172115],[126.9641962,35.1172165],[126.9641827,35.1172206],[126.964169,35.1172237],[126.9641551,35.1172254],[126.9641402,35.1172254],[126.964125,35.117224],[126.9641098,35.1172216],[126.9640945,35.1172183],[126.9640792,35.1172146],[126.9640484,35.1172061],[126.9640176,35.117197],[126.9637403,35.1171126],[126.9636942,35.1170989],[126.9636791,35.1170947],[126.9636641,35.1170909],[126.9636494,35.1170877],[126.9636352,35.1170853],[126.9636216,35.117084],[126.9636088,35.1170843],[126.9635972,35.1170869],[126.9635873,35.117092],[126.9635786,35.1170992],[126.9635706,35.117108],[126.9635633,35.1171179],[126.9635563,35.1171287],[126.9635497,35.11714],[126.9635433,35.1171516],[126.9635309,35.1171757],[126.9635064,35.1172245],[126.9634936,35.1172484],[126.963487,35.11726],[126.96348,35.1172712],[126.9634725,35.1172818],[126.9634644,35.1172917],[126.9634553,35.1173005],[126.963445,35.1173078],[126.9634334,35.1173134],[126.9634205,35.1173176],[126.9634068,35.1173207],[126.9633923,35.1173231],[126.9633775,35.1173249],[126.9633623,35.1173264],[126.9633469,35.1173277],[126.9632843,35.1173319],[126.9632531,35.1173346],[126.9632377,35.1173363],[126.9632223,35.1173385],[126.9632072,35.1173412],[126.9631924,35.1173446],[126.9631778,35.1173485],[126.9631633,35.1173527],[126.9631347,35.1173621],[126.9630776,35.1173816],[126.9630489,35.1173907],[126.9630343,35.1173948],[126.9630196,35.1173984],[126.9630042,35.1174014],[126.9629885,35.117404],[126.9629728,35.1174062],[126.9629569,35.1174081],[126.962909,35.1174129],[126.9627803,35.1174242],[126.9627483,35.1174269],[126.9627165,35.117429],[126.9627009,35.1174297],[126.9626855,35.1174299],[126.9626706,35.1174296],[126.9626561,35.1174283],[126.9626424,35.1174258],[126.9626297,35.1174217],[126.9626183,35.1174157],[126.9626079,35.117408],[126.9625982,35.1173993],[126.9625889,35.1173897],[126.9625533,35.117349],[126.9625441,35.1173393],[126.9625343,35.1173304],[126.9625239,35.1173226],[126.9625125,35.1173163],[126.9624998,35.1173118],[126.9624861,35.1173089],[126.9624716,35.1173071],[126.9624566,35.1173062],[126.9624413,35.1173059],[126.9624256,35.117306],[126.9623939,35.1173069],[126.9623618,35.1173085],[126.9622489,35.1173146],[126.9622168,35.117316],[126.9622008,35.1173165],[126.962185,35.1173167],[126.9621692,35.1173167],[126.9621537,35.1173162],[126.9621384,35.117315],[126.9621235,35.1173129],[126.962109,35.1173097],[126.9620954,35.117305],[126.9620823,35.1172991],[126.9620695,35.1172924],[126.962057,35.117285],[126.9620446,35.1172772],[126.9620324,35.1172691],[126.9619841,35.1172352],[126.9619601,35.1172188],[126.9619481,35.1172111],[126.961936,35.1172039],[126.961924,35.1171975],[126.9619118,35.1171923],[126.9618997,35.1171886],[126.9618875,35.117187],[126.9618747,35.1171881],[126.9618619,35.1171913],[126.961849,35.1171962],[126.961836,35.1172023],[126.9618231,35.1172091],[126.9618101,35.1172166],[126.9617971,35.1172244],[126.9617712,35.1172406],[126.9616412,35.1173237],[126.9614726,35.1174306],[126.9614335,35.1174549],[126.9614071,35.1174703],[126.9613937,35.1174776],[126.9613801,35.1174844],[126.9613662,35.1174905],[126.9613518,35.1174956],[126.961337,35.1174996],[126.9613217,35.1175026],[126.9613062,35.117505],[126.9612904,35.1175068],[126.9612745,35.1175083],[126.9612584,35.1175096],[126.9612261,35.1175118],[126.9610153,35.1175236],[126.9609181,35.1175295],[126.9608697,35.1175331],[126.9608537,35.1175347],[126.9608377,35.1175365],[126.9608218,35.1175387],[126.9608061,35.1175413],[126.9607905,35.1175444],[126.960775,35.1175476],[126.9607441,35.1175547],[126.9606979,35.117566],[126.9605132,35.1176123],[126.9604674,35.1176245],[126.9604372,35.1176334],[126.9604224,35.1176383],[126.9604075,35.1176436],[126.9603928,35.1176493],[126.9603637,35.1176613],[126.9603062,35.1176866],[126.9600913,35.1177829],[126.9596182,35.1179939],[126.9594604,35.1180642],[126.9593022,35.1181342],[126.9592737,35.1181471],[126.9592458,35.1181605],[126.9592323,35.1181675],[126.9592193,35.1181748],[126.9592063,35.1181838],[126.9591934,35.1181952],[126.9591815,35.1182088],[126.9591708,35.1182237],[126.9591614,35.1182389],[126.9591535,35.1182534],[126.9591471,35.1182662],[126.9591381,35.1182858]]}},{"type":"Feature","properties":{"slot":"mudeungsan_hiking_trail","sourceCode":"291101901","sourceMountainName":"마집봉","trailName":"용산동구간","trailLengthKm":"0.15","difficulty":"쉬움","sourceFeatureId":"31","pathIndex":"0"},"geometry":{"type":"LineString","coordinates":[[126.930088,35.1237032],[126.9299822,35.1236288],[126.9299439,35.1236024],[126.9299194,35.1235862],[126.9299069,35.1235783],[126.9298943,35.1235708],[126.9298814,35.1235635],[126.9298681,35.1235568],[126.9298541,35.1235504],[126.9298397,35.1235446],[126.929825,35.1235391],[126.9297951,35.1235287],[126.9297193,35.1235038],[126.929689,35.1234937],[126.9296592,35.123483],[126.9296446,35.1234773],[126.9296305,35.1234713],[126.9296168,35.123465],[126.929604,35.1234582],[126.9295922,35.1234507],[126.9295826,35.1234434],[126.9295739,35.1234359],[126.9295586,35.123422],[126.9295517,35.1234166],[126.9295453,35.123413],[126.9295393,35.123412],[126.9295331,35.1234144],[126.9295273,35.1234201],[126.9295218,35.123428],[126.9295164,35.1234376],[126.9295112,35.1234484],[126.929501,35.1234722],[126.9294909,35.1234975],[126.9294459,35.1236151],[126.9294308,35.1236539],[126.9294202,35.1236791],[126.9294146,35.1236911],[126.9294087,35.1237026],[126.9294022,35.1237133],[126.9293951,35.1237229],[126.9293869,35.1237309],[126.9293774,35.1237367],[126.9293661,35.1237399],[126.9293533,35.1237408],[126.9293396,35.1237401],[126.9293251,35.1237383],[126.9293101,35.1237357],[126.9292948,35.1237325],[126.9292792,35.1237289],[126.9292635,35.1237251],[126.9292319,35.1237169],[126.9292004,35.1237083],[126.9291849,35.1237037],[126.9291695,35.1236989],[126.9291545,35.1236937],[126.9291399,35.123688],[126.9291259,35.1236815],[126.9291127,35.123674],[126.9291002,35.1236657],[126.9290881,35.1236568],[126.9290764,35.1236475],[126.9290649,35.1236378],[126.9290527,35.1236271],[126.9290246,35.1236014],[126.928963,35.1235434],[126.928955,35.1235362]]}},{"type":"Feature","properties":{"slot":"mudeungsan_hiking_trail","sourceCode":"291101901","sourceMountainName":"마집봉","trailName":"소태동구간","trailLengthKm":"0.19","difficulty":"쉬움","sourceFeatureId":"32","pathIndex":"0"},"geometry":{"type":"LineString","coordinates":[[126.936938,35.1227531],[126.9363846,35.1226427],[126.9361313,35.1225929],[126.9360999,35.1225863],[126.9360843,35.1225828],[126.9360688,35.122579],[126.9360535,35.122575],[126.9360384,35.1225705],[126.9360237,35.1225653],[126.9360096,35.1225595],[126.9359959,35.122553],[126.9359824,35.1225461],[126.935969,35.1225389],[126.9359427,35.1225238],[126.9359167,35.1225082],[126.9357353,35.1223976],[126.9356833,35.1223664],[126.9356569,35.1223515],[126.9356434,35.1223445],[126.9356298,35.1223379],[126.9356159,35.1223318],[126.9356016,35.1223266],[126.935587,35.1223224],[126.9355719,35.1223189],[126.9355566,35.1223161],[126.9355411,35.1223137],[126.9355095,35.1223096],[126.9354141,35.1222995],[126.9353985,35.1222976],[126.9353832,35.1222954],[126.9353683,35.1222929],[126.935354,35.1222898],[126.9353406,35.122286],[126.9353283,35.1222812],[126.9353176,35.1222749],[126.9353086,35.1222666],[126.9353014,35.1222567],[126.9352954,35.1222458],[126.9352903,35.1222341],[126.9352858,35.1222218],[126.9352818,35.1222091],[126.9352436,35.1219659]]}},{"type":"Feature","properties":{"slot":"mudeungsan_hiking_trail","sourceCode":"291101901","sourceMountainName":"마집봉","trailName":"용산동구간","trailLengthKm":"0.26","difficulty":"쉬움","sourceFeatureId":"33","pathIndex":"0"},"geometry":{"type":"LineString","coordinates":[[126.9284891,35.1173674],[126.9283288,35.1174245],[126.9282283,35.1174531],[126.928145,35.1174758],[126.92813,35.1174805],[126.9281153,35.1174853],[126.928101,35.1174906],[126.928087,35.1174963],[126.9280737,35.1175026],[126.9280613,35.1175099],[126.9280497,35.1175184],[126.9280389,35.1175278],[126.9280288,35.1175379],[126.9280191,35.1175484],[126.9280098,35.1175593],[126.9280006,35.1175703],[126.9276779,35.1177719],[126.9276656,35.11778],[126.9276528,35.1177877],[126.9276397,35.1177951],[126.9276128,35.1178093],[126.9275579,35.1178367],[126.9273948,35.1179596],[126.9273538,35.1179804],[126.9273404,35.1179875],[126.9273272,35.1179949],[126.9273144,35.1180025],[126.927302,35.1180106],[126.9272903,35.1180192],[126.9272792,35.1180285],[126.9272689,35.1180384],[126.9272589,35.1180487],[126.9272494,35.1180593],[126.9272309,35.118081],[126.9272131,35.1181032],[126.927196,35.1181257],[126.9271878,35.118137],[126.92718,35.1181485],[126.9271727,35.1181601],[126.9271662,35.1181719],[126.9271606,35.118184],[126.9271564,35.1181963],[126.9271531,35.1182088],[126.9271506,35.1182215],[126.9271485,35.1182344],[126.9271468,35.1182473],[126.9271411,35.1182994],[126.9271395,35.1183124],[126.9271376,35.1183253],[126.9271352,35.1183381],[126.9271322,35.1183507],[126.9271283,35.1183632],[126.9271233,35.1183756],[126.9271173,35.1183879],[126.9271107,35.1184],[126.9271036,35.1184119],[126.9270962,35.1184238],[126.9270729,35.1184592],[126.9269728,35.1187204],[126.9269083,35.1188143],[126.9268846,35.1188495],[126.9268697,35.1188732],[126.9268629,35.1188851],[126.9268567,35.1188971],[126.9268514,35.1189093],[126.9268476,35.1189216],[126.9268454,35.118934],[126.9268446,35.1189466],[126.9268449,35.1189594],[126.9268459,35.1189723],[126.9268479,35.1189869],[126.9268505,35.1190032],[126.9268537,35.1190205],[126.9268607,35.1190547],[126.9268707,35.1191008],[126.9268709,35.1191032]]}},{"type":"Feature","properties":{"slot":"mudeungsan_hiking_trail","sourceCode":"291101901","sourceMountainName":"마집봉","trailName":"소태동구간","trailLengthKm":"0.24","difficulty":"쉬움","sourceFeatureId":"34","pathIndex":"0"},"geometry":{"type":"LineString","coordinates":[[126.9471076,35.1174779],[126.9471479,35.1175819],[126.9472019,35.1176168],[126.9473202,35.1176745],[126.9474827,35.1177143],[126.9475574,35.117714],[126.94774,35.1177945],[126.9477507,35.1178042],[126.9478684,35.117931],[126.9479134,35.1179721],[126.9479213,35.1180735],[126.9479521,35.1181277],[126.9481104,35.1182879],[126.9482893,35.118401],[126.9483094,35.1184213],[126.9483198,35.1184311],[126.9483305,35.1184406],[126.9483418,35.1184497],[126.9483536,35.1184583],[126.9483659,35.1184665],[126.9483785,35.1184745],[126.9484044,35.1184897],[126.9484442,35.1185118],[126.9485647,35.1185772],[126.9486045,35.1185992],[126.9486307,35.1186143],[126.9486436,35.1186221],[126.9486562,35.11863],[126.9486685,35.1186383],[126.9486807,35.1186472],[126.9486926,35.1186564],[126.9487042,35.1186658],[126.9487156,35.1186754],[126.9487381,35.1186949],[126.9489711,35.1189029]]}},{"type":"Feature","properties":{"slot":"mudeungsan_hiking_trail","sourceCode":"291101901","sourceMountainName":"마집봉","trailName":"소태동구간","trailLengthKm":"0.14","difficulty":"쉬움","sourceFeatureId":"35","pathIndex":"0"},"geometry":{"type":"LineString","coordinates":[[126.9376211,35.1238701],[126.9376185,35.1238609],[126.9375867,35.1237545],[126.9375751,35.123714],[126.9375685,35.1236879],[126.9375657,35.1236749],[126.9375635,35.1236618],[126.9375619,35.1236488],[126.9375612,35.1236357],[126.9375618,35.1236226],[126.9375633,35.1236095],[126.9375654,35.1235964],[126.9375681,35.1235833],[126.9375743,35.1235571],[126.9375815,35.123531],[126.9375855,35.1235181],[126.9375897,35.1235053],[126.9375943,35.1234926],[126.9375996,35.1234803],[126.9376056,35.1234683],[126.9376126,35.1234567],[126.9376207,35.1234461],[126.9376299,35.1234359],[126.9376397,35.1234261],[126.9376501,35.1234165],[126.9376609,35.1234071],[126.9376831,35.1233886],[126.9377173,35.1233612],[126.9377517,35.1233339],[126.9377747,35.123316],[126.937798,35.1232984],[126.9378098,35.1232899],[126.9378219,35.1232817],[126.9378342,35.1232739],[126.9378469,35.1232667],[126.9378601,35.1232603],[126.9378736,35.1232549],[126.9378877,35.1232503],[126.937902,35.1232461],[126.9379602,35.1232312],[126.9379743,35.1232271],[126.9379879,35.1232225],[126.9380009,35.1232171],[126.9380129,35.1232108],[126.9380242,35.1232027],[126.9380346,35.1231935],[126.9380441,35.1231835],[126.9380531,35.1231729],[126.9380618,35.1231619],[126.9380783,35.123139],[126.938102,35.1231037],[126.9381172,35.1230799],[126.9381243,35.1230679],[126.9381312,35.1230559],[126.9381374,35.1230438],[126.9381428,35.1230315],[126.938147,35.123019],[126.9381497,35.1230068],[126.9381513,35.1229945],[126.9381521,35.122982],[126.9381522,35.1229694],[126.9381519,35.1229568],[126.9381513,35.122944],[126.9381491,35.1229159],[126.938146,35.1228826],[126.9381387,35.1228118],[126.938138,35.1228031]]}},{"type":"Feature","properties":{"slot":"mudeungsan_hiking_trail","sourceCode":"291101901","sourceMountainName":"마집봉","trailName":"","trailLengthKm":"0.5","difficulty":"쉬움","sourceFeatureId":"36","pathIndex":"0"},"geometry":{"type":"LineString","coordinates":[[126.9268709,35.1191032],[126.9266276,35.1193552],[126.9264747,35.1195123],[126.9264229,35.1196026],[126.9264134,35.1196133],[126.9264042,35.1196242],[126.9263956,35.1196352],[126.9263877,35.1196465],[126.9263808,35.1196582],[126.9263753,35.1196703],[126.9263707,35.1196827],[126.926367,35.1196955],[126.9263637,35.1197084],[126.9263583,35.1197346],[126.9263536,35.1197612],[126.9263015,35.1198241],[126.9262878,35.1199174],[126.9262833,35.1199439],[126.9262807,35.1199569],[126.9262779,35.1199695],[126.9262746,35.1199816],[126.9262706,35.1199929],[126.9262656,35.1200033],[126.9262594,35.1200121],[126.9262513,35.1200189],[126.9262412,35.1200232],[126.9262294,35.1200256],[126.9262163,35.1200265],[126.9262022,35.1200264],[126.9261875,35.1200256],[126.9261724,35.1200243],[126.9261569,35.1200226],[126.9260775,35.1200124],[126.9260455,35.1200088],[126.9260296,35.1200074],[126.9259613,35.1199939],[126.925947,35.1199987],[126.9259334,35.120004],[126.9259207,35.1200099],[126.9259093,35.1200168],[126.9258998,35.1200248],[126.9258926,35.1200341],[126.9258872,35.1200445],[126.9258831,35.1200557],[126.9258799,35.1200676],[126.9258774,35.1200798],[126.9258753,35.1200924],[126.9258721,35.1201181],[126.9258495,35.1201663],[126.9258451,35.1202053],[126.9258412,35.120231],[126.9258388,35.1202438],[126.9258359,35.1202564],[126.9258324,35.1202689],[126.925828,35.1202814],[126.9258229,35.1202937],[126.9258174,35.1203059],[126.9258115,35.1203181],[126.9257926,35.1203542],[126.9257599,35.1204142],[126.9257473,35.1204383],[126.9257413,35.1204504],[126.9257356,35.1204626],[126.9257303,35.1204749],[126.9257256,35.1204873],[126.9257215,35.1205002],[126.925718,35.1205132],[126.9257122,35.1205396],[126.925705,35.1205795],[126.9256965,35.1206329],[126.9256778,35.1207533],[126.9256711,35.1207933],[126.9256659,35.1208196],[126.9256628,35.1208326],[126.9256592,35.1208453],[126.9256549,35.1208577],[126.9256497,35.1208697],[126.9256431,35.1208812],[126.9256354,35.1208913],[126.9256265,35.120901],[126.9256169,35.1209103],[126.9255865,35.1209373],[126.9255768,35.1209464],[126.9255679,35.1209557],[126.9255601,35.1209654],[126.925554,35.1209756],[126.9255498,35.1209865],[126.9255472,35.120998],[126.9255459,35.1210098],[126.9255455,35.121022],[126.9255457,35.1210344],[126.9255482,35.1210848],[126.9255483,35.1210973],[126.9255479,35.1211098],[126.9255467,35.1211221],[126.9255442,35.1211342],[126.9255401,35.1211466],[126.9255348,35.1211587],[126.9255284,35.1211707],[126.9255214,35.1211825],[126.9255139,35.1211942],[126.9254979,35.1212174],[126.9254812,35.1212404],[126.9254638,35.1212631],[126.9254548,35.1212742],[126.9254456,35.1212851],[126.9254359,35.1212957],[126.9254257,35.1213058],[126.9254147,35.1213153],[126.9254033,35.1213237],[126.9253913,35.1213316],[126.9253787,35.1213391],[126.9253658,35.1213462],[126.9253526,35.1213532],[126.9253126,35.1213735],[126.9252866,35.1213873],[126.9252741,35.1213944],[126.9252623,35.1214018],[126.9252515,35.1214097],[126.9252419,35.1214181],[126.9252341,35.1214274],[126.9252286,35.1214372],[126.9252249,35.1214479],[126.9252226,35.121459],[126.9252216,35.1214705],[126.9252215,35.1214822],[126.9252225,35.1214939],[126.9252246,35.1215056],[126.925228,35.1215172],[126.9252332,35.1215294],[126.9252397,35.1215414],[126.925247,35.1215531],[126.9252551,35.1215648],[126.9252635,35.1215763],[126.9252812,35.1215992],[126.9253448,35.1216785],[126.9254077,35.1217576],[126.9254259,35.12178],[126.9254445,35.1218021],[126.9254542,35.1218128],[126.9254642,35.1218233],[126.9254747,35.1218334],[126.9254857,35.1218429],[126.9254971,35.121852],[126.9255089,35.1218609],[126.9255332,35.1218781],[126.9255579,35.1218949],[126.9255955,35.1219199],[126.925822,35.122069],[126.9258469,35.1220857],[126.9258591,35.1220942],[126.925871,35.1221029],[126.9258826,35.1221117],[126.9258937,35.1221209],[126.925904,35.1221304],[126.9259134,35.1221405],[126.9259215,35.1221513],[126.9259287,35.1221625],[126.9259352,35.1221742],[126.9259411,35.1221862],[126.9259467,35.1221984],[126.9259573,35.1222231],[126.9259822,35.1222857],[126.9260014,35.122336],[126.9260104,35.1223612],[126.9260145,35.1223739],[126.9260182,35.1223867],[126.9260215,35.1223997],[126.9260245,35.1224127],[126.9260271,35.1224258],[126.9260319,35.1224522],[126.9260383,35.1224918],[126.926071,35.1227032]]}},{"type":"Feature","properties":{"slot":"mudeungsan_hiking_trail","sourceCode":"291101901","sourceMountainName":"마집봉","trailName":"","trailLengthKm":"0.14","difficulty":"쉬움","sourceFeatureId":"37","pathIndex":"0"},"geometry":{"type":"LineString","coordinates":[[126.936938,35.1227531],[126.9369721,35.1226941],[126.9370338,35.1225852],[126.9370476,35.1225613],[126.9370617,35.1225381],[126.9370691,35.122527],[126.9370767,35.1225164],[126.9370848,35.1225066],[126.9370935,35.1224978],[126.9371029,35.1224905],[126.9371135,35.1224851],[126.9371257,35.1224821],[126.937139,35.1224811],[126.937153,35.1224815],[126.9371677,35.122483],[126.9371828,35.1224851],[126.9371981,35.1224878],[126.9372137,35.1224908],[126.937245,35.1224973],[126.9373713,35.1225248],[126.9374657,35.1225447],[126.9376071,35.1225741],[126.9377957,35.1226126],[126.9378269,35.1226194],[126.9378423,35.122623],[126.9378576,35.1226269],[126.9378727,35.1226312],[126.9378874,35.1226359],[126.9379017,35.1226414],[126.9379155,35.1226478],[126.9379288,35.1226549],[126.9379417,35.1226626],[126.9379544,35.1226707],[126.9379794,35.1226876],[126.938004,35.1227051],[126.938138,35.1228031]]}},{"type":"Feature","properties":{"slot":"mudeungsan_hiking_trail","sourceCode":"291101901","sourceMountainName":"마집봉","trailName":"","trailLengthKm":"0.37","difficulty":"쉬움","sourceFeatureId":"38","pathIndex":"0"},"geometry":{"type":"LineString","coordinates":[[126.9443877,35.1033529],[126.9450001,35.10328],[126.9453886,35.1031917],[126.9454369,35.1031863],[126.9454692,35.1031834],[126.9454853,35.1031823],[126.9455015,35.1031816],[126.9455177,35.1031813],[126.9455339,35.1031814],[126.9455662,35.1031823],[126.9455987,35.1031839],[126.9456789,35.1032531],[126.9458574,35.103263],[126.9459059,35.1032662],[126.9459381,35.103269],[126.9459541,35.1032709],[126.9459699,35.1032732],[126.9459857,35.1032761],[126.9460014,35.1032794],[126.946017,35.103283],[126.9460326,35.1032869],[126.9460636,35.1032951],[126.9463261,35.103368],[126.9469133,35.1035303],[126.9471141,35.1035861],[126.947176,35.1036029],[126.9472071,35.1036106],[126.9472228,35.1036142],[126.9472386,35.1036174],[126.9472541,35.1036201],[126.9472698,35.1036224],[126.9473013,35.1036266],[126.9473489,35.1036319],[126.9474284,35.1036402],[126.9474601,35.1036432],[126.9474916,35.1036457],[126.9475072,35.1036465],[126.9475227,35.1036468],[126.947538,35.1036465],[126.947553,35.1036453],[126.9475676,35.1036429],[126.9475816,35.103639],[126.9475953,35.1036339],[126.9476087,35.1036279],[126.947622,35.1036213],[126.9476351,35.1036142],[126.9476872,35.1035843],[126.9477138,35.1035696],[126.9477274,35.1035627],[126.9477413,35.1035563],[126.9477557,35.1035505],[126.9477705,35.1035452],[126.9477855,35.1035403],[126.9478007,35.1035357],[126.9478159,35.1035314],[126.9478311,35.1035274],[126.9478463,35.1035237],[126.9478613,35.1035204],[126.947876,35.1035177],[126.9478903,35.1035157],[126.947904,35.1035149],[126.9479168,35.1035156],[126.9479284,35.1035183],[126.9479384,35.1035236],[126.9479473,35.103531],[126.9479552,35.10354],[126.9479625,35.1035501],[126.9479693,35.1035609],[126.9479758,35.1035724],[126.947982,35.1035842],[126.9479941,35.1036085],[126.9480559,35.1037391],[126.9480708,35.1037698]]}},{"type":"Feature","properties":{"slot":"mudeungsan_hiking_trail","sourceCode":"291101901","sourceMountainName":"마집봉","trailName":"","trailLengthKm":"0.39","difficulty":"쉬움","sourceFeatureId":"39","pathIndex":"0"},"geometry":{"type":"LineString","coordinates":[[126.9480708,35.1037698],[126.9480682,35.1037693],[126.9480609,35.103767],[126.9480001,35.103748],[126.9479615,35.1037362],[126.9479256,35.1037259],[126.9479105,35.103722],[126.947896,35.1037186],[126.9478815,35.1037158],[126.9478671,35.1037136],[126.9478526,35.1037123],[126.9478383,35.1037123],[126.9478235,35.1037137],[126.9478089,35.1037164],[126.9477943,35.1037199],[126.9477797,35.103724],[126.9477651,35.1037286],[126.9477505,35.1037335],[126.9476777,35.1037593],[126.9476483,35.1037692],[126.9476335,35.1037739],[126.9476186,35.1037783],[126.9476036,35.1037822],[126.9475881,35.1037857],[126.9475724,35.1037888],[126.9475566,35.1037916],[126.9475248,35.1037965],[126.9474929,35.103801],[126.9472355,35.1039201],[126.9472035,35.1039241],[126.9471715,35.1039275],[126.9471556,35.1039288],[126.9471396,35.1039298],[126.9471237,35.1039302],[126.9471078,35.1039299],[126.9470922,35.1039288],[126.9470765,35.1039269],[126.9470609,35.1039245],[126.9470453,35.1039217],[126.9470298,35.1039187],[126.9469821,35.1039177],[126.9469666,35.1039146],[126.9469511,35.1039118],[126.9469357,35.1039095],[126.9469202,35.1039076],[126.9469049,35.1039066],[126.9468896,35.1039066],[126.9468743,35.1039079],[126.9468591,35.1039103],[126.9468439,35.1039135],[126.9468288,35.1039173],[126.9468137,35.1039214],[126.9467835,35.1039305],[126.9467534,35.1039401],[126.9467161,35.1039366],[126.9464526,35.1039901],[126.9463172,35.1040341],[126.946272,35.1040484],[126.9462418,35.1040572],[126.9462266,35.1040611],[126.9462114,35.1040646],[126.9461961,35.1040673],[126.9461807,35.1040691],[126.946165,35.1040698],[126.9461491,35.1040695],[126.9461332,35.1040685],[126.9461172,35.104067],[126.9461012,35.1040652],[126.9460852,35.1040631],[126.9460531,35.1040585],[126.9457179,35.1039237],[126.9456713,35.1039168],[126.9456391,35.1039126],[126.945623,35.1039108],[126.9456069,35.1039094],[126.9455908,35.1039085],[126.9455747,35.1039081],[126.9455587,35.1039086],[126.9452445,35.1038618],[126.9452131,35.1038663],[126.9451977,35.1038681],[126.9451828,35.1038693],[126.9451685,35.1038698],[126.945155,35.1038693],[126.9451428,35.1038672],[126.9451323,35.1038631],[126.9451241,35.1038569],[126.9451175,35.1038487],[126.945112,35.1038392],[126.9451073,35.1038286],[126.9451033,35.1038173],[126.9450997,35.1038055],[126.9450963,35.1037933],[126.9451533,35.1037122],[126.9451499,35.1036997],[126.9451336,35.1035858],[126.9451241,35.1035753],[126.9451144,35.1035651],[126.9451044,35.1035552],[126.945094,35.1035459],[126.9450829,35.1035374],[126.945071,35.1035298],[126.9450578,35.1035235],[126.9450437,35.1035182],[126.9450291,35.1035136],[126.9450139,35.1035097],[126.9449984,35.1035061],[126.9449669,35.1034996],[126.9449123,35.1034915],[126.9448971,35.1034874],[126.9448821,35.1034827],[126.9448677,35.1034773],[126.9448544,35.1034713],[126.9448415,35.1034646],[126.9446932,35.1034386],[126.9446805,35.1034316],[126.9446673,35.1034251],[126.9446531,35.1034192],[126.9446384,35.1034139],[126.9446233,35.1034092],[126.944608,35.1034047],[126.944577,35.1033966],[126.9445283,35.103385],[126.9443877,35.1033529]]}},{"type":"Feature","properties":{"slot":"mudeungsan_hiking_trail","sourceCode":"291101901","sourceMountainName":"마집봉","trailName":"","trailLengthKm":"0.03","difficulty":"쉬움","sourceFeatureId":"40","pathIndex":"0"},"geometry":{"type":"LineString","coordinates":[[126.9368374,35.1230055],[126.936938,35.1227531]]}},{"type":"Feature","properties":{"slot":"mudeungsan_hiking_trail","sourceCode":"291101901","sourceMountainName":"마집봉","trailName":"","trailLengthKm":"0.03","difficulty":"쉬움","sourceFeatureId":"41","pathIndex":"0"},"geometry":{"type":"LineString","coordinates":[[126.9368374,35.1230055],[126.936938,35.1227531]]}},{"type":"Feature","properties":{"slot":"mudeungsan_hiking_trail","sourceCode":"291101901","sourceMountainName":"마집봉","trailName":"월남동구간","trailLengthKm":"0.11","difficulty":"쉬움","sourceFeatureId":"42","pathIndex":"0"},"geometry":{"type":"LineString","coordinates":[[126.9443877,35.1033529],[126.9432054,35.1032553]]}},{"type":"Feature","properties":{"slot":"mudeungsan_hiking_trail","sourceCode":"291101901","sourceMountainName":"마집봉","trailName":"월남동구간","trailLengthKm":"0.12","difficulty":"쉬움","sourceFeatureId":"43","pathIndex":"0"},"geometry":{"type":"LineString","coordinates":[[126.9490048,35.1044528],[126.9489037,35.10435],[126.9488832,35.1043297],[126.9488622,35.10431],[126.9488513,35.1043005],[126.9488402,35.1042913],[126.9488286,35.1042826],[126.9488164,35.1042746],[126.9488035,35.1042674],[126.94879,35.1042608],[126.9487761,35.1042546],[126.9487618,35.1042488],[126.9487328,35.1042378],[126.9486738,35.1042167],[126.9484366,35.104134],[126.9484071,35.1041235],[126.948378,35.1041126],[126.9483637,35.1041069],[126.9483498,35.1041009],[126.9483362,35.1040945],[126.9483233,35.1040875],[126.9483112,35.1040798],[126.9483001,35.104071],[126.9482899,35.1040615],[126.9482803,35.1040514],[126.9482711,35.1040409],[126.9482536,35.1040191],[126.9482284,35.1039853],[126.9481539,35.103883],[126.9480708,35.1037698]]}},{"type":"Feature","properties":{"slot":"mudeungsan_hiking_trail","sourceCode":"291101901","sourceMountainName":"마집봉","trailName":"월남동구간","trailLengthKm":"0.53","difficulty":"쉬움","sourceFeatureId":"44","pathIndex":"0"},"geometry":{"type":"LineString","coordinates":[[126.9555378,35.1017197],[126.9555208,35.1017027]]}},{"type":"Feature","properties":{"slot":"mudeungsan_hiking_trail","sourceCode":"291101901","sourceMountainName":"마집봉","trailName":"월남동구간","trailLengthKm":"0.53","difficulty":"쉬움","sourceFeatureId":"44","pathIndex":"1"},"geometry":{"type":"LineString","coordinates":[[126.9555378,35.1017197],[126.9555394,35.1017216],[126.9555447,35.1017267],[126.9555891,35.1017683],[126.9556163,35.1017946],[126.955629,35.1018073],[126.9556401,35.101819],[126.9556493,35.1018294],[126.9556577,35.1018398],[126.9556652,35.1018504],[126.9556715,35.1018612],[126.9556762,35.1018725],[126.9556792,35.1018847],[126.9556805,35.1018973],[126.9556806,35.1019102],[126.95568,35.1019233],[126.9556788,35.1019365],[126.9556773,35.1019498],[126.9556736,35.1019765],[126.9556529,35.1021107],[126.9556248,35.1022984],[126.9556023,35.1024461],[126.9555989,35.1024728],[126.9555976,35.1024861],[126.9555968,35.1024993],[126.9555965,35.1025123],[126.9555972,35.1025251],[126.955599,35.1025377],[126.9556025,35.1025499],[126.9556076,35.1025608],[126.9556142,35.1025714],[126.9556217,35.1025817],[126.9556299,35.1025918],[126.9556554,35.1026214],[126.9556633,35.1026311],[126.9556702,35.1026407],[126.9556757,35.1026502],[126.9556794,35.1026597],[126.9556804,35.102669],[126.955678,35.1026787],[126.9556727,35.1026883],[126.9556653,35.1026977],[126.9556564,35.1027072],[126.9556464,35.1027165],[126.9556356,35.1027259],[126.9555902,35.1027633],[126.9555792,35.1027728],[126.9555688,35.1027824],[126.9555592,35.102792],[126.955551,35.1028019],[126.9555445,35.1028121],[126.9555405,35.1028226],[126.9555394,35.1028336],[126.9555409,35.1028451],[126.9555441,35.1028568],[126.9555487,35.1028687],[126.9555541,35.1028807],[126.9555602,35.1028929],[126.9555736,35.1029173],[126.9555876,35.1029418],[126.9557022,35.1031381],[126.9557156,35.1031626],[126.9557218,35.1031747],[126.9557274,35.1031868],[126.9557322,35.1031988],[126.9557358,35.1032107],[126.9557376,35.1032223],[126.9557371,35.1032337],[126.9557339,35.1032445],[126.9557285,35.1032549],[126.9557214,35.1032652],[126.9557131,35.1032754],[126.955704,35.1032855],[126.9556943,35.1032955],[126.9556842,35.1033054],[126.9556634,35.1033253],[126.9555891,35.1033948],[126.9554948,35.1034846],[126.9554735,35.1035039],[126.9554626,35.1035131],[126.9554515,35.103522],[126.95544,35.1035303],[126.955428,35.1035379],[126.9554153,35.1035444],[126.9554016,35.1035497],[126.9553871,35.1035539],[126.9553721,35.1035573],[126.9553567,35.1035601],[126.955341,35.1035626],[126.9553252,35.1035648],[126.9552932,35.1035686],[126.955132,35.1035856],[126.9550998,35.1035892],[126.9550679,35.1035932],[126.9550521,35.1035955],[126.9550364,35.103598],[126.9550209,35.103601],[126.9550057,35.1036046],[126.9549909,35.103609],[126.9549765,35.1036144],[126.9549625,35.1036206],[126.9549488,35.1036273],[126.9549353,35.1036345],[126.954922,35.103642],[126.9548955,35.1036576],[126.95483,35.1036974],[126.9547903,35.1037208],[126.9547769,35.1037283],[126.9547633,35.1037356],[126.9547495,35.1037424],[126.9547354,35.1037488],[126.9547209,35.1037546],[126.954706,35.1037598],[126.9546909,35.1037647],[126.9546757,35.1037694],[126.9546295,35.1037824],[126.954334,35.1038607],[126.9541782,35.1039016],[126.9541472,35.10391],[126.9541319,35.1039144],[126.9541168,35.1039191],[126.954102,35.103924],[126.9540875,35.1039294],[126.9540736,35.1039354],[126.9540604,35.1039423],[126.9540486,35.10395],[126.9540374,35.1039585],[126.9540268,35.1039675],[126.9540165,35.103977],[126.9539967,35.1039969],[126.9539774,35.1040173],[126.9539583,35.104038],[126.9539204,35.1040797],[126.9539018,35.1041006],[126.9538837,35.1041218],[126.9538751,35.1041325],[126.9538668,35.1041434],[126.9538591,35.1041546],[126.9538518,35.1041664],[126.9538451,35.1041785],[126.9538388,35.1041908],[126.9538328,35.1042032],[126.9538158,35.1042408],[126.9537395,35.1044176],[126.9535807,35.1047836],[126.9535099,35.1049478],[126.9534987,35.1049729],[126.9534867,35.1049977],[126.9534803,35.1050098],[126.9534734,35.1050217],[126.9534657,35.1050333],[126.9534574,35.1050441],[126.9534485,35.1050545],[126.9534391,35.1050647],[126.9534191,35.1050847],[126.9533984,35.1051042],[126.9533772,35.1051237],[126.9532708,35.1052198]]}},{"type":"Feature","properties":{"slot":"mudeungsan_hiking_trail","sourceCode":"291101901","sourceMountainName":"마집봉","trailName":"","trailLengthKm":"0.03","difficulty":"쉬움","sourceFeatureId":"45","pathIndex":"0"},"geometry":{"type":"LineString","coordinates":[[126.9517551,35.1211199],[126.9520711,35.1210699]]}},{"type":"Feature","properties":{"slot":"mudeungsan_hiking_trail","sourceCode":"291101901","sourceMountainName":"마집봉","trailName":"","trailLengthKm":"0.65","difficulty":"쉬움","sourceFeatureId":"46","pathIndex":"0"},"geometry":{"type":"LineString","coordinates":[[126.9873712,35.1146354],[126.9873713,35.1146379],[126.9873705,35.1146449],[126.9873653,35.1146858],[126.9873613,35.1147212],[126.9873596,35.1147389],[126.9873583,35.1147554],[126.9873576,35.11477],[126.9873577,35.1147829],[126.9873585,35.1147954],[126.9873605,35.1148075],[126.9873639,35.1148189],[126.9873694,35.1148295],[126.9873772,35.1148391],[126.9873868,35.1148478],[126.9873978,35.1148559],[126.9874097,35.1148637],[126.9874223,35.1148712],[126.9874487,35.1148857],[126.9875309,35.1149279],[126.9875579,35.1149422],[126.987571,35.1149495],[126.9875839,35.114957],[126.9875962,35.1149649],[126.9876078,35.1149731],[126.9876185,35.1149819],[126.9876279,35.1149914],[126.9876358,35.115002],[126.9876424,35.1150133],[126.987648,35.1150252],[126.9876529,35.1150375],[126.9876573,35.1150501],[126.9876614,35.1150629],[126.9876689,35.1150888],[126.9876974,35.1151936],[126.9877156,35.1152589],[126.9877343,35.1153242],[126.9877573,35.1154026],[126.9877647,35.1154287],[126.9877711,35.1154546],[126.9877737,35.1154674],[126.9877756,35.11548],[126.9877765,35.1154925],[126.987776,35.1155046],[126.9877736,35.1155164],[126.9877689,35.1155277],[126.9877622,35.1155387],[126.9877541,35.1155493],[126.987745,35.1155598],[126.9877352,35.1155701],[126.9877143,35.1155904],[126.9876925,35.1156105],[126.9876152,35.1156807],[126.9875605,35.115731],[126.9873868,35.1158924],[126.9873647,35.1159122],[126.9873421,35.1159314],[126.9873304,35.1159407],[126.9873182,35.1159495],[126.9873057,35.1159578],[126.9872928,35.1159658],[126.9872662,35.1159809],[126.9872253,35.1160026],[126.9870459,35.1160947],[126.9865912,35.1163291],[126.9863843,35.1164353],[126.9863433,35.116457],[126.9863167,35.1164721],[126.9863038,35.1164801],[126.9862912,35.1164884],[126.9862793,35.116497],[126.9862678,35.1165061],[126.9862565,35.1165154],[126.9862346,35.1165345],[126.9861916,35.1165737],[126.985968,35.1167813],[126.9859358,35.1168108],[126.985914,35.1168301],[126.9859029,35.1168395],[126.9858916,35.1168487],[126.9858799,35.1168575],[126.9858678,35.1168659],[126.9858553,35.1168736],[126.9858424,35.1168808],[126.9858292,35.1168877],[126.9858021,35.1169009],[126.9857606,35.1169199],[126.9856492,35.1169693],[126.9856076,35.1169882],[126.9855802,35.1170011],[126.9855667,35.1170078],[126.9855534,35.1170147],[126.9855403,35.1170219],[126.9855274,35.1170295],[126.9855148,35.1170375],[126.9855023,35.1170457],[126.9854778,35.1170624],[126.9854415,35.1170882],[126.9852971,35.1171921],[126.9852487,35.1172265],[126.9852243,35.1172434],[126.9852119,35.1172517],[126.9851994,35.1172598],[126.9851866,35.1172676],[126.9851736,35.1172752],[126.9851469,35.1172898],[126.985106,35.1173108],[126.9848446,35.1174406],[126.9847898,35.1174681],[126.9847627,35.1174822],[126.9847493,35.1174894],[126.9847361,35.1174969],[126.9847231,35.1175046],[126.9847103,35.1175126],[126.9846854,35.1175296],[126.9846609,35.1175471],[126.9846368,35.1175648],[126.9844805,35.1176813],[126.984348,35.1177797],[126.9842756,35.1178333],[126.9841545,35.1179224],[126.9841307,35.1179405],[126.9841191,35.1179497],[126.9841078,35.117959],[126.9840969,35.1179687],[126.9840867,35.1179786],[126.9840773,35.1179891],[126.984069,35.1180001],[126.9840616,35.1180115],[126.9840548,35.1180233],[126.9840484,35.1180354],[126.9840425,35.1180476],[126.9840368,35.11806],[126.9840263,35.118085],[126.9840215,35.1180976],[126.9840171,35.1181103],[126.9840133,35.1181231],[126.9840102,35.118136],[126.984008,35.1181491],[126.9840064,35.1181624],[126.9840055,35.1181757],[126.9840049,35.1181891],[126.9840043,35.1182294],[126.9840047,35.1183641],[126.984004,35.118499],[126.9840041,35.1185259],[126.9840048,35.1185526],[126.9840058,35.1185657],[126.9840072,35.1185787],[126.9840095,35.1185913],[126.9840129,35.1186036],[126.9840179,35.1186152],[126.9840249,35.1186262],[126.9840335,35.1186366],[126.9840432,35.1186466],[126.9840536,35.1186562],[126.984086,35.1186843],[126.984096,35.1186936],[126.9841048,35.1187034],[126.984111,35.1187149],[126.9841133,35.1187278],[126.9841115,35.1187406],[126.9841067,35.1187535],[126.9840999,35.1187661],[126.9840922,35.1187776],[126.9840845,35.1187876],[126.9840778,35.1187955],[126.9840713,35.1188025]]}},{"type":"Feature","properties":{"slot":"mudeungsan_hiking_trail","sourceCode":"291101901","sourceMountainName":"마집봉","trailName":"","trailLengthKm":"1.03","difficulty":"쉬움","sourceFeatureId":"47","pathIndex":"0"},"geometry":{"type":"LineString","coordinates":[[126.9759711,35.1132696],[126.9766559,35.1134867],[126.9769148,35.1135686],[126.9769603,35.1135833],[126.9769904,35.1135934],[126.9770202,35.1136043],[126.9770347,35.11361],[126.9770634,35.1136221],[126.9771201,35.1136474],[126.9772751,35.1137184],[126.9773175,35.1137376],[126.977346,35.11375],[126.9773603,35.1137561],[126.9773747,35.1137619],[126.9773893,35.1137674],[126.977404,35.1137727],[126.9774189,35.1137776],[126.977449,35.113787],[126.9774945,35.1138003],[126.9777839,35.1138825],[126.9779821,35.1139385],[126.9780123,35.1139475],[126.9780272,35.1139523],[126.978042,35.1139572],[126.9780564,35.1139625],[126.9780706,35.1139683],[126.9780842,35.1139747],[126.9780968,35.1139817],[126.978109,35.1139892],[126.9781208,35.1139972],[126.9781437,35.114014],[126.9782111,35.1140665],[126.9782342,35.1140833],[126.978246,35.1140914],[126.9782582,35.114099],[126.9782715,35.1141065],[126.9782851,35.1141137],[126.9782991,35.1141205],[126.9783132,35.114127],[126.9783418,35.1141397],[126.9783707,35.1141521],[126.9786318,35.1142624],[126.9787921,35.1143293],[126.9788355,35.1143479],[126.9788497,35.1143542],[126.9788637,35.1143608],[126.9788773,35.1143677],[126.9788904,35.114375],[126.9789028,35.1143828],[126.9789142,35.1143915],[126.9789238,35.1144006],[126.9789325,35.1144105],[126.9789405,35.1144208],[126.978948,35.1144316],[126.9789551,35.1144427],[126.9789618,35.1144539],[126.9789744,35.1144769],[126.9789803,35.1144886],[126.9789857,35.1145003],[126.9789906,35.1145121],[126.9789949,35.1145241],[126.9789982,35.1145362],[126.9790004,35.1145488],[126.9790017,35.1145616],[126.9790023,35.1145745],[126.9790024,35.1145875],[126.9790021,35.1146005],[126.9790009,35.1146266],[126.9789936,35.1147312],[126.9789916,35.1147704],[126.9789913,35.1147834],[126.9789914,35.1147963],[126.9789919,35.1148092],[126.978993,35.114822],[126.9789951,35.1148346],[126.9789982,35.114847],[126.9790021,35.1148592],[126.9790067,35.1148713],[126.9790117,35.1148834],[126.979017,35.1148954],[126.9790284,35.1149193],[126.9790466,35.114955],[126.9790593,35.1149785],[126.979073,35.1150017],[126.9790806,35.1150135],[126.9790967,35.115037],[126.9791304,35.1150831],[126.9792503,35.1152438],[126.9794037,35.1154508],[126.9794299,35.1154849],[126.979448,35.1155072],[126.9794575,35.1155182],[126.9794672,35.1155287],[126.9794773,35.1155391],[126.9794979,35.1155595],[126.9795404,35.1155996],[126.9796371,35.1156892],[126.9796582,35.1157092],[126.9796686,35.1157193],[126.9796786,35.1157296],[126.9796882,35.1157399],[126.9796973,35.1157505],[126.9797057,35.1157614],[126.9797129,35.1157727],[126.9797189,35.1157846],[126.9797238,35.1157969],[126.979728,35.1158094],[126.9797316,35.1158222],[126.9797348,35.1158351],[126.9797404,35.1158613],[126.9797557,35.1159404],[126.9797641,35.1159798],[126.9797672,35.1159929],[126.9797707,35.1160059],[126.9797747,35.1160188],[126.9797791,35.1160314],[126.9797891,35.1160564],[126.9798056,35.1160936],[126.979846,35.1161799],[126.9798695,35.1162291],[126.9798818,35.1162534],[126.9798883,35.1162653],[126.9798952,35.1162771],[126.9799025,35.1162886],[126.9799106,35.1162997],[126.9799196,35.1163106],[126.9799294,35.1163211],[126.9799397,35.1163313],[126.9799612,35.1163512],[126.9799948,35.1163803],[126.9801312,35.116496],[126.9801877,35.1165443],[126.98021,35.1165639],[126.9802209,35.1165738],[126.9802316,35.1165839],[126.980242,35.1165941],[126.980252,35.1166046],[126.9802615,35.1166153],[126.9802706,35.1166262],[126.9802795,35.1166373],[126.9802965,35.1166599],[126.9803467,35.1167284],[126.980364,35.1167507],[126.9803731,35.1167617],[126.9803825,35.1167723],[126.9803925,35.1167825],[126.9804032,35.1167923],[126.9804144,35.1168017],[126.9804259,35.1168108],[126.9804378,35.1168198],[126.9804621,35.1168372],[126.9804992,35.116863],[126.9807848,35.1170594],[126.9808217,35.1170853],[126.9808458,35.117103],[126.9808575,35.1171121],[126.980869,35.1171214],[126.9808803,35.1171311],[126.9808913,35.117141],[126.9809128,35.1171614],[126.9809546,35.1172031],[126.9810372,35.1172874],[126.9810581,35.1173081],[126.9810687,35.1173182],[126.9810796,35.1173279],[126.9810907,35.1173373],[126.9811022,35.117346],[126.9811143,35.1173538],[126.9811272,35.1173605],[126.9811409,35.1173656],[126.9811553,35.1173695],[126.9811703,35.1173726],[126.9811857,35.117375],[126.9812014,35.1173771],[126.9812173,35.1173788],[126.9812656,35.117383],[126.981379,35.1173918],[126.981476,35.1173996],[126.9817827,35.1174252],[126.9819925,35.1174425],[126.9820247,35.1174454],[126.9820567,35.1174489],[126.9820726,35.117451],[126.9820884,35.1174535],[126.982104,35.1174564],[126.9821197,35.1174601],[126.9821352,35.1174643],[126.9821505,35.1174688],[126.9821658,35.1174737],[126.9821962,35.1174838],[126.9824535,35.1175742],[126.982651,35.1176424],[126.9826811,35.1176531],[126.9827108,35.1176643],[126.9827252,35.1176703],[126.9827393,35.1176767],[126.9827528,35.1176836],[126.9827655,35.1176913],[126.9827769,35.1176997],[126.9827876,35.1177087],[126.9827977,35.1177182],[126.9828075,35.1177282],[126.982817,35.1177384],[126.9828354,35.1177594],[126.9828985,35.1178343],[126.982926,35.1178662],[126.9829449,35.1178868],[126.9829547,35.1178969],[126.9829649,35.1179066],[126.9829756,35.117916],[126.9829869,35.1179249],[126.9829988,35.1179335],[126.9830109,35.1179417],[126.9830233,35.1179498],[126.9830864,35.1179892],[126.9830987,35.1179973],[126.9831107,35.1180056],[126.9831223,35.1180142],[126.9831334,35.1180233],[126.9831439,35.1180331],[126.9831539,35.1180434],[126.9831634,35.118054],[126.9831726,35.1180648],[126.9831904,35.118087],[126.9832078,35.1181095],[126.9833023,35.1182342],[126.9834486,35.1184266],[126.98356,35.1185743],[126.9835776,35.1185965],[126.9835867,35.1186074],[126.9835961,35.1186179],[126.983606,35.118628],[126.9836164,35.1186375],[126.9836277,35.1186462],[126.98364,35.1186539],[126.9836531,35.1186607],[126.9836669,35.1186669],[126.9836811,35.1186727],[126.9836956,35.1186782],[126.9837103,35.1186834],[126.9837402,35.1186936],[126.983906,35.1187478],[126.9840713,35.1188025]]}},{"type":"Feature","properties":{"slot":"mudeungsan_hiking_trail","sourceCode":"291101901","sourceMountainName":"마집봉","trailName":"","trailLengthKm":"0.85","difficulty":"쉬움","sourceFeatureId":"48","pathIndex":"0"},"geometry":{"type":"LineString","coordinates":[[126.967955,35.1110357],[126.9680114,35.1111885],[126.9680306,35.1112393],[126.9680408,35.1112645],[126.9680463,35.111277],[126.9680521,35.1112893],[126.9680583,35.1113015],[126.9680652,35.1113135],[126.9680724,35.1113253],[126.9680879,35.1113486],[126.9681123,35.1113832],[126.9681373,35.1114174],[126.9681544,35.1114401],[126.968172,35.1114624],[126.9681812,35.1114733],[126.9681907,35.1114839],[126.9682007,35.1114942],[126.9682109,35.1115043],[126.9682215,35.1115142],[126.9682431,35.1115336],[126.9682983,35.1115815],[126.9683539,35.111629],[126.9683765,35.1116477],[126.968388,35.1116568],[126.9683996,35.1116658],[126.9684116,35.1116745],[126.9684238,35.1116828],[126.9684365,35.1116905],[126.9684494,35.1116979],[126.9684627,35.111705],[126.9684897,35.1117187],[126.9685445,35.1117452],[126.9686411,35.1117909],[126.9686689,35.1118036],[126.9686828,35.1118097],[126.9686969,35.1118155],[126.9687111,35.1118209],[126.9687255,35.1118258],[126.9687402,35.11183],[126.9687555,35.1118333],[126.968771,35.1118359],[126.9687868,35.111838],[126.9688027,35.1118397],[126.9688349,35.1118423],[126.9688834,35.1118454],[126.9691588,35.1118611],[126.9691911,35.1118632],[126.9692234,35.1118656],[126.9692394,35.1118671],[126.9692553,35.1118689],[126.9692712,35.1118711],[126.9692868,35.1118739],[126.9693023,35.1118773],[126.9693175,35.1118813],[126.9693327,35.1118857],[126.9693478,35.1118903],[126.9693778,35.1119002],[126.9694226,35.1119157],[126.9695717,35.1119681],[126.9696314,35.1119888],[126.9696764,35.1120037],[126.9697068,35.1120128],[126.9697221,35.1120169],[126.9697375,35.1120206],[126.9697687,35.1120269],[126.969816,35.1120353],[126.9699108,35.1120507],[126.9699423,35.1120563],[126.9699578,35.1120593],[126.9699733,35.1120626],[126.9699885,35.1120662],[126.9700034,35.1120704],[126.970018,35.1120753],[126.9700319,35.112081],[126.9700455,35.1120874],[126.9700587,35.1120943],[126.9700718,35.1121015],[126.9700847,35.1121091],[126.9701229,35.1121326],[126.9701862,35.1121726],[126.9702116,35.1121885],[126.9702374,35.1122038],[126.9702504,35.1122111],[126.9702636,35.1122181],[126.9702772,35.1122245],[126.9702911,35.1122304],[126.9703055,35.1122354],[126.9703204,35.1122399],[126.9703355,35.1122438],[126.9703508,35.1122474],[126.9703663,35.1122507],[126.9703974,35.1122569],[126.9706802,35.1123089],[126.9707115,35.1123148],[126.9707427,35.1123211],[126.9707736,35.1123279],[126.9707889,35.1123317],[126.9708039,35.1123359],[126.9708188,35.1123406],[126.970833,35.1123457],[126.9708469,35.1123513],[126.9708607,35.1123572],[126.9709017,35.1123753],[126.9709155,35.1123811],[126.9709293,35.1123864],[126.9709434,35.1123912],[126.9709577,35.1123951],[126.9709729,35.112398],[126.9709885,35.1124001],[126.9710042,35.1124015],[126.9710201,35.1124024],[126.9710361,35.1124029],[126.9710684,35.1124034],[126.9711332,35.1124033],[126.9714095,35.1124017],[126.9714419,35.1124017],[126.9714742,35.1124021],[126.9714902,35.1124026],[126.9715062,35.1124035],[126.9715219,35.1124048],[126.9715375,35.1124068],[126.9715527,35.1124097],[126.9715672,35.1124137],[126.9715815,35.1124185],[126.9715955,35.112424],[126.9716093,35.11243],[126.9716231,35.1124363],[126.9716503,35.1124495],[126.9716775,35.1124632],[126.9717858,35.1125195],[126.9718129,35.1125333],[126.9718399,35.1125466],[126.9718534,35.1125527],[126.9718669,35.1125584],[126.9718803,35.1125633],[126.9718937,35.1125672],[126.9719069,35.1125697],[126.97192,35.1125703],[126.9719331,35.1125685],[126.971946,35.1125647],[126.9719589,35.1125596],[126.9719716,35.1125534],[126.9719843,35.1125464],[126.971997,35.112539],[126.9720097,35.1125312],[126.9720349,35.1125151],[126.9721988,35.1124079],[126.9722366,35.1123834],[126.9722619,35.1123674],[126.9722875,35.1123519],[126.9723006,35.1123445],[126.9723138,35.1123375],[126.9723273,35.112331],[126.9723412,35.1123252],[126.9723559,35.1123202],[126.972371,35.112316],[126.9723865,35.1123122],[126.9724021,35.1123089],[126.9724179,35.1123058],[126.9724657,35.1122975],[126.9725941,35.1122768],[126.9726581,35.1122661],[126.9726899,35.1122603],[126.9727057,35.1122571],[126.9727215,35.1122536],[126.972737,35.1122498],[126.9727525,35.1122456],[126.9727679,35.112241],[126.9727832,35.1122361],[126.9728286,35.1122205],[126.972919,35.1121878],[126.9730849,35.1121267],[126.973115,35.1121162],[126.97313,35.1121114],[126.9731449,35.112107],[126.9731596,35.1121033],[126.9731743,35.1121005],[126.9731886,35.1120992],[126.9732027,35.1120996],[126.9732163,35.1121024],[126.9732296,35.1121069],[126.9732426,35.1121129],[126.9732555,35.1121197],[126.9732683,35.1121273],[126.9732809,35.1121353],[126.9733062,35.1121522],[126.9735322,35.1123091],[126.9735698,35.112335],[126.9735951,35.112352],[126.9736207,35.1123684],[126.9736337,35.1123761],[126.973647,35.1123833],[126.9736607,35.1123899],[126.9736748,35.1123955],[126.9736892,35.1124],[126.9737041,35.1124035],[126.9737193,35.1124064],[126.9737347,35.1124088],[126.9737504,35.1124109],[126.973782,35.1124144],[126.9739095,35.1124264],[126.9739572,35.1124314],[126.9739888,35.1124353],[126.9740046,35.1124376],[126.9740205,35.1124403],[126.9740522,35.1124463],[126.9740837,35.1124528],[126.9741152,35.1124597],[126.9744767,35.1125397],[126.9747287,35.1125944],[126.9747599,35.1126017],[126.9747753,35.1126057],[126.9747905,35.1126099],[126.9748054,35.1126145],[126.9748198,35.1126197],[126.9748338,35.1126257],[126.9748471,35.1126328],[126.9748599,35.1126407],[126.9748722,35.1126492],[126.9748843,35.1126581],[126.9749078,35.1126767],[126.9749309,35.1126959],[126.9750339,35.1127837],[126.9750685,35.1128125],[126.9750921,35.112831],[126.9751042,35.1128398],[126.9751166,35.1128481],[126.9751294,35.1128557],[126.9751429,35.1128625],[126.9751568,35.112868],[126.9751713,35.1128726],[126.9751862,35.1128766],[126.9752014,35.1128801],[126.9752325,35.1128863],[126.975327,35.1129027],[126.9753425,35.1129057],[126.9753579,35.112909],[126.975373,35.1129126],[126.9753877,35.1129167],[126.9754019,35.1129216],[126.9754153,35.1129274],[126.9754281,35.1129346],[126.9754402,35.1129428],[126.9754517,35.1129518],[126.9754629,35.1129612],[126.9754737,35.1129711],[126.9754844,35.1129812],[126.9755054,35.1130019],[126.9755261,35.1130228],[126.9756606,35.1131598],[126.9756815,35.1131807],[126.9757026,35.1132011],[126.9757134,35.1132109],[126.9757245,35.1132204],[126.9757359,35.1132292],[126.9757479,35.1132373],[126.9757606,35.1132441],[126.9757736,35.1132491],[126.9757872,35.1132531],[126.9758015,35.1132561],[126.9758167,35.1132586],[126.9758343,35.1132607],[126.9758539,35.1132625],[126.9758744,35.113264],[126.9759147,35.1132665],[126.9759685,35.1132692],[126.9759711,35.1132696]]}},{"type":"Feature","properties":{"slot":"mudeungsan_hiking_trail","sourceCode":"291101901","sourceMountainName":"마집봉","trailName":"","trailLengthKm":"0.81","difficulty":"쉬움","sourceFeatureId":"49","pathIndex":"0"},"geometry":{"type":"LineString","coordinates":[[126.9596379,35.1067357],[126.9596211,35.1066561],[126.9596149,35.106623],[126.9596126,35.1066083],[126.9596109,35.1065952],[126.9596097,35.1065825],[126.9596092,35.1065697],[126.9596093,35.1065565],[126.9596101,35.1065433],[126.9596127,35.106517],[126.9596161,35.1064906],[126.9596198,35.1064642],[126.9596534,35.10624],[126.9596716,35.1061213],[126.9596772,35.1060817],[126.9596802,35.1060555],[126.9596812,35.1060424],[126.9596816,35.1060293],[126.9596814,35.1060164],[126.9596801,35.1060035],[126.9596775,35.1059906],[126.9596738,35.1059777],[126.9596694,35.1059649],[126.9596645,35.1059522],[126.9596536,35.1059269],[126.9596302,35.1058764],[126.9595161,35.1056367],[126.9595046,35.1056114],[126.9594992,35.1055988],[126.9594942,35.1055862],[126.9594899,35.1055736],[126.9594863,35.105561],[126.959484,35.1055485],[126.9594834,35.105536],[126.9594847,35.1055237],[126.9594876,35.1055115],[126.9594917,35.1054993],[126.9594966,35.1054871],[126.9595022,35.105475],[126.9595081,35.1054628],[126.9595207,35.1054385],[126.9595804,35.1053292],[126.9595935,35.1053049],[126.9596061,35.1052806],[126.9596177,35.105256],[126.9596229,35.1052437],[126.9596275,35.1052312],[126.9596313,35.1052186],[126.959634,35.1052057],[126.9596359,35.1051927],[126.9596372,35.1051795],[126.959638,35.1051663],[126.9596388,35.1051397],[126.959639,35.1050997],[126.9596386,35.1050329],[126.9596379,35.1049928],[126.9596368,35.1049662],[126.9596359,35.1049529],[126.9596331,35.1049262],[126.9596294,35.1048995],[126.9596254,35.1048729],[126.9595844,35.1046201],[126.959454,35.1038087],[126.9594215,35.1036091],[126.9594134,35.1035559],[126.95941,35.1035293],[126.9594087,35.103516],[126.9594079,35.1035026],[126.9594075,35.1034892],[126.9594078,35.1034622],[126.9594089,35.1034352],[126.9594113,35.1033947],[126.9594368,35.1030032],[126.9594495,35.1028141],[126.9594514,35.1027737],[126.9594516,35.1027603],[126.9594515,35.1027468],[126.9594509,35.1027335],[126.9594495,35.1027202],[126.9594474,35.1027075],[126.9594447,35.1026948],[126.9594415,35.1026823],[126.9594341,35.1026572],[126.9594259,35.1026321],[126.9593871,35.1025197],[126.959379,35.1024947],[126.9593752,35.1024822],[126.9593717,35.1024697],[126.9593686,35.1024572],[126.9593662,35.1024447],[126.9593647,35.1024323],[126.9593643,35.1024199],[126.9593654,35.1024072],[126.9593676,35.1023945],[126.9593708,35.1023819],[126.9593746,35.1023692],[126.9593834,35.1023439],[126.9593981,35.1023061],[126.9594841,35.1020916],[126.959504,35.1020411],[126.9595136,35.1020158],[126.9595181,35.1020032],[126.9595223,35.1019905],[126.9595261,35.1019777],[126.9595294,35.1019649],[126.9595319,35.1019521],[126.9595334,35.1019394],[126.9595342,35.1019266],[126.9595344,35.1019138],[126.9595338,35.101888],[126.9595314,35.1018492],[126.9595274,35.1017974],[126.9595237,35.1017586],[126.9595206,35.1017328],[126.9595186,35.10172],[126.9595135,35.1016937],[126.9595074,35.1016675],[126.9595009,35.1016414],[126.9594466,35.1014327],[126.959379,35.1011719],[126.9593121,35.1009108],[126.9593051,35.1008848],[126.9592973,35.100859],[126.959293,35.1008463],[126.9592882,35.1008337],[126.9592827,35.1008214],[126.9592763,35.1008092],[126.9592693,35.1007972],[126.9592618,35.1007854],[126.9592539,35.1007738],[126.9592376,35.1007506],[126.9592122,35.1007162],[126.9591184,35.1005901],[126.9589402,35.1003492],[126.9588296,35.1002002],[126.9588129,35.1001772],[126.9587966,35.100154],[126.9587887,35.1001423],[126.9587812,35.1001304],[126.9587742,35.1001184],[126.9587677,35.1001063],[126.9587617,35.100094],[126.958756,35.1000817],[126.9587453,35.1000566],[126.95873,35.1000188],[126.9586701,35.099867],[126.9586048,35.0997027]]}},{"type":"Feature","properties":{"slot":"mudeungsan_hiking_trail","sourceCode":"291101901","sourceMountainName":"마집봉","trailName":"","trailLengthKm":"0.98","difficulty":"쉬움","sourceFeatureId":"50","pathIndex":"0"},"geometry":{"type":"LineString","coordinates":[[126.9596379,35.1067357],[126.9596615,35.1067356],[126.9598294,35.1067335],[126.9598611,35.1067335],[126.9598925,35.1067342],[126.9599079,35.106735],[126.959923,35.1067363],[126.9599378,35.1067383],[126.959952,35.1067413],[126.9599655,35.1067455],[126.9599784,35.1067514],[126.9599906,35.1067587],[126.9600023,35.1067669],[126.9600136,35.1067758],[126.9600246,35.1067851],[126.9600355,35.1067947],[126.9600675,35.1068247],[126.960152,35.1069062],[126.9601734,35.1069262],[126.9601953,35.1069456],[126.9602065,35.1069548],[126.9602181,35.1069637],[126.9602302,35.1069719],[126.9602429,35.1069794],[126.9602563,35.1069858],[126.9602703,35.1069914],[126.9602848,35.1069964],[126.9602996,35.107001],[126.9603146,35.1070052],[126.9603452,35.1070132],[126.9603761,35.1070208],[126.9605158,35.107054],[126.9605465,35.1070619],[126.9605615,35.107066],[126.9605763,35.1070705],[126.9605906,35.1070753],[126.9606044,35.1070807],[126.9606174,35.1070869],[126.9606293,35.1070941],[126.9606399,35.1071027],[126.9606494,35.1071123],[126.960658,35.1071227],[126.9606662,35.1071337],[126.9606738,35.107145],[126.9606885,35.1071685],[126.9607303,35.107241],[126.9607446,35.1072648],[126.960752,35.1072765],[126.9607597,35.1072878],[126.9607678,35.1072988],[126.9607764,35.1073093],[126.9607859,35.1073189],[126.9607965,35.1073275],[126.9608087,35.1073349],[126.9608219,35.1073413],[126.960836,35.1073468],[126.9608507,35.1073518],[126.9608657,35.1073564],[126.9608966,35.1073648],[126.9609439,35.1073766],[126.9609914,35.1073877],[126.9610232,35.1073943],[126.9610392,35.1073971],[126.9610553,35.1073995],[126.9610713,35.1074013],[126.9610875,35.1074027],[126.9611037,35.1074037],[126.9611361,35.1074051],[126.961185,35.1074064],[126.9616248,35.1074161],[126.9616736,35.1074177],[126.9617059,35.1074194],[126.961722,35.1074207],[126.961738,35.1074223],[126.9617538,35.1074246],[126.9617693,35.1074274],[126.9617847,35.1074308],[126.9617999,35.1074346],[126.9618607,35.107451],[126.9618759,35.1074548],[126.9618912,35.1074584],[126.9619066,35.1074615],[126.961922,35.1074639],[126.9619379,35.1074656],[126.9619539,35.1074665],[126.9619699,35.107467],[126.9620023,35.1074669],[126.962051,35.1074654],[126.9622951,35.1074557],[126.9629133,35.1074324],[126.9631413,35.1074232],[126.9631738,35.1074222],[126.96319,35.1074219],[126.9632062,35.1074219],[126.9632224,35.1074223],[126.9632384,35.1074231],[126.9632544,35.1074245],[126.9632695,35.1074267],[126.9632845,35.1074295],[126.9632995,35.1074328],[126.9633292,35.1074401],[126.9633589,35.1074482],[126.9633884,35.1074566],[126.9634177,35.1074654],[126.9634322,35.1074699],[126.9634465,35.1074747],[126.9634605,35.1074796],[126.9634741,35.1074849],[126.9634872,35.1074908],[126.9634995,35.1074973],[126.9635107,35.1075047],[126.9635212,35.1075137],[126.9635305,35.1075237],[126.963539,35.1075344],[126.9635469,35.1075457],[126.9635544,35.1075573],[126.9635617,35.1075691],[126.9635825,35.1076055],[126.96363,35.1076913],[126.963678,35.1077767],[126.9639123,35.1081901],[126.9640083,35.1083606],[126.964029,35.1083971],[126.9640433,35.1084211],[126.9640508,35.1084329],[126.9640585,35.1084446],[126.9640667,35.108456],[126.9640755,35.1084671],[126.9640851,35.1084778],[126.9640953,35.1084882],[126.9641059,35.1084983],[126.964128,35.108518],[126.9641508,35.1085374],[126.9643236,35.1086814],[126.9645072,35.1088357],[126.964542,35.1088642],[126.9645659,35.1088825],[126.9645782,35.1088913],[126.9645908,35.1088997],[126.9646038,35.1089075],[126.9646172,35.108915],[126.9646309,35.1089222],[126.9646447,35.1089291],[126.9646728,35.1089427],[126.9647721,35.108989],[126.9648003,35.1090024],[126.9648281,35.1090162],[126.9648417,35.1090234],[126.964855,35.1090309],[126.964868,35.1090388],[126.9648804,35.1090473],[126.9648925,35.1090561],[126.9649159,35.1090745],[126.9649499,35.1091032],[126.9651515,35.1092784],[126.965421,35.1095112],[126.9654541,35.1095407],[126.9654754,35.1095609],[126.9654857,35.1095712],[126.9654955,35.1095818],[126.9655145,35.1096035],[126.9655417,35.1096369],[126.9655774,35.1096818],[126.9657016,35.1098394],[126.9658077,35.1099751],[126.9658259,35.1099972],[126.9658353,35.1100079],[126.965845,35.1100183],[126.9658552,35.1100282],[126.965866,35.1100375],[126.9658776,35.1100458],[126.9658905,35.110053],[126.9659042,35.1100593],[126.9659185,35.1100649],[126.9659334,35.11007],[126.9659485,35.1100748],[126.9659639,35.1100793],[126.965995,35.1100879],[126.9660421,35.1100999],[126.9660737,35.110107],[126.9660895,35.1101101],[126.9661054,35.1101126],[126.9661214,35.1101144],[126.9661368,35.1101154],[126.9661522,35.1101156],[126.9661677,35.1101154],[126.9661988,35.1101141],[126.9662925,35.1101079],[126.9663237,35.1101064],[126.9663393,35.1101061],[126.9663548,35.1101062],[126.9663711,35.1101067],[126.9663873,35.1101077],[126.9664035,35.110109],[126.9664359,35.1101121],[126.9664844,35.1101176],[126.9666462,35.1101368],[126.9668082,35.1101555],[126.9668404,35.1101596],[126.9668724,35.1101643],[126.9668882,35.1101672],[126.9669038,35.1101705],[126.9669191,35.1101745],[126.9669333,35.1101791],[126.9669473,35.1101843],[126.9669611,35.11019],[126.9669748,35.1101959],[126.9670018,35.1102086],[126.9670285,35.1102218],[126.9670549,35.1102354],[126.9670808,35.1102496],[126.9670933,35.110257],[126.9671056,35.1102647],[126.9671173,35.1102729],[126.9671291,35.110282],[126.9671404,35.1102917],[126.9671514,35.1103016],[126.967162,35.1103118],[126.9671932,35.1103432],[126.9673256,35.1104814],[126.9674788,35.1106405],[126.9675198,35.1106828],[126.9675511,35.1107141],[126.9675727,35.1107344],[126.9675837,35.110744],[126.9676061,35.1107628],[126.9676406,35.1107904],[126.967955,35.1110357]]}},{"type":"Feature","properties":{"slot":"mudeungsan_hiking_trail","sourceCode":"291101901","sourceMountainName":"마집봉","trailName":"","trailLengthKm":"0.07","difficulty":"쉬움","sourceFeatureId":"51","pathIndex":"0"},"geometry":{"type":"LineString","coordinates":[[126.9589049,35.1070027],[126.9590244,35.1069779],[126.959076,35.1069665],[126.9591066,35.1069589],[126.9591217,35.1069547],[126.9591367,35.1069501],[126.9591511,35.1069452],[126.9591653,35.1069399],[126.9591794,35.1069344],[126.9592075,35.1069228],[126.9592353,35.1069109],[126.9596379,35.1067357]]}},{"type":"Feature","properties":{"slot":"mudeungsan_hiking_trail","sourceCode":"291101901","sourceMountainName":"마집봉","trailName":"","trailLengthKm":"0.17","difficulty":"쉬움","sourceFeatureId":"52","pathIndex":"0"},"geometry":{"type":"LineString","coordinates":[[126.9519549,35.1066698],[126.9519574,35.1066694],[126.9519919,35.106667],[126.9520093,35.1066655],[126.9520282,35.1066635],[126.9520478,35.106661],[126.9520671,35.1066579],[126.9520852,35.106654],[126.9521013,35.1066494],[126.9521145,35.1066438],[126.9521267,35.1066365],[126.9521381,35.1066279],[126.9521489,35.1066185],[126.9521593,35.1066086],[126.9521793,35.1065877],[126.9522284,35.1065338],[126.9522384,35.1065233],[126.9522487,35.1065131],[126.9522593,35.1065033],[126.9522703,35.1064941],[126.9522819,35.1064858],[126.9522944,35.1064786],[126.9523077,35.1064728],[126.9523218,35.1064682],[126.9523366,35.1064643],[126.9523517,35.1064611],[126.9523672,35.1064582],[126.9523829,35.1064557],[126.9524147,35.1064511],[126.952511,35.1064385],[126.9525428,35.106434],[126.9525585,35.1064315],[126.952574,35.1064286],[126.9525893,35.1064254],[126.9526041,35.1064217],[126.9526184,35.1064171],[126.9526319,35.1064115],[126.9526446,35.1064045],[126.9526566,35.1063965],[126.9526679,35.1063876],[126.9526789,35.1063783],[126.9526896,35.1063685],[126.9527105,35.1063482],[126.952731,35.1063274],[126.9528228,35.106233],[126.9528842,35.1061705],[126.9533048,35.1057443]]}},{"type":"Feature","properties":{"slot":"mudeungsan_hiking_trail","sourceCode":"291101901","sourceMountainName":"마집봉","trailName":"","trailLengthKm":"0.58","difficulty":"쉬움","sourceFeatureId":"53","pathIndex":"0"},"geometry":{"type":"LineString","coordinates":[[126.9533048,35.1057443],[126.9534426,35.1056778],[126.9535805,35.1056102],[126.9536081,35.105597],[126.9536219,35.1055907],[126.9536357,35.1055847],[126.9536496,35.105579],[126.9536635,35.105574],[126.9536774,35.1055698],[126.9536914,35.1055668],[126.9537055,35.1055653],[126.9537193,35.1055656],[126.9537331,35.1055675],[126.953747,35.1055704],[126.953761,35.105574],[126.953775,35.1055782],[126.9537891,35.1055828],[126.9538315,35.1055973],[126.9538601,35.1056067],[126.9538745,35.1056109],[126.9538891,35.1056148],[126.9539044,35.1056181],[126.9539199,35.105621],[126.9539355,35.1056235],[126.9539669,35.1056278],[126.9539984,35.1056315],[126.9540775,35.1056401],[126.954109,35.1056439],[126.9541246,35.105646],[126.9541401,35.1056484],[126.9541554,35.1056512],[126.9541705,35.1056545],[126.9541853,35.1056584],[126.9541999,35.1056634],[126.9542141,35.105669],[126.9542281,35.1056751],[126.9542419,35.1056817],[126.9542556,35.1056885],[126.9542963,35.1057097],[126.9545525,35.1058479],[126.9546202,35.1058839],[126.9546475,35.1058978],[126.9546613,35.1059045],[126.9546753,35.105911],[126.9546895,35.1059171],[126.9547042,35.1059229],[126.9547191,35.1059284],[126.9547342,35.1059336],[126.95478,35.1059483],[126.9551803,35.1060696],[126.9552263,35.1060841],[126.9552566,35.1060942],[126.9552716,35.1060996],[126.9552864,35.1061053],[126.9553007,35.1061112],[126.9553287,35.106124],[126.9553563,35.1061374],[126.9554386,35.1061786],[126.9554662,35.106192],[126.9554801,35.1061985],[126.9554941,35.1062048],[126.9555083,35.1062106],[126.9555228,35.1062161],[126.9555377,35.106221],[126.9555529,35.1062254],[126.9555682,35.1062295],[126.9555837,35.1062334],[126.9556149,35.1062406],[126.955662,35.1062509],[126.9559294,35.1063081],[126.9559921,35.1063221],[126.9560231,35.1063297],[126.9560385,35.1063338],[126.9560537,35.1063383],[126.9560689,35.1063432],[126.9560988,35.106354],[126.9561283,35.1063654],[126.9561577,35.1063772],[126.9563483,35.1064551],[126.9567151,35.1066045],[126.9569351,35.106695],[126.9569646,35.1067064],[126.9569794,35.1067118],[126.9569943,35.1067169],[126.9570093,35.1067214],[126.9570245,35.1067251],[126.95704,35.1067279],[126.9570553,35.1067293],[126.9570708,35.1067298],[126.9570865,35.1067296],[126.9571024,35.1067289],[126.9571343,35.1067264],[126.9571665,35.1067231],[126.9572469,35.1067142],[126.9572778,35.1067112],[126.9572926,35.1067102],[126.9573065,35.1067096],[126.9573192,35.1067096],[126.9573302,35.1067106],[126.957339,35.1067128],[126.9573447,35.1067168],[126.9573467,35.1067228],[126.9573455,35.1067306],[126.9573421,35.1067397],[126.9573372,35.1067496],[126.9573312,35.1067602],[126.957311,35.1067937],[126.9573048,35.1068051],[126.9572994,35.1068164],[126.9572953,35.1068274],[126.9572932,35.1068382],[126.9572937,35.1068484],[126.9572973,35.1068577],[126.9573034,35.1068664],[126.9573114,35.1068748],[126.9573207,35.1068829],[126.9573311,35.1068907],[126.9573423,35.1068983],[126.9573541,35.1069057],[126.9573663,35.1069127],[126.9573789,35.1069195],[126.957392,35.1069257],[126.9574054,35.1069314],[126.9574203,35.1069367],[126.9574355,35.1069415],[126.957451,35.1069457],[126.9574667,35.1069497],[126.9574825,35.1069534],[126.9575143,35.1069604],[126.9575621,35.1069705],[126.9576099,35.1069803],[126.9576417,35.1069864],[126.9576576,35.1069892],[126.9576735,35.1069916],[126.9576894,35.1069937],[126.9577053,35.1069952],[126.9577213,35.1069958],[126.9577366,35.1069955],[126.957752,35.1069945],[126.9577674,35.106993],[126.9577828,35.1069911],[126.9578441,35.1069826],[126.9578593,35.1069809],[126.9578743,35.1069796],[126.9578891,35.1069791],[126.9579036,35.1069796],[126.9579177,35.1069814],[126.9579314,35.106985],[126.9579448,35.1069899],[126.9579579,35.1069959],[126.9579708,35.1070026],[126.9579835,35.1070098],[126.9579961,35.1070174],[126.9580086,35.1070253],[126.9580336,35.1070416],[126.9581329,35.1071081],[126.9581579,35.107124],[126.9581705,35.1071316],[126.9581832,35.1071388],[126.958196,35.1071454],[126.958209,35.1071512],[126.9582223,35.1071558],[126.9582359,35.1071589],[126.9582504,35.1071601],[126.9582652,35.1071597],[126.9582803,35.1071582],[126.9582956,35.1071557],[126.958311,35.1071527],[126.9583265,35.1071493],[126.9583421,35.1071456],[126.9583733,35.1071377],[126.9584829,35.1071092],[126.9585768,35.1070853],[126.9589049,35.1070027]]}},{"type":"Feature","properties":{"slot":"mudeungsan_hiking_trail","sourceCode":"291101901","sourceMountainName":"마집봉","trailName":"소태동구간","trailLengthKm":"1.72","difficulty":"쉬움","sourceFeatureId":"54","pathIndex":"0"},"geometry":{"type":"LineString","coordinates":[[126.945888,35.118286],[126.9462651,35.1178463],[126.9463743,35.1176751],[126.946468,35.1175823],[126.946489,35.1175618],[126.9465103,35.1175418],[126.9465211,35.1175322],[126.9465323,35.1175229],[126.9465438,35.1175141],[126.9465559,35.117506],[126.9465686,35.117499],[126.9465822,35.1174931],[126.9465964,35.1174883],[126.9466112,35.1174841],[126.9466264,35.1174805],[126.9466418,35.1174773],[126.9466731,35.1174714],[126.946899,35.1174392],[126.9469305,35.1174335],[126.9469461,35.1174304],[126.9469615,35.117427],[126.9469766,35.1174232],[126.9469914,35.1174188],[126.9470058,35.1174136],[126.9470196,35.1174074],[126.947033,35.1174005],[126.947046,35.1173929],[126.9470588,35.117385],[126.9470714,35.1173767],[126.9471125,35.1173151],[126.9471934,35.1172486],[126.9474398,35.1170746],[126.9476495,35.116927],[126.9476859,35.1169005],[126.9477094,35.1168822],[126.9477207,35.1168727],[126.9477316,35.1168629],[126.9477422,35.1168529],[126.9477628,35.1168323],[126.9477929,35.1168008],[126.9480011,35.1165785],[126.9480709,35.1165045],[126.9481516,35.1164199],[126.9481814,35.1163879],[126.9481909,35.1163771],[126.9482001,35.1163662],[126.9484222,35.1160576],[126.9485604,35.1159595],[126.9486031,35.1159408],[126.9486309,35.1159277],[126.9486443,35.1159208],[126.9486572,35.1159136],[126.9486695,35.1159057],[126.9486809,35.1158972],[126.948691,35.1158879],[126.9487002,35.1158779],[126.9487088,35.1158673],[126.9487169,35.1158564],[126.9487247,35.1158452],[126.9487396,35.1158223],[126.948754,35.115799],[126.9487634,35.1157052],[126.9487855,35.1156706],[126.9487933,35.1156592],[126.9488013,35.1156481],[126.9488096,35.1156371],[126.9488185,35.1156265],[126.9488281,35.1156161],[126.9488383,35.1156061],[126.9488488,35.1155963],[126.9488706,35.1155771],[126.9489042,35.1155489],[126.9489887,35.1154266],[126.9490434,35.1153258],[126.9490553,35.1153171],[126.9490673,35.1153087],[126.9490797,35.1153008],[126.9490926,35.1152935],[126.9491953,35.1153077],[126.9492238,35.1152982],[126.9492378,35.1152931],[126.9492516,35.1152877],[126.9492652,35.1152818],[126.949279,35.115275],[126.9492925,35.1152678],[126.9493058,35.1152602],[126.9493189,35.1152523],[126.9493447,35.1152361],[126.9493958,35.1152028],[126.9494954,35.1151113],[126.9496053,35.1150191],[126.949704,35.1149595],[126.9498202,35.1149143],[126.9499508,35.1148809],[126.9501308,35.1148405],[126.9502411,35.1148],[126.9503514,35.1147452],[126.9504298,35.1146856],[126.950546,35.1145759],[126.950665,35.1144448],[126.9507754,35.1143471],[126.9509177,35.1142422],[126.9510483,35.1141421],[126.9511267,35.1140801],[126.9511935,35.114011],[126.9512574,35.113918],[126.9513416,35.1138584],[126.951452,35.1137845],[126.9515768,35.1137202],[126.9517162,35.1136511],[126.9518787,35.113601],[126.9519687,35.1135629],[126.9519862,35.1135391],[126.9519833,35.1135152],[126.9519601,35.1134938],[126.9519136,35.113489],[126.9518237,35.1134889],[126.9517105,35.1134889],[126.951664,35.1135056],[126.9516147,35.1134984],[126.9515944,35.1134865],[126.9515857,35.1134459],[126.9516089,35.1134149],[126.9516728,35.1133935],[126.9517541,35.1133482],[126.9519167,35.1132219],[126.9519777,35.1131694],[126.9520735,35.1131027],[126.9521373,35.1130908],[126.9521983,35.1130884],[126.9522854,35.1130479],[126.9523609,35.1129979],[126.9523928,35.1129549],[126.95239,35.1129025],[126.9523958,35.1128429],[126.9524103,35.1128071],[126.9524154,35.1127903],[126.9524911,35.1127391],[126.9525155,35.1127219],[126.9525273,35.1127131],[126.9525386,35.1127042],[126.9525492,35.112695],[126.9525588,35.1126856],[126.952567,35.1126757],[126.9525733,35.1126652],[126.9525773,35.1126539],[126.9525793,35.112642],[126.95258,35.1126297],[126.9525797,35.112617],[126.9525787,35.1126042],[126.9525754,35.112578],[126.9525712,35.1125516],[126.9525532,35.1124455],[126.9525403,35.1123661],[126.9525258,35.1122735],[126.9525079,35.1121542],[126.9525038,35.1121278],[126.952499,35.1121016],[126.9524962,35.1120887],[126.9524929,35.112076],[126.952489,35.1120635],[126.9524842,35.1120514],[126.9524781,35.1120398],[126.9524707,35.1120291],[126.9524622,35.1120188],[126.9524527,35.1120089],[126.9524427,35.1119993],[126.9524322,35.1119898],[126.9524213,35.1119805],[126.9523132,35.1119345],[126.9522914,35.1119159],[126.9522809,35.1119064],[126.952271,35.1118968],[126.9522617,35.1118868],[126.9522534,35.1118766],[126.9522463,35.1118658],[126.9522406,35.111854],[126.9522363,35.1118417],[126.952233,35.111829],[126.9522304,35.111816],[126.9522283,35.1118028],[126.952225,35.1117762],[126.9522223,35.1117493],[126.9522138,35.1116548],[126.9522074,35.1115874],[126.9521696,35.1111505],[126.9521639,35.1110968],[126.9521604,35.11107],[126.9521584,35.1110566],[126.952156,35.1110433],[126.9521502,35.1110173],[126.9521398,35.1109784],[126.952121,35.1109139],[126.9520738,35.1107677],[126.9520664,35.1107419],[126.9520595,35.1107161],[126.9520564,35.1107031],[126.9520537,35.1106902],[126.9520515,35.1106772],[126.95205,35.1106642],[126.9520495,35.1106509],[126.9520497,35.1106377],[126.9520504,35.1106244],[126.9520529,35.1105979],[126.9520562,35.1105712],[126.9520766,35.1104246],[126.9520929,35.1103047],[126.952171,35.1100987],[126.9521937,35.1098497],[126.9521999,35.1098099],[126.9522024,35.1097967],[126.9522051,35.1097835],[126.9522084,35.1097705],[126.9522122,35.1097575],[126.9522164,35.1097447],[126.9522258,35.1097192],[126.9522359,35.1096938],[126.9522634,35.1095225],[126.9523158,35.1093957],[126.9523469,35.1093193],[126.952393,35.1092043],[126.9524038,35.1091793],[126.9524095,35.1091671],[126.9524156,35.1091554],[126.9524223,35.1091442],[126.9524297,35.1091338],[126.9524382,35.1091246],[126.9524481,35.1091169],[126.9524593,35.1091113],[126.9524719,35.1091071],[126.9524854,35.109104],[126.9524997,35.1091016],[126.9525145,35.1090997],[126.9525296,35.1090982],[126.9525758,35.1090945],[126.9525911,35.1090931],[126.9526062,35.1090913],[126.9526209,35.1090891],[126.9526351,35.1090862],[126.9526486,35.1090823],[126.9526611,35.1090772],[126.9526724,35.1090705],[126.9526827,35.1090624],[126.9526923,35.1090534],[126.9527013,35.1090437],[126.9527099,35.1090334],[126.9527182,35.1090229],[126.9527262,35.109012],[126.9527417,35.1089898],[126.952749,35.1089785],[126.952756,35.1089671],[126.9527626,35.1089557],[126.9527685,35.1089441],[126.9527737,35.1089323],[126.9527777,35.1089204],[126.9527804,35.1089076],[126.9527819,35.1088945],[126.9527825,35.1088813],[126.9527825,35.108868],[126.9527813,35.1088412],[126.9527792,35.1088142],[126.9527511,35.1086059],[126.9527467,35.1085521],[126.9527454,35.1085252],[126.9527451,35.1085119],[126.9527453,35.1084985],[126.9527462,35.1084853],[126.952748,35.1084721],[126.9527508,35.1084593],[126.9527545,35.1084465],[126.9527589,35.1084338],[126.9527637,35.1084212],[126.9527688,35.1084086],[126.9527855,35.1083707],[126.9528958,35.1082844],[126.9529063,35.10826],[126.9529109,35.1082483],[126.9529147,35.1082371],[126.9529175,35.1082266],[126.9529188,35.1082171],[126.952918,35.1082089],[126.9529145,35.1082027],[126.9529081,35.1081988],[126.9528995,35.1081965],[126.9528891,35.1081953],[126.9528528,35.1081934],[126.9528405,35.1081922],[126.9528286,35.10819],[126.9528176,35.1081862],[126.9528074,35.1081803],[126.9527984,35.1081726],[126.9527901,35.1081636],[126.9527826,35.1081537],[126.9527755,35.1081431],[126.9527688,35.108132],[126.9527624,35.1081205],[126.9527562,35.1081088],[126.9527444,35.1080849],[126.9527336,35.1080606],[126.9527287,35.1080483],[126.9527242,35.1080359],[126.9527203,35.1080231],[126.9527169,35.1080103],[126.9527109,35.1079844],[126.9527033,35.1079454],[126.9526776,35.1078023],[126.9526702,35.1077633],[126.9526647,35.1077376],[126.9526615,35.1077248],[126.952658,35.1077122],[126.9526539,35.1076997],[126.952649,35.1076875],[126.9526432,35.1076756],[126.9526366,35.1076639],[126.9526295,35.1076524],[126.952622,35.107641],[126.9526061,35.1076184],[126.9525814,35.1075848],[126.9525559,35.1075518],[126.9525382,35.1075304],[126.952529,35.10752],[126.9525193,35.1075101],[126.952509,35.1075007],[126.9524979,35.1074921],[126.9524858,35.1074843],[126.9524729,35.1074772],[126.9524594,35.1074707],[126.9524455,35.1074646],[126.9524313,35.1074587],[126.9523881,35.1074418],[126.95236,35.1074303],[126.9523465,35.1074243],[126.9523337,35.1074179],[126.9523218,35.1074109],[126.9523113,35.1074033],[126.9523026,35.1073946],[126.9522961,35.1073847],[126.9522914,35.1073737],[126.9522881,35.1073621],[126.9522857,35.1073498],[126.952284,35.1073372],[126.9522829,35.1073244],[126.952282,35.1073113],[126.9522808,35.1072849],[126.9522771,35.107152],[126.952275,35.107099],[126.9522732,35.1070726],[126.952272,35.1070595],[126.9522704,35.1070465],[126.9522683,35.1070335],[126.9522655,35.1070207],[126.9522617,35.1070077],[126.9522571,35.1069949],[126.952252,35.1069821],[126.9522465,35.1069695],[126.9522348,35.1069443],[126.9522163,35.1069067],[126.9522033,35.1068819],[126.9521966,35.1068697],[126.9521895,35.1068576],[126.9521821,35.1068458],[126.9521741,35.1068343],[126.9521653,35.1068233],[126.9521558,35.1068134],[126.9521457,35.106804],[126.9521349,35.1067949],[126.9521237,35.1067861],[126.9521121,35.1067774],[126.9520885,35.1067605],[126.9520468,35.106732],[126.9519631,35.1066756],[126.9519549,35.1066698]]}},{"type":"Feature","properties":{"slot":"mudeungsan_hiking_trail","sourceCode":"291101901","sourceMountainName":"마집봉","trailName":"수만리구간","trailLengthKm":"4.53","difficulty":"쉬움","sourceFeatureId":"55","pathIndex":"0"},"geometry":{"type":"LineString","coordinates":[[126.9674523,35.0945097],[126.9696395,35.0963848],[126.9698657,35.0966209],[126.9700079,35.0967378],[126.9702458,35.0969024],[126.9705562,35.0970838],[126.9707274,35.097153],[126.9708957,35.0972007],[126.9711075,35.097227],[126.9713657,35.0972914],[126.9716907,35.0973941],[126.9722158,35.0976518],[126.972326,35.0977353],[126.9724044,35.097845],[126.9724304,35.0979499],[126.9724507,35.0980072],[126.972471,35.0980358],[126.9724942,35.0980573],[126.9726219,35.0980787],[126.9728831,35.0981408],[126.9731413,35.0981695],[126.973385,35.0982411],[126.9735823,35.0982888],[126.9736307,35.098294],[126.9744539,35.0984923],[126.9745585,35.0985438],[126.9745898,35.0985523],[126.9746316,35.0985663],[126.9746683,35.0985879],[126.9747514,35.098614],[126.9747989,35.0986242],[126.9748306,35.0986302],[126.9748466,35.0986328],[126.9748625,35.0986349],[126.9748786,35.0986363],[126.9748941,35.098637],[126.9749096,35.0986371],[126.9749252,35.0986368],[126.9749565,35.0986353],[126.9750191,35.0986313],[126.9750499,35.0986299],[126.9750651,35.0986297],[126.97508,35.09863],[126.9750945,35.0986312],[126.9751084,35.0986334],[126.9751216,35.098637],[126.9751342,35.0986425],[126.975146,35.0986495],[126.9751572,35.0986576],[126.9751681,35.0986665],[126.9751786,35.098676],[126.975189,35.0986859],[126.9751992,35.098696],[126.9752396,35.0987372],[126.9752498,35.0987472],[126.9752601,35.0987569],[126.9752705,35.0987661],[126.9752813,35.0987746],[126.9752923,35.098782],[126.9753038,35.098788],[126.975316,35.0987921],[126.9753289,35.0987939],[126.9753425,35.0987938],[126.9753565,35.0987922],[126.9753709,35.0987897],[126.9753855,35.0987864],[126.9754002,35.0987826],[126.9756722,35.0987521],[126.9758702,35.0987987],[126.9758855,35.0987955],[126.9759009,35.0987929],[126.9759165,35.0987911],[126.9759322,35.0987898],[126.975948,35.098789],[126.9761432,35.0987532],[126.9761751,35.098753],[126.9761909,35.0987526],[126.9762066,35.0987519],[126.9762222,35.0987509],[126.9762375,35.0987492],[126.9762526,35.0987469],[126.9762672,35.0987435],[126.9762806,35.0987391],[126.9762937,35.0987337],[126.9763065,35.0987277],[126.9763191,35.0987213],[126.9763567,35.098701],[126.9763693,35.0986944],[126.9763821,35.0986882],[126.9763952,35.0986826],[126.9764087,35.0986778],[126.976423,35.0986739],[126.9764377,35.0986709],[126.9764527,35.0986685],[126.9764679,35.0986666],[126.9764833,35.0986651],[126.9765144,35.0986626],[126.9765613,35.0986595],[126.9765925,35.0986573],[126.976608,35.0986559],[126.9766234,35.0986542],[126.9766386,35.0986521],[126.9766537,35.0986495],[126.9766684,35.0986462],[126.9766834,35.0986417],[126.9766981,35.0986365],[126.9767125,35.0986306],[126.9767268,35.0986244],[126.9767551,35.098611],[126.9768111,35.098583],[126.9769468,35.0984523],[126.976989,35.0984316],[126.9770032,35.0984249],[126.9770174,35.0984186],[126.9770318,35.0984128],[126.9770463,35.0984075],[126.9770611,35.098403],[126.9770762,35.0983996],[126.9770908,35.0983977],[126.9771058,35.0983968],[126.9771209,35.0983966],[126.9771362,35.0983969],[126.9771515,35.0983976],[126.9771973,35.0984002],[126.9772122,35.0984008],[126.9772268,35.098401],[126.9772408,35.0984005],[126.9772542,35.0983992],[126.9772665,35.0983966],[126.9772776,35.0983923],[126.9772871,35.0983857],[126.9772953,35.0983774],[126.9773025,35.0983678],[126.9773089,35.0983573],[126.9773147,35.098346],[126.9773202,35.0983343],[126.9773255,35.0983223],[126.9773355,35.0982976],[126.9773596,35.0982348],[126.9773696,35.0982099],[126.9773802,35.0981856],[126.977386,35.0981738],[126.9773923,35.0981624],[126.9773992,35.0981516],[126.9774072,35.0981416],[126.9774163,35.0981326],[126.9774273,35.0981247],[126.9774396,35.0981179],[126.9774529,35.0981119],[126.9774668,35.0981064],[126.9774813,35.0981014],[126.9774961,35.0980966],[126.9775263,35.0980875],[126.9776643,35.0980479],[126.9777867,35.0980116],[126.977817,35.0980031],[126.9778321,35.0979992],[126.9778471,35.0979958],[126.9778619,35.0979931],[126.9778765,35.0979913],[126.9778907,35.0979907],[126.9779046,35.0979919],[126.9779175,35.0979951],[126.97793,35.098],[126.9779422,35.0980061],[126.9779542,35.0980131],[126.9779661,35.0980207],[126.9779778,35.0980288],[126.9779895,35.0980371],[126.9780682,35.0980969],[126.97808,35.0981052],[126.9780921,35.0981133],[126.9781044,35.098121],[126.978117,35.0981282],[126.9781301,35.0981347],[126.9781439,35.0981404],[126.9781582,35.0981454],[126.9781728,35.0981499],[126.9781877,35.098154],[126.9782027,35.0981579],[126.9782332,35.0981651],[126.9782818,35.0981951],[126.9783433,35.0982084],[126.978374,35.0982146],[126.9783892,35.0982174],[126.9784043,35.0982197],[126.9784194,35.0982216],[126.9784342,35.0982227],[126.9784489,35.0982227],[126.9784633,35.0982214],[126.9784774,35.0982183],[126.9784913,35.0982137],[126.978505,35.0982081],[126.9785185,35.0982017],[126.978532,35.0981948],[126.9785453,35.0981876],[126.9785854,35.0981655],[126.9785988,35.0981585],[126.9786124,35.0981518],[126.9786261,35.0981458],[126.97864,35.0981408],[126.9786543,35.098137],[126.9786691,35.0981348],[126.9786841,35.0981342],[126.9786992,35.098135],[126.978714,35.0981372],[126.9787284,35.0981409],[126.978742,35.0981462],[126.9787552,35.0981526],[126.978768,35.0981599],[126.9787805,35.0981679],[126.9787929,35.0981763],[126.9788051,35.0981849],[126.9788413,35.0982118],[126.9789253,35.0982754],[126.9790573,35.0983746],[126.9791413,35.0984382],[126.9791653,35.0984559],[126.9791774,35.0984644],[126.9791894,35.0984725],[126.9792015,35.0984801],[126.9792137,35.0984869],[126.979226,35.0984925],[126.9792384,35.0984965],[126.979251,35.0984984],[126.979264,35.0984977],[126.9792772,35.0984947],[126.9792906,35.0984902],[126.979304,35.0984847],[126.979345,35.0984657],[126.9793589,35.0984596],[126.9793729,35.0984542],[126.9793871,35.0984499],[126.9794015,35.0984471],[126.9794162,35.0984463],[126.979431,35.098447],[126.9794461,35.0984489],[126.9794613,35.0984516],[126.9794766,35.098455],[126.9794919,35.0984587],[126.9795227,35.0984669],[126.9795535,35.0984757],[126.9796923,35.0985161],[126.9797232,35.0985247],[126.9797541,35.0985329],[126.9797696,35.0985367],[126.9797852,35.0985402],[126.9798009,35.0985432],[126.9798166,35.0985455],[126.9798326,35.0985471],[126.9798486,35.0985481],[126.9798648,35.0985486],[126.9798809,35.0985488],[126.9798972,35.0985488],[126.9799297,35.0985483],[126.9802784,35.0985595],[126.9804419,35.0985545],[126.9804745,35.0985538],[126.9805068,35.0985536],[126.9805227,35.098554],[126.9805384,35.0985548],[126.9805537,35.0985564],[126.9805686,35.0985589],[126.9805827,35.0985628],[126.9805959,35.0985682],[126.9806084,35.0985749],[126.9806204,35.0985825],[126.9806321,35.0985909],[126.9806435,35.0985997],[126.9806548,35.0986089],[126.9806769,35.098628],[126.9807429,35.0986862],[126.9807653,35.098705],[126.9807767,35.0987139],[126.9807884,35.0987224],[126.9808004,35.0987302],[126.9808129,35.0987372],[126.9808261,35.098743],[126.9808401,35.0987474],[126.9808547,35.0987506],[126.9808699,35.098753],[126.9808854,35.0987547],[126.9809011,35.0987559],[126.980917,35.0987569],[126.9809652,35.0987588],[126.9811271,35.0987629],[126.9811756,35.0987644],[126.9812077,35.0987659],[126.9812236,35.098767],[126.9812394,35.0987684],[126.981255,35.0987702],[126.9812704,35.0987727],[126.9812854,35.0987761],[126.9812997,35.0987804],[126.9813135,35.0987856],[126.9813272,35.0987914],[126.9813406,35.0987977],[126.9813539,35.0988043],[126.9813802,35.0988182],[126.981406,35.0988327],[126.9814187,35.0988402],[126.9814312,35.0988479],[126.9814434,35.0988559],[126.9814552,35.0988642],[126.9814666,35.0988729],[126.9814771,35.0988819],[126.9814871,35.0988913],[126.9814968,35.098901],[126.9815062,35.0989109],[126.9815432,35.098951],[126.9815526,35.0989608],[126.9815623,35.0989704],[126.9815722,35.0989796],[126.9815827,35.0989884],[126.9815938,35.0989965],[126.981606,35.0990041],[126.9816188,35.099011],[126.9816322,35.0990173],[126.9816459,35.0990233],[126.9816599,35.099029],[126.9816884,35.09904],[126.9817898,35.0990767],[126.9818327,35.099093],[126.9818468,35.0990987],[126.9818606,35.0991047],[126.9818742,35.0991109],[126.9818873,35.0991177],[126.9818998,35.099125],[126.9819112,35.0991328],[126.9819221,35.0991411],[126.9819327,35.0991499],[126.9819429,35.0991589],[126.9819834,35.0991954],[126.9819938,35.0992042],[126.9820046,35.0992125],[126.9820157,35.0992203],[126.9820275,35.0992272],[126.9820403,35.0992334],[126.9820537,35.0992388],[126.9820675,35.0992437],[126.9821099,35.099257],[126.9821239,35.0992616],[126.9821375,35.0992666],[126.9821506,35.0992722],[126.982163,35.0992786],[126.9821751,35.0992865],[126.9821863,35.0992954],[126.9821971,35.0993049],[126.9822282,35.0993346],[126.9822389,35.0993443],[126.9822501,35.0993533],[126.9822621,35.0993616],[126.982275,35.0993688],[126.9822887,35.0993751],[126.9823031,35.0993808],[126.9823178,35.0993861],[126.9823481,35.0993957],[126.9824098,35.0994139],[126.9824402,35.0994237],[126.9824551,35.099429],[126.9824696,35.0994348],[126.9824836,35.0994413],[126.9824966,35.0994483],[126.9825092,35.099456],[126.9825214,35.0994641],[126.9825452,35.0994811],[126.9825805,35.0995071],[126.9825924,35.0995154],[126.9826045,35.0995234],[126.9826169,35.0995309],[126.9826296,35.0995377],[126.982643,35.0995435],[126.9826565,35.099548],[126.9826705,35.0995515],[126.9826849,35.0995544],[126.9826996,35.0995568],[126.9827145,35.0995589],[126.9827594,35.0995648],[126.9827743,35.0995669],[126.9827891,35.0995695],[126.9828036,35.0995725],[126.9828178,35.0995762],[126.9828321,35.099581],[126.9828459,35.0995865],[126.9828596,35.0995926],[126.982873,35.0995991],[126.9828863,35.099606],[126.9828995,35.099613],[126.9829258,35.0996274],[126.9829518,35.0996421],[126.9829777,35.0996571],[126.9830032,35.0996724],[126.9830156,35.0996803],[126.9830278,35.0996884],[126.9830397,35.0996968],[126.983051,35.0997056],[126.9830619,35.099715],[126.9830722,35.0997249],[126.9830822,35.0997352],[126.9830919,35.0997456],[126.9831107,35.0997669],[126.9831476,35.0998102],[126.983184,35.0998538],[126.9832016,35.0998758],[126.9832101,35.0998869],[126.9832183,35.0998982],[126.983226,35.0999096],[126.983233,35.0999212],[126.9832394,35.0999333],[126.9832451,35.0999456],[126.9832503,35.0999581],[126.9832552,35.0999708],[126.9832687,35.1000091],[126.9833112,35.1001379],[126.9833584,35.1002794],[126.9833666,35.1003051],[126.9833742,35.1003309],[126.9833776,35.1003439],[126.9833806,35.1003569],[126.983383,35.10037],[126.9833846,35.1003823],[126.9833858,35.1003947],[126.9833865,35.1004071],[126.9833882,35.1004569],[126.9833894,35.1004817],[126.9833904,35.1004941],[126.9833919,35.1005063],[126.9833941,35.1005185],[126.9833972,35.1005314],[126.9834011,35.1005441],[126.9834056,35.1005568],[126.9834104,35.1005694],[126.9834208,35.1005945],[126.9834317,35.1006195],[126.9835267,35.1008319],[126.9836819,35.101182],[126.9836988,35.1012194],[126.9837104,35.1012442],[126.9837165,35.1012565],[126.9837228,35.1012687],[126.9837362,35.1012928],[126.9837502,35.1013165],[126.9837647,35.1013402],[126.9838747,35.1015168],[126.9839558,35.1016462],[126.9839776,35.1016816],[126.9839916,35.1017053],[126.9839983,35.1017173],[126.9840047,35.1017293],[126.9840106,35.1017415],[126.9840158,35.1017538],[126.9840203,35.1017666],[126.9840242,35.1017796],[126.9840275,35.1017928],[126.9840306,35.101806],[126.9840359,35.1018327],[126.9840501,35.1019131],[126.9840551,35.1019397],[126.984058,35.1019529],[126.9840611,35.101966],[126.9840648,35.1019788],[126.9840691,35.1019913],[126.9840744,35.1020034],[126.9840809,35.1020149],[126.9840891,35.1020257],[126.9840985,35.1020358],[126.9841089,35.1020455],[126.9841199,35.1020549],[126.9841314,35.1020641],[126.9841433,35.1020731],[126.9841675,35.1020909],[126.9843158,35.1021966],[126.9843771,35.1022409],[126.9844012,35.102259],[126.9844129,35.1022682],[126.9844245,35.1022776],[126.9844357,35.1022873],[126.9844463,35.1022971],[126.9844566,35.1023072],[126.9844667,35.1023176],[126.9844863,35.1023386],[126.9845149,35.1023706],[126.9845334,35.1023923],[126.9845423,35.1024033],[126.9845509,35.1024144],[126.984559,35.1024256],[126.9845666,35.1024372],[126.9845735,35.1024491],[126.9845798,35.1024613],[126.9845857,35.1024736],[126.9845913,35.1024861],[126.9846018,35.1025113],[126.9846169,35.1025494],[126.9846717,35.1026893],[126.9847821,35.1029689],[126.9848465,35.1031351],[126.9848569,35.1031602],[126.9848625,35.1031725],[126.9848684,35.1031845],[126.9848749,35.103196],[126.9848821,35.1032068],[126.9848904,35.1032167],[126.9849002,35.1032253],[126.9850395,35.1033597],[126.9850518,35.1033847],[126.9850508,35.1034047],[126.9850474,35.1034172],[126.9850455,35.10343],[126.9850448,35.1034431],[126.985045,35.1034562],[126.985046,35.1034694],[126.9850477,35.1034826],[126.9850501,35.1034956],[126.9850533,35.1035084],[126.9850576,35.1035209],[126.9850633,35.1035329],[126.98507,35.1035436],[126.985078,35.1035538],[126.9850868,35.1035636],[126.9850962,35.103573],[126.9851061,35.103582],[126.9851165,35.1035905],[126.9851271,35.1035983],[126.9851381,35.1036055],[126.9851494,35.1036115],[126.9851611,35.1036163],[126.9851732,35.1036192],[126.9851867,35.1036199],[126.9852007,35.1036187],[126.9852151,35.1036161],[126.9852298,35.1036127],[126.9852596,35.1036048],[126.9852747,35.1036011],[126.98529,35.103598],[126.9853054,35.1035958],[126.9853204,35.103595],[126.9853354,35.1035952],[126.9853506,35.1035962],[126.9853658,35.1035978],[126.985381,35.1035998],[126.9853962,35.1036021],[126.9854115,35.1036047],[126.9854418,35.1036107],[126.9854569,35.103614],[126.9854718,35.1036177],[126.9854866,35.1036217],[126.9855015,35.1036263],[126.9855163,35.1036312],[126.9855455,35.1036419],[126.9855889,35.1036588],[126.9858055,35.1037444],[126.9858337,35.1037563],[126.9858474,35.1037626],[126.9858608,35.1037691],[126.9858736,35.1037761],[126.9858856,35.1037837],[126.9858966,35.1037921],[126.9859062,35.1038014],[126.9859148,35.1038116],[126.9859226,35.1038224],[126.9859299,35.1038335],[126.9859368,35.1038451],[126.9859433,35.1038568],[126.985956,35.1038807],[126.9859805,35.1039291],[126.985993,35.1039531],[126.9859994,35.1039648],[126.9860061,35.1039763],[126.9860131,35.1039874],[126.9860206,35.103998],[126.9860287,35.1040079],[126.9860377,35.1040167],[126.986048,35.1040241],[126.9860601,35.1040299],[126.9860735,35.1040343],[126.9860878,35.1040377],[126.9861028,35.1040402],[126.9861182,35.1040422],[126.98615,35.1040453],[126.9861824,35.1040477],[126.9863128,35.1040563],[126.9864102,35.1040631],[126.9867664,35.1040894],[126.9870256,35.1041089],[126.9870744,35.1041124],[126.987107,35.1041142],[126.9871396,35.1041153],[126.987156,35.1041154],[126.9871723,35.104115],[126.9871882,35.104114],[126.9872041,35.1041126],[126.9872358,35.1041089],[126.9872981,35.1041003],[126.9873271,35.1040967],[126.9873405,35.1040955],[126.9873526,35.1040949],[126.9873631,35.1040952],[126.9873712,35.1040968],[126.9873761,35.1041],[126.9873773,35.1041055],[126.9873754,35.1041127],[126.9873713,35.1041211],[126.9873602,35.10414],[126.9873549,35.1041498],[126.9873506,35.1041594],[126.9873485,35.1041686],[126.9873494,35.1041771],[126.9873541,35.1041844],[126.9873621,35.104191],[126.9873725,35.104197],[126.9873845,35.1042025],[126.9873978,35.1042076],[126.9874119,35.1042126],[126.9874266,35.1042174],[126.9874725,35.1042313],[126.9875974,35.1042679],[126.9876284,35.1042768],[126.9876439,35.1042809],[126.9876594,35.1042848],[126.9876749,35.1042882],[126.9876904,35.104291],[126.9877059,35.1042929],[126.9877213,35.1042936],[126.9877359,35.1042928],[126.9877505,35.104291],[126.9877651,35.1042884],[126.9877797,35.1042851],[126.9877942,35.1042814],[126.9878087,35.1042774],[126.9878376,35.1042686],[126.9878518,35.1042639],[126.9878659,35.104259],[126.9878797,35.1042537],[126.9878932,35.1042482],[126.9879062,35.1042421],[126.9879185,35.1042354],[126.9879299,35.1042279],[126.9879406,35.104219],[126.9879503,35.1042092],[126.9879593,35.1041987],[126.9879679,35.1041878],[126.9880004,35.1041429],[126.9880088,35.1041319],[126.9880175,35.1041215],[126.9880268,35.1041116],[126.9880369,35.1041028],[126.9880481,35.1040953],[126.9880602,35.1040896],[126.9880732,35.1040852],[126.9880871,35.1040817],[126.9881014,35.104079],[126.9881161,35.1040769],[126.988131,35.1040752],[126.9881459,35.104074],[126.9881607,35.1040733],[126.9881753,35.1040731],[126.9881895,35.1040737],[126.9882031,35.1040751],[126.9882159,35.1040778],[126.9882275,35.1040822],[126.9882381,35.1040889],[126.9882475,35.1040974],[126.988256,35.1041073],[126.9882637,35.104118],[126.988271,35.1041295],[126.9882779,35.1041413],[126.9882846,35.1041535],[126.9882976,35.1041782],[126.9883422,35.1042658],[126.9883554,35.1042905],[126.9883692,35.1043149],[126.9883765,35.1043268],[126.9883843,35.1043384],[126.9883927,35.1043498],[126.9884017,35.1043606],[126.9884113,35.1043711],[126.9884213,35.1043813],[126.9884316,35.1043914],[126.9885622,35.1044689],[126.9887479,35.1044354],[126.9887978,35.1044064],[126.988804,35.1043943],[126.9888096,35.1043822],[126.9888143,35.10437],[126.9888177,35.1043578],[126.9888194,35.1043455],[126.988819,35.1043332],[126.988817,35.1043209],[126.9888137,35.1043086],[126.9888095,35.1042962],[126.9888048,35.1042838],[126.9887996,35.1042714],[126.9887701,35.1041834],[126.9887659,35.1041726],[126.9887626,35.1041628],[126.9887606,35.1041543],[126.9887605,35.1041476],[126.9887629,35.1041433],[126.9887685,35.104142],[126.9887767,35.1041432],[126.9887869,35.1041463],[126.9887985,35.1041508],[126.988811,35.1041561],[126.9888243,35.1041622],[126.9888519,35.1041753],[126.9888802,35.1041893],[126.9890941,35.1043097],[126.9891223,35.1043233],[126.9891506,35.1043363],[126.9891647,35.1043423],[126.989179,35.1043477],[126.9891933,35.1043523],[126.9892077,35.1043558],[126.9892222,35.1043577],[126.989237,35.1043578],[126.989252,35.1043564],[126.989267,35.1043539],[126.9892822,35.1043505],[126.9892974,35.1043466],[126.9893279,35.1043378],[126.9893584,35.1043283],[126.9895114,35.1042797],[126.9898172,35.1041845],[126.9898936,35.1041604],[126.9900008,35.1041262],[126.9900314,35.1041167],[126.9900466,35.1041122],[126.9900618,35.104108],[126.990077,35.1041042],[126.990092,35.104101],[126.9901069,35.1040987],[126.9901215,35.1040976],[126.9901359,35.1040981],[126.9901499,35.1041008],[126.9901636,35.1041051],[126.9901771,35.1041106],[126.9901905,35.1041171],[126.9902037,35.1041241],[126.9902169,35.1041315],[126.99023,35.1041392],[126.9902562,35.1041552],[126.9903477,35.104212],[126.990435,35.1043526],[126.9904612,35.1043683],[126.9904745,35.1043758],[126.9904878,35.1043831],[126.9905013,35.1043898],[126.9905149,35.1043957],[126.9905289,35.1044007],[126.9905432,35.1044042],[126.9905574,35.104406],[126.9905721,35.1044065],[126.9905869,35.1044059],[126.990602,35.1044047],[126.9906171,35.1044029],[126.9906324,35.1044007],[126.9906476,35.1043982],[126.9906629,35.1043954],[126.9906781,35.1043923],[126.9906932,35.1043889],[126.9907081,35.1043852],[126.9907227,35.104381],[126.9907371,35.1043762],[126.9907511,35.1043706],[126.9907648,35.1043644],[126.9907782,35.1043577],[126.9907915,35.1043507],[126.9908177,35.1043361],[126.9910304,35.1043035],[126.9910564,35.1042892],[126.9910695,35.1042826],[126.9910827,35.1042764],[126.9910962,35.1042709],[126.9911098,35.1042663],[126.9911238,35.1042631],[126.9911382,35.1042613],[126.991153,35.1042609],[126.991168,35.1042613],[126.9911831,35.1042624],[126.9911984,35.1042641],[126.9912138,35.104266],[126.9912757,35.1042746],[126.9912913,35.1042766],[126.9913069,35.1042782],[126.9913224,35.1042796],[126.991338,35.1042803],[126.9913542,35.1042805],[126.9913704,35.10428],[126.9913867,35.1042792],[126.9914192,35.1042767],[126.9914517,35.1042736],[126.9916467,35.1042526],[126.9918418,35.1042323],[126.9918741,35.1042285],[126.9918901,35.1042263],[126.991906,35.1042238],[126.9919217,35.1042208],[126.991937,35.1042173],[126.991952,35.1042129],[126.9919664,35.1042076],[126.9919804,35.1042014],[126.9919941,35.1041946],[126.9920076,35.1041874],[126.9920342,35.1041722],[126.9921263,35.1041162],[126.9921529,35.1041006],[126.9921665,35.1040931],[126.9921802,35.104086],[126.9921942,35.1040794],[126.9922086,35.1040735],[126.9922229,35.1040685],[126.9925351,35.1041317],[126.9925533,35.104153],[126.9925621,35.1041637],[126.9925704,35.1041745],[126.9925782,35.1041855],[126.9925852,35.1041965],[126.9925911,35.1042078],[126.9925956,35.1042194],[126.9925983,35.1042315],[126.9925995,35.1042439],[126.9925996,35.1042566],[126.9925989,35.1042694],[126.9925976,35.1042823],[126.992594,35.1043083],[126.9925878,35.1044474],[126.9926932,35.1046033],[126.9924881,35.1046693],[126.9923315,35.1047164],[126.9922495,35.1047312],[126.9921711,35.1047167],[126.9920819,35.1046674],[126.9920171,35.1046219],[126.9920628,35.1043518],[126.9919051,35.1042872],[126.9918928,35.1042825],[126.9918807,35.1042796],[126.9918688,35.104279],[126.9918573,35.1042814],[126.9918461,35.1042861],[126.9918351,35.1042926],[126.9918241,35.1043003],[126.9918133,35.1043089],[126.9918026,35.1043181],[126.9917919,35.1043277],[126.9917706,35.1043476],[126.9916644,35.1044492],[126.9915581,35.1045493],[126.991526,35.1045791],[126.9915043,35.1045987],[126.9914821,35.1046179],[126.9914707,35.1046274],[126.9914355,35.1046552],[126.9913998,35.1046825],[126.9912101,35.104888],[126.9910542,35.1050055],[126.9910306,35.1050238],[126.9910189,35.1050331],[126.9910076,35.1050425],[126.9909965,35.1050521],[126.9909859,35.105062],[126.9909759,35.1050723],[126.9909666,35.1050831],[126.9909579,35.1050943],[126.9909497,35.1051058],[126.9909341,35.1051293],[126.9909192,35.1051533],[126.9908825,35.1052134],[126.9908673,35.1052372],[126.9908595,35.1052489],[126.9908513,35.1052604],[126.9908426,35.1052716],[126.9908334,35.1052824],[126.9908234,35.1052928],[126.9908129,35.1053027],[126.9908019,35.1053124],[126.9907906,35.1053219],[126.9907675,35.1053406],[126.9907081,35.1053863],[126.9906049,35.1055241],[126.9905814,35.1055425],[126.99057,35.1055518],[126.990559,35.1055613],[126.9905485,35.105571],[126.9905388,35.1055809],[126.9905302,35.1055913],[126.9905231,35.1056022],[126.9905177,35.1056138],[126.9905138,35.105626],[126.990511,35.1056386],[126.990509,35.1056515],[126.9905076,35.1056646],[126.9905065,35.1056778],[126.9905049,35.1057045],[126.9904991,35.1058523],[126.9904847,35.106174],[126.9904833,35.1062007],[126.9904813,35.1062274],[126.99048,35.1062407],[126.9904783,35.1062539],[126.9904761,35.106267],[126.9904731,35.10628],[126.9904692,35.1062929],[126.9904645,35.1063057],[126.9904593,35.1063184],[126.9904478,35.1063435],[126.9904355,35.1063686],[126.9903783,35.1064809],[126.9903658,35.1065059],[126.9903538,35.106531],[126.9903482,35.1065436],[126.9903429,35.1065563],[126.9903382,35.1065691],[126.9903341,35.106582],[126.990331,35.106595],[126.9903286,35.1066081],[126.9903267,35.1066213],[126.9903251,35.1066345],[126.9903218,35.1066746],[126.990309,35.1068756],[126.9903093,35.1071929],[126.9903056,35.1072464],[126.9903033,35.1072732],[126.9903005,35.1072999],[126.9902968,35.1073262],[126.9902925,35.1073524],[126.9902596,35.1075361],[126.9902523,35.1075754],[126.9902469,35.1076015],[126.990244,35.1076145],[126.9902407,35.1076273],[126.990237,35.1076401],[126.9902327,35.1076526],[126.9902276,35.1076649],[126.9902217,35.1076767],[126.9902149,35.1076883],[126.9902077,35.1076998],[126.9902001,35.1077111],[126.9901767,35.1077447],[126.9901693,35.1077559],[126.9901623,35.1077672],[126.9901561,35.1077786],[126.9901509,35.1077902],[126.9901471,35.107802],[126.9901449,35.1078144],[126.9901443,35.107827],[126.9901448,35.1078398],[126.990146,35.1078527],[126.9901478,35.1078657],[126.9901524,35.1078919],[126.9901688,35.1079709],[126.9901738,35.1079973],[126.9901761,35.1080104],[126.990178,35.1080236],[126.9901796,35.1080368],[126.9901806,35.1080501],[126.9901809,35.1080634],[126.9901807,35.1080767],[126.9901792,35.1081033],[126.9901755,35.1081434],[126.9901596,35.1082902],[126.9901455,35.1084237],[126.9901425,35.1084503],[126.9901389,35.1084769],[126.9901369,35.1084902],[126.9901344,35.1085034],[126.9901316,35.1085165],[126.9901282,35.1085292],[126.9901244,35.1085419],[126.9901159,35.1085672],[126.9901021,35.1086049],[126.9899953,35.1087203],[126.9899853,35.1087451],[126.9899801,35.1087573],[126.9899745,35.1087693],[126.9899685,35.1087811],[126.9899619,35.1087924],[126.9899544,35.1088031],[126.9899457,35.1088131],[126.9899353,35.1088223],[126.9899237,35.1088306],[126.9899112,35.1088384],[126.989898,35.1088457],[126.9898844,35.1088528],[126.9898705,35.1088596],[126.989842,35.1088729],[126.9897702,35.1089055],[126.989742,35.108919],[126.9897284,35.108926],[126.9897151,35.1089334],[126.9897025,35.1089411],[126.9896906,35.1089494],[126.98968,35.1089585],[126.9896709,35.1089684],[126.9896629,35.108979],[126.9896557,35.1089902],[126.9896491,35.1090018],[126.9896429,35.1090137],[126.989637,35.1090258],[126.9896257,35.1090503],[126.989577,35.1091622],[126.989566,35.1091869],[126.9895547,35.1092116],[126.9895428,35.1092359],[126.9895365,35.1092478],[126.9895297,35.1092595],[126.9895223,35.1092709],[126.9895142,35.1092819],[126.9895054,35.1092921],[126.9894958,35.1093019],[126.9894858,35.1093114],[126.9894646,35.1093299],[126.9894215,35.1093661],[126.9894112,35.1093752],[126.9894013,35.1093845],[126.9893922,35.1093939],[126.989384,35.1094036],[126.9893772,35.1094137],[126.9893721,35.1094242],[126.9893692,35.1094353],[126.989368,35.1094467],[126.9893681,35.1094586],[126.989369,35.1094706],[126.9893737,35.109507],[126.989375,35.1095189],[126.9893756,35.1095305],[126.9893751,35.1095417],[126.9893731,35.1095522],[126.9893691,35.109562],[126.9893621,35.1095711],[126.9893529,35.1095792],[126.989342,35.1095867],[126.9893298,35.1095937],[126.9893169,35.1096004],[126.9893033,35.1096068],[126.9892893,35.1096131],[126.9892607,35.1096254],[126.9892316,35.1096376],[126.9891732,35.1096615],[126.989144,35.1096729],[126.9891293,35.1096781],[126.9891146,35.109683],[126.9890998,35.1096873],[126.9890849,35.1096908],[126.9890697,35.1096932],[126.9890549,35.1096941],[126.9890398,35.109694],[126.9890246,35.1096932],[126.9890093,35.1096918],[126.9889939,35.10969],[126.9889478,35.1096837],[126.9889171,35.10968],[126.9889019,35.1096787],[126.9888868,35.1096779],[126.9888718,35.109678],[126.9888571,35.1096792],[126.9888425,35.1096819],[126.9888282,35.1096857],[126.988814,35.1096904],[126.9887999,35.1096957],[126.9887859,35.1097014],[126.9887581,35.1097137],[126.9887304,35.1097266],[126.9886613,35.1097594],[126.9886337,35.1097726],[126.9886065,35.1097861],[126.9885931,35.109793],[126.98858,35.1098001],[126.9885672,35.1098075],[126.9885549,35.1098154],[126.9885433,35.1098238],[126.9885327,35.1098327],[126.9885228,35.1098421],[126.9885134,35.109852],[126.9885044,35.1098621],[126.9884956,35.1098724],[126.9884785,35.1098936],[126.9884539,35.1099259],[126.9884383,35.1099479],[126.9884309,35.109959],[126.9884239,35.1099703],[126.988417,35.1099825],[126.9884105,35.1099948],[126.9883983,35.1100198],[126.9883867,35.1100451],[126.9883135,35.1102099],[126.9882624,35.1103239],[126.9882279,35.1103999],[126.9881812,35.1105014],[126.9881701,35.1105268],[126.9881651,35.1105394],[126.9881605,35.1105519],[126.9881566,35.1105644],[126.9881538,35.1105768],[126.9881525,35.110589],[126.9881532,35.110601],[126.9881563,35.1106124],[126.9881614,35.1106237],[126.988168,35.1106348],[126.9881755,35.1106458],[126.9881839,35.1106567],[126.9881927,35.1106675],[126.988202,35.1106782],[126.9882213,35.1106993],[126.9882313,35.1107097],[126.9882416,35.1107199],[126.9882522,35.1107297],[126.9882633,35.1107392],[126.9882749,35.1107481],[126.9882872,35.1107563],[126.9883,35.1107639],[126.9883133,35.1107711],[126.9883405,35.1107848],[126.9883684,35.1107978],[126.9884244,35.1108236],[126.9884519,35.1108368],[126.9884652,35.1108437],[126.9884782,35.1108509],[126.9884905,35.1108585],[126.9885022,35.1108666],[126.9885127,35.1108755],[126.9885222,35.1108855],[126.9885305,35.1108963],[126.9885381,35.1109076],[126.9885451,35.1109194],[126.9885517,35.1109315],[126.988558,35.1109437],[126.9885701,35.1109686],[126.9886531,35.1111442],[126.9886645,35.1111694],[126.98867,35.111182],[126.9886751,35.1111947],[126.9886799,35.1112074],[126.9886841,35.1112203],[126.9886876,35.1112332],[126.9886905,35.1112463],[126.9886931,35.1112595],[126.9886974,35.1112859],[126.9887064,35.1113525],[126.9887128,35.1114058],[126.988715,35.1114323],[126.9887155,35.1114454],[126.9887154,35.1114585],[126.9887145,35.1114714],[126.9887123,35.1114841],[126.9887088,35.1114962],[126.9887042,35.1115082],[126.9886988,35.11152],[126.9886927,35.1115317],[126.9886862,35.1115434],[126.9886794,35.111555],[126.9886652,35.1115781],[126.9886429,35.1116123],[126.9886272,35.1116346],[126.9886189,35.1116455],[126.9886101,35.1116561],[126.9886008,35.1116663],[126.9885904,35.1116763],[126.9885794,35.1116859],[126.988568,35.1116952],[126.9885442,35.1117133],[126.9885198,35.1117309],[126.9881981,35.1119565],[126.9881613,35.1119827],[126.9881374,35.1120006],[126.9881259,35.1120097],[126.9881149,35.1120192],[126.9881045,35.112029],[126.988095,35.1120393],[126.9880868,35.1120498],[126.9880794,35.1120608],[126.9880726,35.1120722],[126.9880663,35.1120838],[126.9880545,35.1121075],[126.9880212,35.1121799],[126.9880098,35.1122039],[126.9880039,35.1122158],[126.9879978,35.1122276],[126.9879913,35.1122393],[126.9879845,35.1122508],[126.9879769,35.1122623],[126.9879689,35.1122736],[126.9879606,35.1122848],[126.9879521,35.1122959],[126.9879345,35.1123178],[126.9878984,35.1123613],[126.9878345,35.1124372],[126.9878078,35.1124699],[126.9877992,35.1124809],[126.9877911,35.1124919],[126.9877834,35.1125031],[126.9877765,35.1125144],[126.9877706,35.1125259],[126.9877661,35.1125377],[126.9877633,35.11255],[126.9877619,35.1125627],[126.9877615,35.1125756],[126.9877619,35.1125886],[126.9877627,35.1126017],[126.987764,35.1126149],[126.9877671,35.1126414],[126.9877815,35.112748],[126.987792,35.1128278],[126.9878377,35.1131866],[126.9878585,35.1133461],[126.9878632,35.113386],[126.9878656,35.1134125],[126.9878663,35.1134258],[126.9878666,35.113439],[126.9878662,35.1134522],[126.987865,35.1134654],[126.9878632,35.1134785],[126.9878609,35.1134916],[126.9878553,35.1135178],[126.9878491,35.113544],[126.9877932,35.1137663],[126.9877285,35.114028],[126.9877185,35.1140673],[126.9877114,35.1140933],[126.9877034,35.1141191],[126.987694,35.1141446],[126.9876836,35.1141698],[126.9876726,35.1141948],[126.9876668,35.1142072],[126.9876545,35.1142316],[126.9876479,35.1142436],[126.9876407,35.1142553],[126.9876328,35.1142667],[126.9876244,35.1142771],[126.9876154,35.1142872],[126.987606,35.114297],[126.9875961,35.1143067],[126.9875758,35.1143257],[126.9875239,35.1143728],[126.9875038,35.114392],[126.9874942,35.1144018],[126.9874851,35.1144118],[126.9874766,35.1144222],[126.9874688,35.114433],[126.9874616,35.1144442],[126.987455,35.1144557],[126.9874487,35.1144673],[126.9874369,35.1144909],[126.9874191,35.1145292],[126.9873712,35.1146354]]}},{"type":"Feature","properties":{"slot":"mudeungsan_hiking_trail","sourceCode":"291102001","sourceMountainName":"구와산","trailName":"산수동구간","trailLengthKm":"0.02","difficulty":"쉬움","sourceFeatureId":"0","pathIndex":"0"},"geometry":{"type":"LineString","coordinates":[[126.9399279,35.1541904],[126.9399291,35.1542712],[126.9399809,35.1543523],[126.9399969,35.1543784],[126.9400041,35.1543949]]}},{"type":"Feature","properties":{"slot":"mudeungsan_hiking_trail","sourceCode":"291102001","sourceMountainName":"구와산","trailName":"산수동구간","trailLengthKm":"0.03","difficulty":"쉬움","sourceFeatureId":"1","pathIndex":"0"},"geometry":{"type":"LineString","coordinates":[[126.9399093,35.1539664],[126.9399356,35.1540076],[126.939957,35.1540672],[126.93995,35.154117],[126.9399279,35.1541904]]}},{"type":"Feature","properties":{"slot":"mudeungsan_hiking_trail","sourceCode":"291102001","sourceMountainName":"구와산","trailName":"산수동구간","trailLengthKm":"0.04","difficulty":"쉬움","sourceFeatureId":"2","pathIndex":"0"},"geometry":{"type":"LineString","coordinates":[[126.939983,35.1536213],[126.9399623,35.1536525],[126.9399255,35.1536791],[126.9398998,35.1537203],[126.9398897,35.1538093],[126.9398967,35.1538445],[126.9399204,35.153873],[126.939911,35.1539168],[126.9398979,35.1539355],[126.9399093,35.1539664]]}},{"type":"Feature","properties":{"slot":"mudeungsan_hiking_trail","sourceCode":"291102001","sourceMountainName":"구와산","trailName":"지산동구간","trailLengthKm":"0.1","difficulty":"쉬움","sourceFeatureId":"3","pathIndex":"0"},"geometry":{"type":"LineString","coordinates":[[126.9400669,35.1511833],[126.9401089,35.1511758],[126.9401762,35.1511639],[126.9402222,35.151202],[126.9402743,35.151233],[126.940317,35.1512402],[126.9404087,35.1512267],[126.9404873,35.151162],[126.940633,35.150933],[126.9407576,35.1508723],[126.9408318,35.1508619],[126.9409279,35.1508727],[126.9409324,35.1508732]]}},{"type":"Feature","properties":{"slot":"mudeungsan_hiking_trail","sourceCode":"291102001","sourceMountainName":"구와산","trailName":"지산동구간","trailLengthKm":"0.04","difficulty":"쉬움","sourceFeatureId":"4","pathIndex":"0"},"geometry":{"type":"LineString","coordinates":[[126.9398353,35.1509366],[126.9398903,35.15095],[126.9399162,35.1509586],[126.9399239,35.1510054],[126.93995,35.151017],[126.9399566,35.1510613],[126.9399782,35.1510762],[126.9400437,35.1511287],[126.9400669,35.1511833]]}},{"type":"Feature","properties":{"slot":"mudeungsan_hiking_trail","sourceCode":"291102001","sourceMountainName":"구와산","trailName":"산수동구간","trailLengthKm":"0.03","difficulty":"쉬움","sourceFeatureId":"5","pathIndex":"0"},"geometry":{"type":"LineString","coordinates":[[126.9383458,35.1535006],[126.938426,35.1533896],[126.9385124,35.1532816],[126.9385172,35.1532755]]}},{"type":"Feature","properties":{"slot":"mudeungsan_hiking_trail","sourceCode":"291102001","sourceMountainName":"구와산","trailName":"산수동구간","trailLengthKm":"0.24","difficulty":"쉬움","sourceFeatureId":"6","pathIndex":"0"},"geometry":{"type":"LineString","coordinates":[[126.9400041,35.1543949],[126.9400024,35.1545397],[126.9399894,35.15459],[126.9399395,35.154671],[126.9399197,35.1547453],[126.9399261,35.1547855],[126.9399442,35.1548075],[126.940007,35.1548439],[126.9400418,35.1548514],[126.9400725,35.154879],[126.9400768,35.1549329],[126.9399945,35.1550498],[126.93992,35.1551376],[126.9398379,35.1552023],[126.9397787,35.1552289],[126.9396945,35.1552741],[126.9396185,35.1553353],[126.9395816,35.1553954],[126.9395188,35.155476],[126.9394829,35.1555119],[126.9394619,35.1555973],[126.9394354,35.155695],[126.939417,35.155733],[126.9393959,35.1557571],[126.9393114,35.1557801],[126.9389235,35.1557911],[126.9388678,35.1557926],[126.9388285,35.1557849],[126.9387652,35.1557597]]}},{"type":"Feature","properties":{"slot":"mudeungsan_hiking_trail","sourceCode":"291102001","sourceMountainName":"구와산","trailName":"산수동구간","trailLengthKm":"0.06","difficulty":"쉬움","sourceFeatureId":"7","pathIndex":"0"},"geometry":{"type":"LineString","coordinates":[[126.9385172,35.1532755],[126.9385281,35.1532796],[126.9388014,35.1533831],[126.9389274,35.1534427],[126.9390509,35.1534425],[126.9391471,35.1534252]]}},{"type":"Feature","properties":{"slot":"mudeungsan_hiking_trail","sourceCode":"291102001","sourceMountainName":"구와산","trailName":"산수동구간","trailLengthKm":"0.02","difficulty":"쉬움","sourceFeatureId":"8","pathIndex":"0"},"geometry":{"type":"LineString","coordinates":[[126.9391471,35.1534252],[126.9391366,35.1535186],[126.9391289,35.153586]]}},{"type":"Feature","properties":{"slot":"mudeungsan_hiking_trail","sourceCode":"291102001","sourceMountainName":"구와산","trailName":"지산동구간","trailLengthKm":"0.18","difficulty":"쉬움","sourceFeatureId":"9","pathIndex":"0"},"geometry":{"type":"LineString","coordinates":[[126.9386126,35.1500732],[126.938781,35.1500748],[126.9388599,35.1501263],[126.9389939,35.1502428],[126.939217,35.150267],[126.9394361,35.1502884],[126.9394708,35.1502866],[126.9395259,35.1502864],[126.9395887,35.1502804],[126.9396223,35.1503274],[126.939633,35.1504],[126.9396872,35.1504639],[126.9397063,35.1505358],[126.9397154,35.1506137],[126.939717,35.1507],[126.939747,35.1507211],[126.9397734,35.1507556],[126.939785,35.1507903],[126.9397676,35.1508334],[126.939783,35.1509],[126.9398353,35.1509366]]}},{"type":"Feature","properties":{"slot":"mudeungsan_hiking_trail","sourceCode":"291102001","sourceMountainName":"구와산","trailName":"지산동구간","trailLengthKm":"0.28","difficulty":"쉬움","sourceFeatureId":"10","pathIndex":"0"},"geometry":{"type":"LineString","coordinates":[[126.9409324,35.1508732],[126.9409339,35.1508701],[126.9409863,35.1507593],[126.9410203,35.1506879],[126.9410092,35.1506123],[126.94095,35.150517],[126.9408507,35.1504219],[126.9408326,35.1503121],[126.9408918,35.1502611],[126.9409536,35.1502355],[126.9410383,35.150171],[126.941183,35.15015],[126.9413,35.150233],[126.9413776,35.1503202],[126.941467,35.150333],[126.9415232,35.1503352],[126.9415817,35.1503375],[126.9416068,35.1503213],[126.9416234,35.1502973],[126.9416427,35.1502724],[126.9417058,35.1502048],[126.9417538,35.1501659],[126.9417945,35.1501277],[126.9418706,35.1501333],[126.941909,35.150133],[126.941934,35.1501105],[126.9419762,35.1499777],[126.9420272,35.1498877],[126.9420996,35.1498244],[126.9421483,35.149817],[126.9422301,35.1498],[126.9423385,35.1497469],[126.9423844,35.1496835],[126.9425,35.149517]]}},{"type":"Feature","properties":{"slot":"mudeungsan_hiking_trail","sourceCode":"291102001","sourceMountainName":"구와산","trailName":"산수동구간","trailLengthKm":"0.11","difficulty":"쉬움","sourceFeatureId":"11","pathIndex":"0"},"geometry":{"type":"LineString","coordinates":[[126.939983,35.1536213],[126.9401542,35.1536243],[126.9402528,35.1536143],[126.9403981,35.153566],[126.9404462,35.1535691],[126.9404465,35.1535977],[126.9404468,35.1536316],[126.9403538,35.1536974],[126.9402978,35.1537204],[126.940241,35.1537369],[126.9401856,35.1537736],[126.940017,35.1539],[126.9399093,35.1539664]]}},{"type":"Feature","properties":{"slot":"mudeungsan_hiking_trail","sourceCode":"291102001","sourceMountainName":"구와산","trailName":"산수동구간","trailLengthKm":"0.05","difficulty":"쉬움","sourceFeatureId":"12","pathIndex":"0"},"geometry":{"type":"LineString","coordinates":[[126.939483,35.153533],[126.9396183,35.153501],[126.93969,35.1535237],[126.9397531,35.1535493],[126.9398446,35.1536331],[126.939983,35.1536213]]}},{"type":"Feature","properties":{"slot":"mudeungsan_hiking_trail","sourceCode":"291102001","sourceMountainName":"구와산","trailName":"산수동구간","trailLengthKm":"0.03","difficulty":"쉬움","sourceFeatureId":"13","pathIndex":"0"},"geometry":{"type":"LineString","coordinates":[[126.9391471,35.1534252],[126.9393056,35.1534334],[126.939483,35.153533]]}},{"type":"Feature","properties":{"slot":"mudeungsan_hiking_trail","sourceCode":"291102001","sourceMountainName":"구와산","trailName":"산수동구간","trailLengthKm":"0.07","difficulty":"쉬움","sourceFeatureId":"14","pathIndex":"0"},"geometry":{"type":"LineString","coordinates":[[126.9399093,35.1539664],[126.9398717,35.1539412],[126.9396769,35.1538147],[126.93955,35.153767],[126.939483,35.153533]]}},{"type":"Feature","properties":{"slot":"mudeungsan_hiking_trail","sourceCode":"291102001","sourceMountainName":"구와산","trailName":"지산동구간","trailLengthKm":"0.2","difficulty":"쉬움","sourceFeatureId":"15","pathIndex":"0"},"geometry":{"type":"LineString","coordinates":[[126.9400669,35.1511833],[126.940017,35.151333],[126.93985,35.151483],[126.939767,35.151633],[126.939633,35.15175],[126.939483,35.151883],[126.9394373,35.1521578],[126.9394404,35.1521983],[126.9394554,35.1522201],[126.9394614,35.1522481],[126.9394388,35.1522772],[126.9394035,35.1522822],[126.9393737,35.1522907],[126.9393563,35.1523233],[126.9393222,35.1524107],[126.9392486,35.1525147],[126.9391556,35.1526252],[126.939017,35.1527]]}},{"type":"Feature","properties":{"slot":"mudeungsan_hiking_trail","sourceCode":"291102001","sourceMountainName":"구와산","trailName":"산수동구간","trailLengthKm":"0.13","difficulty":"쉬움","sourceFeatureId":"16","pathIndex":"0"},"geometry":{"type":"LineString","coordinates":[[126.9400041,35.1543949],[126.9401895,35.1543073],[126.9403085,35.1542327],[126.940383,35.154217],[126.9406148,35.154057],[126.9407735,35.153991],[126.9408945,35.1539246],[126.94096,35.1538701],[126.9410156,35.1538523],[126.941048,35.1538408],[126.9412402,35.1539119]]}},{"type":"Feature","properties":{"slot":"mudeungsan_hiking_trail","sourceCode":"291102001","sourceMountainName":"구와산","trailName":"산수동구간","trailLengthKm":"0.12","difficulty":"쉬움","sourceFeatureId":"17","pathIndex":"0"},"geometry":{"type":"LineString","coordinates":[[126.9383458,35.1535006],[126.938233,35.153517],[126.9381133,35.1535047],[126.9379758,35.1534905],[126.9377,35.153567],[126.9376024,35.153567],[126.9375198,35.1535861],[126.9374829,35.1536403],[126.9373584,35.1537091],[126.937333,35.153759],[126.9373548,35.1538915]]}},{"type":"Feature","properties":{"slot":"mudeungsan_hiking_trail","sourceCode":"291102001","sourceMountainName":"구와산","trailName":"산수동구간","trailLengthKm":"0.08","difficulty":"쉬움","sourceFeatureId":"18","pathIndex":"0"},"geometry":{"type":"LineString","coordinates":[[126.9391289,35.153586],[126.9389555,35.1536406],[126.9388472,35.1536571],[126.9387568,35.1536526],[126.9386966,35.1536094],[126.938594,35.1535538],[126.9384842,35.1535117],[126.9383458,35.1535006]]}},{"type":"Feature","properties":{"slot":"mudeungsan_hiking_trail","sourceCode":"291102001","sourceMountainName":"구와산","trailName":"산수동구간","trailLengthKm":"0.11","difficulty":"쉬움","sourceFeatureId":"19","pathIndex":"0"},"geometry":{"type":"LineString","coordinates":[[126.9399279,35.1541904],[126.9398725,35.1541751],[126.9398123,35.1541303],[126.939683,35.1541],[126.939629,35.1540816],[126.9396115,35.1540362],[126.9395958,35.1540133],[126.9394766,35.1539813],[126.9394184,35.1539595],[126.9392735,35.1538958],[126.9392068,35.1538472],[126.93916,35.1537837],[126.9391592,35.1537232],[126.9391551,35.1536307],[126.9391289,35.153586]]}},{"type":"Feature","properties":{"slot":"mudeungsan_hiking_trail","sourceCode":"291102001","sourceMountainName":"구와산","trailName":"산수동구간","trailLengthKm":"0.14","difficulty":"쉬움","sourceFeatureId":"20","pathIndex":"0"},"geometry":{"type":"LineString","coordinates":[[126.9410984,35.1537312],[126.940987,35.1536246],[126.9408241,35.1535423],[126.9406299,35.1536788],[126.9405183,35.1537614],[126.940467,35.15385],[126.940283,35.154017],[126.940117,35.154117],[126.9399974,35.1541717],[126.9399279,35.1541904]]}},{"type":"Feature","properties":{"slot":"mudeungsan_hiking_trail","sourceCode":"291102001","sourceMountainName":"구와산","trailName":"지산동구간","trailLengthKm":"0.08","difficulty":"쉬움","sourceFeatureId":"21","pathIndex":"0"},"geometry":{"type":"LineString","coordinates":[[126.9385172,35.1532755],[126.9385217,35.1532731],[126.938533,35.153267],[126.93865,35.153083],[126.9387,35.15285],[126.939017,35.1527]]}},{"type":"Feature","properties":{"slot":"mudeungsan_hiking_trail","sourceCode":"291102001","sourceMountainName":"구와산","trailName":"지산동구간","trailLengthKm":"0.22","difficulty":"쉬움","sourceFeatureId":"22","pathIndex":"0"},"geometry":{"type":"LineString","coordinates":[[126.939017,35.1527],[126.939017,35.1527],[126.9391,35.1525],[126.9392088,35.1522881],[126.9392668,35.1522007],[126.9392407,35.1521502],[126.9392215,35.1521111],[126.9392303,35.1520357],[126.939217,35.151933],[126.9392874,35.1518737],[126.9393498,35.1518213],[126.9394,35.1516],[126.9397,35.151117],[126.9398353,35.1509366]]}},{"type":"Feature","properties":{"slot":"mudeungsan_hiking_trail","sourceCode":"291102001","sourceMountainName":"구와산","trailName":"지산동구간","trailLengthKm":"0.33","difficulty":"쉬움","sourceFeatureId":"23","pathIndex":"0"},"geometry":{"type":"LineString","coordinates":[[126.9409324,35.1508732],[126.9409325,35.1508759],[126.9409338,35.1508999],[126.9409327,35.1509583],[126.9409597,35.1510013],[126.9409901,35.151074],[126.940983,35.151367],[126.9409314,35.1514672],[126.9408886,35.1516231],[126.9408908,35.1518118],[126.940833,35.151933],[126.9407912,35.1519891],[126.940733,35.152067],[126.940683,35.152433],[126.9406,35.152633],[126.9404442,35.152817],[126.9403937,35.1529578],[126.9402156,35.1531353],[126.9401554,35.1532829],[126.9400395,35.1534596],[126.9400385,35.1535178],[126.939983,35.1536213]]}},{"type":"Feature","properties":{"slot":"mudeungsan_hiking_trail","sourceCode":"291701701","sourceMountainName":"군왕봉","trailName":"청풍동구간","trailLengthKm":"0.88","difficulty":"쉬움","sourceFeatureId":"0","pathIndex":"0"},"geometry":{"type":"LineString","coordinates":[[126.9505944,35.1611792],[126.9509095,35.1618344],[126.9509256,35.1620396],[126.9511451,35.1622315],[126.9513685,35.1627144],[126.9521541,35.1634051],[126.9522328,35.1637967],[126.9521016,35.1642923],[126.9521313,35.1650654],[126.9524281,35.1658589],[126.9525867,35.1664799],[126.9525151,35.1667563],[126.9516273,35.1674394],[126.95159,35.1678018],[126.9515403,35.1682788]]}},{"type":"Feature","properties":{"slot":"mudeungsan_hiking_trail","sourceCode":"291701701","sourceMountainName":"군왕봉","trailName":"각화동구간","trailLengthKm":"0.55","difficulty":"쉬움","sourceFeatureId":"1","pathIndex":"0"},"geometry":{"type":"LineString","coordinates":[[126.9495856,35.172068],[126.9497703,35.1722502],[126.9499209,35.1723177],[126.9502572,35.1724242],[126.9508714,35.1726942],[126.9512075,35.1728388],[126.9518324,35.1732329],[126.9519929,35.1735677],[126.9521191,35.1738068],[126.9522329,35.17417],[126.952358,35.1745809],[126.9526349,35.174897],[126.9528893,35.1750891],[126.9531203,35.1753],[126.9532357,35.1754246],[126.9533514,35.1755015],[126.9534906,35.1755403]]}},{"type":"Feature","properties":{"slot":"mudeungsan_hiking_trail","sourceCode":"291701701","sourceMountainName":"군왕봉","trailName":"청풍동구간","trailLengthKm":"0.32","difficulty":"쉬움","sourceFeatureId":"2","pathIndex":"0"},"geometry":{"type":"LineString","coordinates":[[126.9534906,35.1755403],[126.9536441,35.1751784],[126.9539825,35.1749795],[126.9541805,35.1749231],[126.9545526,35.1748866],[126.9549363,35.1748693],[126.9552847,35.1749185],[126.9557031,35.1749109],[126.9560289,35.1748646],[126.9563433,35.1747706],[126.9565179,35.1747332]]}},{"type":"Feature","properties":{"slot":"mudeungsan_hiking_trail","sourceCode":"291701701","sourceMountainName":"군왕봉","trailName":"청풍동구간","trailLengthKm":"0.03","difficulty":"쉬움","sourceFeatureId":"3","pathIndex":"0"},"geometry":{"type":"LineString","coordinates":[[126.9534906,35.1755403],[126.9537098,35.1757894]]}},{"type":"Feature","properties":{"slot":"mudeungsan_hiking_trail","sourceCode":"291701701","sourceMountainName":"군왕봉","trailName":"청풍동구간","trailLengthKm":"0.21","difficulty":"쉬움","sourceFeatureId":"4","pathIndex":"0"},"geometry":{"type":"LineString","coordinates":[[126.9537098,35.1757894],[126.9538145,35.1757708],[126.9539558,35.1754947],[126.954724,35.1753264],[126.9551546,35.1752424],[126.9555038,35.1751772],[126.9557363,35.1751591]]}},{"type":"Feature","properties":{"slot":"mudeungsan_hiking_trail","sourceCode":"291701701","sourceMountainName":"군왕봉","trailName":"각화동구간","trailLengthKm":"0.86","difficulty":"쉬움","sourceFeatureId":"5","pathIndex":"0"},"geometry":{"type":"LineString","coordinates":[[126.9537098,35.1757894],[126.9536968,35.1759897],[126.953521,35.1762084],[126.9533913,35.1764846],[126.9529474,35.1768166],[126.9521148,35.1779198],[126.9514162,35.178098],[126.9501827,35.1783119],[126.9489498,35.1784399],[126.9480521,35.1788462],[126.9476305,35.1793118],[126.9471756,35.1795579],[126.9467212,35.1797085],[126.9463603,35.1797927]]}},{"type":"Feature","properties":{"slot":"mudeungsan_hiking_trail","sourceCode":"291701701","sourceMountainName":"군왕봉","trailName":"각화동구간","trailLengthKm":"0.7","difficulty":"쉬움","sourceFeatureId":"6","pathIndex":"0"},"geometry":{"type":"LineString","coordinates":[[126.9500225,35.1796758],[126.9508492,35.1794505],[126.9519322,35.1791501],[126.952631,35.1789433],[126.9531668,35.1787644],[126.9534352,35.1786129],[126.9537042,35.178366],[126.95422,35.1777099],[126.9545597,35.1773106],[126.9545378,35.1771101],[126.9542622,35.1766126],[126.9540094,35.1761725],[126.9537098,35.1757894]]}},{"type":"Feature","properties":{"slot":"mudeungsan_hiking_trail","sourceCode":"291701701","sourceMountainName":"군왕봉","trailName":"각화동구간","trailLengthKm":"0.99","difficulty":"쉬움","sourceFeatureId":"7","pathIndex":"0"},"geometry":{"type":"LineString","coordinates":[[126.9534906,35.1755403],[126.9532215,35.1758063],[126.9526862,35.1758993],[126.9522916,35.1758212],[126.9516653,35.1756275],[126.9514446,35.1755978],[126.9509449,35.1755956],[126.9504214,35.1756696],[126.9499312,35.1759727],[126.9494062,35.1762662],[126.9491376,35.1764558],[126.9489273,35.1766171],[126.9488797,35.1767791],[126.9486813,35.1769022],[126.948448,35.1770252],[126.9483421,35.1772156],[126.9478262,35.1778717],[126.9477323,35.1780145],[126.9471247,35.1784793],[126.9464228,35.1791536],[126.9460596,35.1795719],[126.9456411,35.179589],[126.9454438,35.17955],[126.9450258,35.1794717]]}},{"type":"Feature","properties":{"slot":"mudeungsan_hiking_trail","sourceCode":"291701701","sourceMountainName":"군왕봉","trailName":"각화동구간","trailLengthKm":"0.71","difficulty":"쉬움","sourceFeatureId":"8","pathIndex":"0"},"geometry":{"type":"LineString","coordinates":[[126.9444683,35.1759955],[126.9447112,35.1761779],[126.94499,35.1761887],[126.945269,35.1761805],[126.9456647,35.1761155],[126.9459903,35.1760788],[126.9462242,35.1758699],[126.9464467,35.1756228],[126.946844,35.1753193],[126.9471242,35.1751297],[126.9474043,35.1749496],[126.947627,35.1746739],[126.947943,35.1743509],[126.9482577,35.1742283],[126.9483631,35.1741047],[126.9485035,35.1739717],[126.9486329,35.1737433],[126.9488672,35.1734581],[126.9490904,35.1731155],[126.9492901,35.1728015],[126.9493725,35.1726396],[126.9494673,35.1723633],[126.9495148,35.1722204],[126.9495856,35.172068]]}},{"type":"Feature","properties":{"slot":"mudeungsan_hiking_trail","sourceCode":"291701701","sourceMountainName":"군왕봉","trailName":"각화동구간","trailLengthKm":"0.2","difficulty":"쉬움","sourceFeatureId":"9","pathIndex":"0"},"geometry":{"type":"LineString","coordinates":[[126.947974,35.1800864],[126.9483104,35.1801834],[126.9487053,35.1802233],[126.9489149,35.1801766],[126.9492063,35.1800538],[126.9497429,35.17977],[126.9500225,35.1796758]]}},{"type":"Feature","properties":{"slot":"mudeungsan_hiking_trail","sourceCode":"291701701","sourceMountainName":"군왕봉","trailName":"청풍동구간","trailLengthKm":"0.48","difficulty":"쉬움","sourceFeatureId":"10","pathIndex":"0"},"geometry":{"type":"LineString","coordinates":[[126.9515403,35.1682788],[126.9513303,35.1683923],[126.9511092,35.1684391],[126.9510508,35.168477],[126.9506753,35.1690192],[126.9506625,35.1692005],[126.9505673,35.1695245],[126.9504144,35.1698006],[126.9502845,35.1700958],[126.9502133,35.1703245],[126.9502586,35.1704965],[126.9503155,35.1706781],[126.9502914,35.170802],[126.950139,35.1709922],[126.9501152,35.171078],[126.9500563,35.1711922],[126.9499392,35.1713253],[126.9497284,35.1715629],[126.9495876,35.1717722],[126.9495856,35.172068]]}},{"type":"Feature","properties":{"slot":"mudeungsan_hiking_trail","sourceCode":"291701701","sourceMountainName":"군왕봉","trailName":"두암동구간","trailLengthKm":"0.5","difficulty":"쉬움","sourceFeatureId":"11","pathIndex":"0"},"geometry":{"type":"LineString","coordinates":[[126.946097,35.1710666],[126.9457077,35.1713593],[126.9455311,35.1715248],[126.9453436,35.1717377],[126.9452534,35.1719477],[126.9451199,35.1722287],[126.9449791,35.1726221],[126.9449105,35.1729652],[126.944831,35.1732136],[126.9447769,35.1733911],[126.9444416,35.17374],[126.9441713,35.1739174],[126.9440667,35.1739883],[126.943991,35.1740948],[126.9438288,35.1741805],[126.9437387,35.1742248],[126.9436306,35.1743253],[126.9434972,35.1744613],[126.9431655,35.1747393]]}},{"type":"Feature","properties":{"slot":"mudeungsan_hiking_trail","sourceCode":"291701701","sourceMountainName":"군왕봉","trailName":"두암동구간","trailLengthKm":"0.38","difficulty":"쉬움","sourceFeatureId":"12","pathIndex":"0"},"geometry":{"type":"LineString","coordinates":[[126.946097,35.1710666],[126.9464861,35.1709573],[126.9467131,35.170913],[126.9469978,35.1708806],[126.9471887,35.170857],[126.9475022,35.170801],[126.9476715,35.1707803],[126.947776,35.1707685],[126.9478192,35.1707833],[126.9479957,35.1708485],[126.9482514,35.1710024],[126.9486583,35.171328],[126.9490328,35.1716033],[126.9492705,35.1717365],[126.9494937,35.1718904],[126.9495856,35.172068]]}},{"type":"Feature","properties":{"slot":"mudeungsan_hiking_trail","sourceCode":"291701701","sourceMountainName":"군왕봉","trailName":"두암동구간","trailLengthKm":"0.64","difficulty":"쉬움","sourceFeatureId":"13","pathIndex":"0"},"geometry":{"type":"LineString","coordinates":[[126.939602,35.1704512],[126.9398578,35.170404],[126.9400379,35.1703804],[126.9401064,35.1703568],[126.9401352,35.170342],[126.9401749,35.1703213],[126.9402361,35.1702917],[126.940301,35.170274],[126.940337,35.1702711],[126.9404019,35.1702711],[126.9404559,35.1702741],[126.9405351,35.170286],[126.9406252,35.1702949],[126.9406684,35.1702949],[126.9407009,35.1702949],[126.9407405,35.1702802],[126.9408522,35.170227],[126.9409387,35.1701826],[126.9409639,35.1701797],[126.9410612,35.1701649],[126.9412485,35.1701887],[126.9417096,35.1703132],[126.9420157,35.1704849],[126.9421993,35.1705412],[126.9423002,35.1705708],[126.9424227,35.1706123],[126.9425703,35.1706922],[126.9427107,35.1707781],[126.9427684,35.1708254],[126.9430888,35.1710238],[126.9433662,35.171157],[126.9436111,35.17124],[126.9439208,35.1713732],[126.9440901,35.1714058],[126.9442198,35.1714148],[126.9445224,35.1714208],[126.944944,35.1713412],[126.9452899,35.1712644],[126.946097,35.1710666]]}},{"type":"Feature","properties":{"slot":"mudeungsan_hiking_trail","sourceCode":"291701701","sourceMountainName":"군왕봉","trailName":"두암동구간","trailLengthKm":"1.49","difficulty":"쉬움","sourceFeatureId":"14","pathIndex":"0"},"geometry":{"type":"LineString","coordinates":[[126.9515403,35.1682788],[126.9509912,35.1678916],[126.9507608,35.1676785],[126.9502997,35.1675659],[126.9497451,35.1673941],[126.9494281,35.1673407],[126.9483834,35.1673935],[126.9478574,35.1674229],[126.9475044,35.1673577],[126.9472522,35.1673398],[126.9469641,35.1672509],[126.9467264,35.1672153],[126.9464454,35.1671975],[126.9462148,35.1671737],[126.9459123,35.1671085],[126.9457466,35.1670137],[126.945545,35.1669072],[126.9454658,35.1668125],[126.945365,35.1666645],[126.9452066,35.166552],[126.9450553,35.1664987],[126.944832,35.1664986],[126.9445726,35.1664275],[126.9445654,35.1663979],[126.9446519,35.1663743],[126.9447312,35.1663507],[126.9447673,35.1662974],[126.9447241,35.1661909],[126.9446233,35.1661376],[126.9445728,35.1661198],[126.9444864,35.1660725],[126.9443928,35.16596],[126.9443785,35.1658654],[126.9444145,35.165818],[126.9445587,35.1657885],[126.9446812,35.1657708],[126.9446956,35.1657176],[126.9446452,35.1656407],[126.9445444,35.1655578],[126.944422,35.1654867],[126.9442923,35.1654098],[126.9441555,35.1653446],[126.943997,35.1652676],[126.9438098,35.1652143],[126.9437089,35.1651965],[126.9435144,35.1652082],[126.9433703,35.1652141],[126.9431902,35.1651844],[126.9430677,35.1651252],[126.9428373,35.164918],[126.9428375,35.1647405],[126.9428087,35.1646636],[126.9427655,35.1645956],[126.9424811,35.164341],[126.9423011,35.1642463],[126.9421858,35.1642285],[126.9421174,35.1642077],[126.9420633,35.1641959],[126.9419913,35.1641958],[126.9419012,35.1642135],[126.9418364,35.1642194],[126.9417716,35.1641987],[126.9416923,35.1641513],[126.9415915,35.1640684],[126.9414871,35.1640299],[126.9414295,35.1640062],[126.940929,35.1636865],[126.9405473,35.1634378],[126.9402988,35.1633934],[126.939935,35.163337],[126.9395352,35.1632806],[126.9393947,35.1632864],[126.9393263,35.1632982],[126.9392578,35.16331],[126.9392218,35.1633366],[126.9392217,35.1633869],[126.9392217,35.1634756],[126.9392288,35.1635437],[126.939254,35.1636324],[126.9393007,35.1637715]]}},{"type":"Feature","properties":{"slot":"mudeungsan_hiking_trail","sourceCode":"291701701","sourceMountainName":"군왕봉","trailName":"각화동구간","trailLengthKm":"0.97","difficulty":"쉬움","sourceFeatureId":"15","pathIndex":"0"},"geometry":{"type":"LineString","coordinates":[[126.9439082,35.1844542],[126.9447369,35.18449],[126.9451621,35.1844962],[126.945717,35.1845556],[126.9461998,35.1845913],[126.9465024,35.1846328],[126.9467186,35.1846152],[126.9469132,35.1845265],[126.9477207,35.1838997],[126.9481317,35.1835568],[126.9484777,35.1834386],[126.9486507,35.1834446],[126.9488308,35.1834269],[126.9490326,35.1834152],[126.9491911,35.1834093],[126.9493137,35.1833325],[126.9493714,35.1832142],[126.9494004,35.1829124],[126.9494006,35.1827113],[126.9494079,35.1824214],[126.9493721,35.1821256],[126.9493866,35.1819777],[126.9494371,35.1818712],[126.949466,35.1818239],[126.9495741,35.1816937],[126.9496246,35.1815873],[126.9496247,35.1814926],[126.9494954,35.1809068],[126.9494738,35.1807412],[126.9495028,35.1805637],[126.9495533,35.1803626],[126.9496688,35.1801437],[126.9497914,35.1799426],[126.9500225,35.1796758]]}},{"type":"Feature","properties":{"slot":"mudeungsan_hiking_trail","sourceCode":"291701801","sourceMountainName":"덕봉","trailName":"화암동구간","trailLengthKm":"0.71","difficulty":"쉬움","sourceFeatureId":"0","pathIndex":"0"},"geometry":{"type":"LineString","coordinates":[[126.9537432,35.1473226],[126.9542087,35.1472102],[126.9543013,35.1472679],[126.9546038,35.147212],[126.9546736,35.1471932],[126.954975,35.14729],[126.9552662,35.1471768],[126.9554057,35.1471774],[126.95565,35.1471308],[126.9557666,35.1470645],[126.9558945,35.147046],[126.9561033,35.1471042],[126.9561963,35.1470951],[126.9562779,35.1470573],[126.9564175,35.1470197],[126.9565925,35.1469155],[126.9568369,35.1468594],[126.9569298,35.1468693],[126.9569993,35.1468887],[126.9571039,35.1468892],[126.9571625,35.1468131],[126.9572675,35.1467468],[126.9574188,35.1467093],[126.9574885,35.1467096],[126.9576171,35.1465861],[126.9577334,35.1465675],[126.9578494,35.1466062],[126.9580235,35.1466356],[126.9582325,35.1466557],[126.9583258,35.1465988],[126.958454,35.1465326],[126.9585825,35.1464377],[126.9587451,35.1464385],[126.9589885,35.146535],[126.9592317,35.146641],[126.9594979,35.1468045],[126.9598223,35.1469491],[126.9601469,35.1470459],[126.9604252,35.1471331],[126.9605876,35.1471815],[126.9608548,35.1471827]]}},{"type":"Feature","properties":{"slot":"mudeungsan_hiking_trail","sourceCode":"291701801","sourceMountainName":"덕봉","trailName":"화암동구간","trailLengthKm":"0.27","difficulty":"쉬움","sourceFeatureId":"1","pathIndex":"0"},"geometry":{"type":"LineString","coordinates":[[126.9608548,35.1471827],[126.9609941,35.1472024],[126.961144,35.1473748],[126.9612124,35.1475755],[126.9610949,35.1477754],[126.9609892,35.1479372],[126.9608951,35.1481181],[126.9608358,35.1482991],[126.9608117,35.1484326],[126.9608924,35.1485189],[126.9609851,35.1485575],[126.9611009,35.1486248],[126.9609839,35.1487483],[126.9609133,35.1488721],[126.9608085,35.1489193],[126.9607152,35.1489666],[126.9605868,35.1490615]]}},{"type":"Feature","properties":{"slot":"mudeungsan_hiking_trail","sourceCode":"291701801","sourceMountainName":"덕봉","trailName":"화암동구간","trailLengthKm":"1.69","difficulty":"쉬움","sourceFeatureId":"2","pathIndex":"0"},"geometry":{"type":"LineString","coordinates":[[126.9608548,35.1471827],[126.960972,35.1470305],[126.9610767,35.1470024],[126.9612862,35.146946],[126.9613909,35.1469274],[126.9614729,35.1468323],[126.9616011,35.1467661],[126.9617404,35.1467858],[126.9619958,35.1468156],[126.9622629,35.1468359],[126.9624489,35.1468271],[126.9626005,35.1467324],[126.962822,35.1466284],[126.9630898,35.1465341],[126.9633112,35.1464397],[126.9635324,35.1463643],[126.9639281,35.1462611],[126.9641379,35.1461571],[126.9646259,35.1461592],[126.9651602,35.1461807],[126.9655427,35.1463255],[126.9655652,35.1464401],[126.965669,35.1465551],[126.9658195,35.1466321],[126.965947,35.1466804],[126.9662723,35.1466913],[126.9665386,35.1468261],[126.9666891,35.1469031],[126.9667928,35.1470467],[126.9669669,35.1470761],[126.9671756,35.1471438],[126.9674187,35.1472785],[126.9677762,35.1476809],[126.9678916,35.1478055],[126.9682037,35.148055],[126.9686542,35.1484577],[126.9687912,35.1488305],[126.9689174,35.1490792],[126.9690209,35.1492514],[126.9691,35.1495858],[126.9691679,35.1498628],[126.9691671,35.1499869],[126.9691187,35.1502921],[126.9689905,35.1503488],[126.9689318,35.1504344],[126.9688034,35.1505292],[126.9688373,35.1506725],[126.9689294,35.1508161],[126.9689858,35.1510645],[126.9689738,35.1511217],[126.9688335,35.1512642],[126.9687154,35.1515595],[126.9687957,35.1517221],[126.9688756,35.1519419],[126.9689443,35.1520949],[126.9691056,35.152296],[126.9693024,35.1524114],[126.9694423,35.1530136],[126.969594,35.1535072],[126.9697145,35.1540766],[126.969585,35.1544908],[126.9695743,35.1548747],[126.9692953,35.1549855],[126.9688778,35.1551771]]}},{"type":"Feature","properties":{"slot":"mudeungsan_hiking_trail","sourceCode":"291701801","sourceMountainName":"덕봉","trailName":"청풍동구간","trailLengthKm":"3.42","difficulty":"쉬움","sourceFeatureId":"3","pathIndex":"0"},"geometry":{"type":"LineString","coordinates":[[126.9688778,35.1551771],[126.9690152,35.155483],[126.9690603,35.1556932],[126.969245,35.1558849],[126.9694535,35.1559812],[126.9696627,35.1559821],[126.9701972,35.1559844],[126.9707782,35.155987],[126.9713114,35.1561802],[126.9715425,35.1563911],[126.9717741,35.1565067],[126.9719586,35.1567365],[126.9720969,35.1569089],[126.9723277,35.157158],[126.972489,35.1573687],[126.9726267,35.1576365],[126.9728322,35.1582099],[126.9729937,35.1583824],[126.973387,35.1586704],[126.9731755,35.1590321],[126.9730574,35.1593179],[126.9730562,35.1595088],[126.9733797,35.1597965],[126.9738904,35.1598941],[126.9741436,35.1602769],[126.9743736,35.1606406],[126.9747449,35.1607376],[126.9752098,35.1607205],[126.9758849,35.1605517],[126.9763731,35.1605347],[126.976907,35.1606325],[126.9773698,35.1609398],[126.9774388,35.1610546],[126.9775313,35.1611314],[126.9777632,35.1612087],[126.9775115,35.1614081],[126.9773706,35.1616365],[126.9771833,35.1618456],[126.9763894,35.1624339],[126.9761675,35.1626047],[126.9761728,35.1635781],[126.9760088,35.1637826],[126.975023,35.1643891],[126.9745849,35.164745],[126.9741774,35.1648578],[126.9736135,35.1648983],[126.9735608,35.1649601],[126.9735141,35.1649981],[126.9734151,35.165031],[126.9732178,35.1649872],[126.9729171,35.164776],[126.9727963,35.1645798],[126.9723623,35.1642964],[126.9722118,35.1642194],[126.972009,35.1641279],[126.9717591,35.1641363],[126.9716666,35.1640596],[126.9714872,35.1639538],[126.9713714,35.1638913],[126.9713019,35.1638528],[126.9709563,35.1633837],[126.9707328,35.1629055],[126.9705833,35.1626663],[126.9703985,35.1624842],[126.9702085,35.1622114],[126.970157,35.1620919],[126.9701165,35.1620678],[126.9700478,35.1619053],[126.9700312,35.1617812],[126.9699278,35.1616042],[126.9697724,35.1613697],[126.9696403,35.1611305],[126.9697286,35.1600669],[126.969736,35.159814],[126.969702,35.1596898],[126.9696216,35.1595368],[126.9695707,35.159317],[126.969606,35.1592552],[126.968851,35.1583166],[126.9683766,35.1580044],[126.9676513,35.1578485],[126.9669252,35.1578358],[126.9665401,35.158087],[126.9665258,35.1584877],[126.9664206,35.1585779],[126.9663969,35.1586494],[126.9663038,35.1586776],[126.965583,35.1587317],[126.9643564,35.158836],[126.9641004,35.1588778],[126.9637455,35.1589526],[126.9633969,35.1589606],[126.9629906,35.1589826]]}},{"type":"Feature","properties":{"slot":"mudeungsan_hiking_trail","sourceCode":"291701801","sourceMountainName":"덕봉","trailName":"화암동구간","trailLengthKm":"0.06","difficulty":"쉬움","sourceFeatureId":"4","pathIndex":"0"},"geometry":{"type":"LineString","coordinates":[[126.9629906,35.1589826],[126.9630257,35.1589494],[126.9629922,35.1587441],[126.9629929,35.1586248],[126.9629644,35.1585483],[126.9629243,35.1584623],[126.9629185,35.1584527]]}},{"type":"Feature","properties":{"slot":"mudeungsan_hiking_trail","sourceCode":"291701801","sourceMountainName":"덕봉","trailName":"화암동구간","trailLengthKm":"0.82","difficulty":"쉬움","sourceFeatureId":"5","pathIndex":"0"},"geometry":{"type":"LineString","coordinates":[[126.9629185,35.1584527],[126.9629021,35.1582952],[126.9628572,35.1580659],[126.9627788,35.1576075],[126.9628391,35.1572738],[126.9630046,35.1568451],[126.9631342,35.1565784],[126.9632875,35.1562451],[126.9633233,35.1561021],[126.9636149,35.1559221],[126.9638958,35.155618],[126.9641053,35.1555616],[126.9644431,35.1554486],[126.9647916,35.1554501],[126.9654191,35.1554529],[126.9657678,35.1554354],[126.9663971,35.1551518],[126.9665484,35.1551143],[126.966897,35.1551159],[126.9670013,35.1551545],[126.9671168,35.15526],[126.9672327,35.1553082],[126.9673723,35.1552897],[126.9675355,35.1552141],[126.9678146,35.1551676],[126.9681517,35.15515],[126.9684771,35.1551514],[126.9687094,35.155162],[126.9688778,35.1551771]]}},{"type":"Feature","properties":{"slot":"mudeungsan_hiking_trail","sourceCode":"291701801","sourceMountainName":"덕봉","trailName":"청풍동구간","trailLengthKm":"1.5","difficulty":"쉬움","sourceFeatureId":"6","pathIndex":"0"},"geometry":{"type":"LineString","coordinates":[[126.9629185,35.1584527],[126.9622812,35.1581827],[126.9621548,35.1579721],[126.9620162,35.1578379],[126.9617831,35.1579419],[126.9615854,35.1579696],[126.9614465,35.1578927],[126.9612151,35.1577389],[126.9611,35.1575666],[126.9610433,35.1573564],[126.9609753,35.1570889],[126.9608824,35.157079],[126.9606719,35.157288],[126.9605651,35.1576311],[126.9604018,35.1577162],[126.960204,35.1577535],[126.9600052,35.1579435],[126.9597025,35.158028],[126.9593192,35.1580168],[126.9589939,35.1580058],[126.9578324,35.1579242],[126.95668,35.1582245],[126.9565743,35.1583958],[126.9563874,35.1585381],[126.9559805,35.1585649],[126.955006,35.1583219],[126.9547742,35.158235],[126.954439,35.1579663],[126.9543591,35.1577464],[126.9543039,35.1573263],[126.9542832,35.1569445],[126.9541679,35.1568103],[126.9541105,35.1566956],[126.9538799,35.1564369],[126.9534981,35.156187],[126.952804,35.1557163],[126.9519801,35.1555599],[126.9508086,35.1552396],[126.950496,35.155076]]}},{"type":"Feature","properties":{"slot":"mudeungsan_hiking_trail","sourceCode":"291701801","sourceMountainName":"덕봉","trailName":"청풍동구간","trailLengthKm":"2.14","difficulty":"쉬움","sourceFeatureId":"7","pathIndex":"0"},"geometry":{"type":"LineString","coordinates":[[126.9629906,35.1589826],[126.963048,35.1590831],[126.9630878,35.1592217],[126.9630282,35.1594552],[126.9629211,35.1598317],[126.9627335,35.1600933],[126.9625698,35.1602357],[126.9623715,35.1603589],[126.9620366,35.1609204],[126.9620182,35.1610683],[126.9620512,35.1613452],[126.9620035,35.1615263],[126.9620078,35.1617553],[126.9619431,35.1618886],[126.9617503,35.1620452],[126.9616103,35.1621305],[126.9614125,35.1621678],[126.9600059,35.1622426],[126.9596285,35.1621933],[126.9590882,35.1621813],[126.9588733,35.1621803],[126.9587335,35.1622322],[126.9585127,35.1622217],[126.9583387,35.1621827],[126.9581648,35.1621247],[126.9579207,35.1621284],[126.9575952,35.1621412],[126.9566542,35.1621036],[126.9563871,35.1620833],[126.956242,35.1620588],[126.9558999,35.1619475],[126.9554242,35.1618309],[126.955233,35.1617489],[126.9548556,35.1617043],[126.9540724,35.1615385],[126.9537241,35.1614844],[126.9534919,35.1614548],[126.9531434,35.1614293],[126.9529868,35.1613905],[126.9529118,35.1613185],[126.952779,35.1611939],[126.9527096,35.1611459],[126.9525994,35.161112],[126.9524776,35.161078],[126.9524425,35.1611112],[126.9524131,35.1611731],[126.9522497,35.1612678],[126.952093,35.1612433],[126.9516861,35.1612748],[126.9515578,35.1613458],[126.9512726,35.1614161],[126.951209,35.1613681],[126.9511047,35.1613295],[126.9509597,35.1612906],[126.9508845,35.1612426],[126.9508265,35.1612185],[126.9507569,35.1611991],[126.9507163,35.1611941],[126.9506235,35.161165],[126.9505945,35.1611649],[126.9499565,35.160995],[126.9491614,35.160853],[126.9486332,35.1607743],[126.9478373,35.1607707],[126.9475995,35.1607028],[126.9474779,35.160645],[126.9470025,35.1604853],[126.9466606,35.1603502],[126.9463939,35.1602631],[126.9460522,35.1601088],[126.9458786,35.1599983],[126.9456118,35.1599302],[126.9452173,35.1598473],[126.94509,35.1597704],[126.9449739,35.159746],[126.9449727,35.1599225],[126.9449765,35.1602279],[126.944928,35.1605188],[126.9449029,35.1607954],[126.9448379,35.1609478],[126.9447734,35.1610477]]}}]}